Considering 000001A9F92E2A00 {0x01a5184e9319 <SharedFunctionInfo pairKey>} for inlining with 000001A9F942D8C8 {0x02d511c2cd11 <FeedbackVector[3]>}
Inlining small function(s) at call site #243:JSCall
Inlining 000001A9F92E2A00 {0x01a5184e9319 <SharedFunctionInfo pairKey>} into 000001A9F92E1F18 {0x01a5184e9079 <SharedFunctionInfo createTermVocabulary>}
Considering 000001A9F92E41D8 {0x01a5184e92d1 <SharedFunctionInfo subsetOf>} for inlining with 000001A9F92E56F8 {0x005e4e700f91 <FeedbackVector[6]>}
Budget used: 0/920 -- 1 candidate(s) for inlining:
- candidate: JSCall node #155 with frequency 80625, has_heapnum_param:0, 1 target(s):
  - target: 000001A9F92E41D8 {0x01a5184e92d1 <SharedFunctionInfo subsetOf>}, bytecode size: 35
Inlining 000001A9F92E41D8 {0x01a5184e92d1 <SharedFunctionInfo subsetOf>} into 000001A9F92E3F28 {0x01a5184e9079 <SharedFunctionInfo createTermVocabulary>}
Considering 000001A9F92E4EF0 {0x02d511c2c689 <SharedFunctionInfo subset>} for inlining with 000001A9F94A5930 {0x005e4e702691 <FeedbackVector[8]>}
Budget used: 0/920 -- 1 candidate(s) for inlining:
- candidate: JSCall node #302 with frequency 58461, has_heapnum_param:0, 1 target(s):
  - target: 000001A9F92E4EF0 {0x02d511c2c689 <SharedFunctionInfo subset>}, bytecode size: 47
Inlining 000001A9F92E4EF0 {0x02d511c2c689 <SharedFunctionInfo subset>} into 000001A9F92E3F38 {0x01a5184e7821 <SharedFunctionInfo installSlot64ResidualPool>}
Considering 000001A9B8B77060 {0x027256ebf4d9 <SharedFunctionInfo mix32>} for inlining with 000001A9B8BEB240 {0x02d511c3e9b1 <FeedbackVector[18]>}
Considering 000001A9B8B77060 {0x027256ebf4d9 <SharedFunctionInfo mix32>} for inlining with 000001A9B8BEB240 {0x02d511c3e9b1 <FeedbackVector[18]>}
Budget used: 0/920 -- 2 candidate(s) for inlining:
- candidate: JSCall node #66 with frequency 57.7778, has_heapnum_param:0, 1 target(s):
  - target: 000001A9B8B77060 {0x027256ebf4d9 <SharedFunctionInfo mix32>}, bytecode size: 88
- candidate: JSCall node #80 with frequency 1, has_heapnum_param:0, 1 target(s):
  - target: 000001A9B8B77060 {0x027256ebf4d9 <SharedFunctionInfo mix32>}, bytecode size: 88
Inlining 000001A9B8B77060 {0x027256ebf4d9 <SharedFunctionInfo mix32>} into 000001A9B8B766D0 {0x027256ebf719 <SharedFunctionInfo foldTermIds>}
Budget used: 88/920 -- 1 candidate(s) for inlining:
- candidate: JSCall node #80 with frequency 1, has_heapnum_param:0, 1 target(s):
  - target: 000001A9B8B77060 {0x027256ebf4d9 <SharedFunctionInfo mix32>}, bytecode size: 88
Inlining 000001A9B8B77060 {0x027256ebf4d9 <SharedFunctionInfo mix32>} into 000001A9B8B766D0 {0x027256ebf719 <SharedFunctionInfo foldTermIds>}
Considering 000001A9B8C51D88 {0x02d511c2b319 <SharedFunctionInfo assertClassId>} for inlining with 000001A9B8C15F00 {0x02dc5b63f7e1 <FeedbackVector[12]>}
Budget used: 0/920 -- 1 candidate(s) for inlining:
- candidate: JSCall node #28 with frequency 0.985915, has_heapnum_param:0, 1 target(s):
  - target: 000001A9B8C51D88 {0x02d511c2b319 <SharedFunctionInfo assertClassId>}, bytecode size: 76
Inlining 000001A9B8C51D88 {0x02d511c2b319 <SharedFunctionInfo assertClassId>} into 000001A9B8C51B68 {0x02d511c2baf1 <SharedFunctionInfo slot64WriteTermIds>}
Considering 000001A9B8C55DB0 {0x02d511c2b319 <SharedFunctionInfo assertClassId>} for inlining with 000001A9F94FF728 {0x02dc5b63f7e1 <FeedbackVector[12]>}
Considering 000001A9B8C56388 {0x02d511c2b3a9 <SharedFunctionInfo assertCellBits>} for inlining with 000001A9F94FF788 {0x01c2eb144941 <FeedbackVector[13]>}
Considering 000001A9B8C56460 {0x02d511c2b679 <SharedFunctionInfo cacheGet>} for inlining with 000001A9F94FF838 {0x03748003d8a1 <FeedbackVector[21]>}
Cannot consider 000001A9F96BE3D0 {0x02a17bc491e1 <FeedbackCell[many closures]>} for inlining (no feedback vector)
Cannot consider 000001A9F94FF4C8 {0x02d511c2b631 <SharedFunctionInfo internBits>} for inlining (reason: exceeds bytecode limit)
Considering 000001A9F94FF590 {0x02d511c2b6c1 <SharedFunctionInfo cacheSet>} for inlining with 000001A9F9279F40 {0x03748003d979 <FeedbackVector[22]>}
Budget used: 0/920 -- 4 candidate(s) for inlining:
- candidate: JSCall node #21 with frequency 0.982759, has_heapnum_param:0, 1 target(s):
  - target: 000001A9B8C55DB0 {0x02d511c2b319 <SharedFunctionInfo assertClassId>}, bytecode size: 76
- candidate: JSCall node #1121 with frequency 1, has_heapnum_param:0, 1 target(s):
  - target: 000001A9F94FF590 {0x02d511c2b6c1 <SharedFunctionInfo cacheSet>}, bytecode size: 122
- candidate: JSCall node #45 with frequency 0.982759, has_heapnum_param:0, 1 target(s):
  - target: 000001A9B8C56460 {0x02d511c2b679 <SharedFunctionInfo cacheGet>}, bytecode size: 143
- candidate: JSCall node #27 with frequency 0.982759, has_heapnum_param:0, 1 target(s):
  - target: 000001A9B8C56388 {0x02d511c2b3a9 <SharedFunctionInfo assertCellBits>}, bytecode size: 101, existing opt code's inlined bytecode size: 186
Inlining 000001A9B8C55DB0 {0x02d511c2b319 <SharedFunctionInfo assertClassId>} into 000001A9B8C55B90 {0x02d511c2bbc9 <SharedFunctionInfo ownTransitionSlot64>}
Budget used: 76/920 -- 3 candidate(s) for inlining:
- candidate: JSCall node #1121 with frequency 1, has_heapnum_param:0, 1 target(s):
  - target: 000001A9F94FF590 {0x02d511c2b6c1 <SharedFunctionInfo cacheSet>}, bytecode size: 122
- candidate: JSCall node #45 with frequency 0.982759, has_heapnum_param:0, 1 target(s):
  - target: 000001A9B8C56460 {0x02d511c2b679 <SharedFunctionInfo cacheGet>}, bytecode size: 143
- candidate: JSCall node #27 with frequency 0.982759, has_heapnum_param:0, 1 target(s):
  - target: 000001A9B8C56388 {0x02d511c2b3a9 <SharedFunctionInfo assertCellBits>}, bytecode size: 101, existing opt code's inlined bytecode size: 186
Inlining 000001A9F94FF590 {0x02d511c2b6c1 <SharedFunctionInfo cacheSet>} into 000001A9B8C55B90 {0x02d511c2bbc9 <SharedFunctionInfo ownTransitionSlot64>}
Budget used: 198/920 -- 2 candidate(s) for inlining:
- candidate: JSCall node #45 with frequency 0.982759, has_heapnum_param:0, 1 target(s):
  - target: 000001A9B8C56460 {0x02d511c2b679 <SharedFunctionInfo cacheGet>}, bytecode size: 143
- candidate: JSCall node #27 with frequency 0.982759, has_heapnum_param:0, 1 target(s):
  - target: 000001A9B8C56388 {0x02d511c2b3a9 <SharedFunctionInfo assertCellBits>}, bytecode size: 101, existing opt code's inlined bytecode size: 186
Inlining 000001A9B8C56460 {0x02d511c2b679 <SharedFunctionInfo cacheGet>} into 000001A9B8C55B90 {0x02d511c2bbc9 <SharedFunctionInfo ownTransitionSlot64>}
Budget used: 341/920 -- 1 candidate(s) for inlining:
- candidate: JSCall node #27 with frequency 0.982759, has_heapnum_param:0, 1 target(s):
  - target: 000001A9B8C56388 {0x02d511c2b3a9 <SharedFunctionInfo assertCellBits>}, bytecode size: 101, existing opt code's inlined bytecode size: 186
Inlining 000001A9B8C56388 {0x02d511c2b3a9 <SharedFunctionInfo assertCellBits>} into 000001A9B8C55B90 {0x02d511c2bbc9 <SharedFunctionInfo ownTransitionSlot64>}
Considering 000001A9F927B2E0 {0x02d511c2b361 <SharedFunctionInfo assertCell>} for inlining with 000001A9F927B570 {0x03748003d781 <FeedbackVector[14]>}
Considering 000001A9F927B3A8 {0x01a5184e7979 <SharedFunctionInfo assertMask>} for inlining with 000001A9F927B5D0 {0x03748003d821 <FeedbackVector[10]>}
Considering 000001A9F927B3A8 {0x01a5184e7979 <SharedFunctionInfo assertMask>} for inlining with 000001A9F927B5D0 {0x03748003d821 <FeedbackVector[10]>}
Budget used: 442/920 -- 3 candidate(s) for inlining:
- candidate: JSCall node #1709 with frequency 0.980408, has_heapnum_param:0, 1 target(s):
  - target: 000001A9F927B3A8 {0x01a5184e7979 <SharedFunctionInfo assertMask>}, bytecode size: 50
- candidate: JSCall node #1703 with frequency 0.980408, has_heapnum_param:0, 1 target(s):
  - target: 000001A9F927B3A8 {0x01a5184e7979 <SharedFunctionInfo assertMask>}, bytecode size: 50
- candidate: JSCall node #1696 with frequency 0.980408, has_heapnum_param:0, 1 target(s):
  - target: 000001A9F927B2E0 {0x02d511c2b361 <SharedFunctionInfo assertCell>}, bytecode size: 86
Inlining 000001A9F927B3A8 {0x01a5184e7979 <SharedFunctionInfo assertMask>} into 000001A9B8C55B90 {0x02d511c2bbc9 <SharedFunctionInfo ownTransitionSlot64>}
Budget used: 492/920 -- 2 candidate(s) for inlining:
- candidate: JSCall node #1703 with frequency 0.980408, has_heapnum_param:0, 1 target(s):
  - target: 000001A9F927B3A8 {0x01a5184e7979 <SharedFunctionInfo assertMask>}, bytecode size: 50
- candidate: JSCall node #1696 with frequency 0.980408, has_heapnum_param:0, 1 target(s):
  - target: 000001A9F927B2E0 {0x02d511c2b361 <SharedFunctionInfo assertCell>}, bytecode size: 86
Inlining 000001A9F927B3A8 {0x01a5184e7979 <SharedFunctionInfo assertMask>} into 000001A9B8C55B90 {0x02d511c2bbc9 <SharedFunctionInfo ownTransitionSlot64>}
Budget used: 542/920 -- 1 candidate(s) for inlining:
- candidate: JSCall node #1696 with frequency 0.980408, has_heapnum_param:0, 1 target(s):
  - target: 000001A9F927B2E0 {0x02d511c2b361 <SharedFunctionInfo assertCell>}, bytecode size: 86
Inlining 000001A9F927B2E0 {0x02d511c2b361 <SharedFunctionInfo assertCell>} into 000001A9B8C55B90 {0x02d511c2bbc9 <SharedFunctionInfo ownTransitionSlot64>}
Considering 000001A9B8C51D80 {0x02d511c2b3f1 <SharedFunctionInfo assertBits>} for inlining with 000001A9F9443A98 {0x03748003cc11 <FeedbackVector[10]>}
Considering 000001A9B8C52378 {0x01a5184e7a99 <SharedFunctionInfo popcount32>} for inlining with 000001A9F9443CF0 {0x0262a6ea0101 <FeedbackVector[13]>}
Budget used: 0/920 -- 2 candidate(s) for inlining:
- candidate: JSCall node #70 with frequency 20.027, has_heapnum_param:0, 1 target(s):
  - target: 000001A9B8C52378 {0x01a5184e7a99 <SharedFunctionInfo popcount32>}, bytecode size: 86
- candidate: JSCall node #19 with frequency 0.994595, has_heapnum_param:0, 1 target(s):
  - target: 000001A9B8C51D80 {0x02d511c2b3f1 <SharedFunctionInfo assertBits>}, bytecode size: 55
Inlining 000001A9B8C52378 {0x01a5184e7a99 <SharedFunctionInfo popcount32>} into 000001A9B8C51B60 {0x02d511c2b5e9 <SharedFunctionInfo computeClassMetadata>}
Budget used: 86/920 -- 1 candidate(s) for inlining:
- candidate: JSCall node #19 with frequency 0.994595, has_heapnum_param:0, 1 target(s):
  - target: 000001A9B8C51D80 {0x02d511c2b3f1 <SharedFunctionInfo assertBits>}, bytecode size: 55
Inlining 000001A9B8C51D80 {0x02d511c2b3f1 <SharedFunctionInfo assertBits>} into 000001A9B8C51B60 {0x02d511c2b5e9 <SharedFunctionInfo computeClassMetadata>}
Considering 000001A9B8C5BDC8 {0x01a5184e5841 <SharedFunctionInfo #assertState>} for inlining with 000001A9B8C5D418 {0x02dc5b63ff29 <FeedbackVector[12]>}
Budget used: 0/920 -- 1 candidate(s) for inlining:
- candidate: JSCall node #25 with frequency 0.998182, has_heapnum_param:0, 1 target(s):
  - target: 000001A9B8C5BDC8 {0x01a5184e5841 <SharedFunctionInfo #assertState>}, bytecode size: 50
Inlining 000001A9B8C5BDC8 {0x01a5184e5841 <SharedFunctionInfo #assertState>} into 000001A9B8C5BBA8 {0x02d511c28139 <SharedFunctionInfo supportAt>}
Considering 000001A9B8C4E3C0 {0x01a5184e7ae1 <SharedFunctionInfo referenceTypeFor>} for inlining with 000001A9F94A4DC8 {0x0262a6ea0809 <FeedbackVector[17]>}
Cannot consider 000001A9B8C4DD80 {0x02a17bc491e1 <FeedbackCell[many closures]>} for inlining (no feedback vector)
Budget used: 0/920 -- 1 candidate(s) for inlining:
- candidate: JSCall node #90 with frequency 0.99967, has_heapnum_param:0, 1 target(s):
  - target: 000001A9B8C4E3C0 {0x01a5184e7ae1 <SharedFunctionInfo referenceTypeFor>}, bytecode size: 95
Inlining 000001A9B8C4E3C0 {0x01a5184e7ae1 <SharedFunctionInfo referenceTypeFor>} into 000001A9B8C4DB40 {0x02d511c2b439 <SharedFunctionInfo ensureReferenceWidth>}
Considering 000001A9B8C57FB8 {0x01a5184dd5d1 <SharedFunctionInfo assertSupportIndex>} for inlining with 000001A9B8C58558 {0x02d511c2e351 <FeedbackVector[12]>}
Budget used: 0/920 -- 1 candidate(s) for inlining:
- candidate: JSCall node #29 with frequency 0.99812, has_heapnum_param:0, 1 target(s):
  - target: 000001A9B8C57FB8 {0x01a5184dd5d1 <SharedFunctionInfo assertSupportIndex>}, bytecode size: 71
Inlining 000001A9B8C57FB8 {0x01a5184dd5d1 <SharedFunctionInfo assertSupportIndex>} into 000001A9B8C57B88 {0x01a5184faab1 <SharedFunctionInfo rankAt>}
Considering 000001A9B8C543F8 {0x01a5184e7a09 <SharedFunctionInfo mix32>} for inlining with 000001A9F94A2FF8 {0x0262a6e9f571 <FeedbackVector[18]>}
Budget used: 0/920 -- 1 candidate(s) for inlining:
- candidate: JSCall node #35 with frequency 0.998425, has_heapnum_param:0, 1 target(s):
  - target: 000001A9B8C543F8 {0x01a5184e7a09 <SharedFunctionInfo mix32>}, bytecode size: 88
Inlining 000001A9B8C543F8 {0x01a5184e7a09 <SharedFunctionInfo mix32>} into 000001A9B8C53B70 {0x01a5184e7a51 <SharedFunctionInfo hashWords2>}
Considering 000001A9B8C4FF80 {0x01a5184dd5d1 <SharedFunctionInfo assertSupportIndex>} for inlining with 000001A9B8C51078 {0x02d511c2e351 <FeedbackVector[12]>}
Considering 000001A9B8C50368 {0x01a5184dd619 <SharedFunctionInfo assertSupportColumn>} for inlining with 000001A9B8C510E8 {0x02d511c2e7c1 <FeedbackVector[12]>}
Budget used: 0/920 -- 2 candidate(s) for inlining:
- candidate: JSCall node #46 with frequency 0.998201, has_heapnum_param:0, 1 target(s):
  - target: 000001A9B8C50368 {0x01a5184dd619 <SharedFunctionInfo assertSupportColumn>}, bytecode size: 71
- candidate: JSCall node #30 with frequency 0.998201, has_heapnum_param:0, 1 target(s):
  - target: 000001A9B8C4FF80 {0x01a5184dd5d1 <SharedFunctionInfo assertSupportIndex>}, bytecode size: 71
Inlining 000001A9B8C50368 {0x01a5184dd619 <SharedFunctionInfo assertSupportColumn>} into 000001A9B8C4FB50 {0x01a5184faaf9 <SharedFunctionInfo landingAt>}
Budget used: 71/920 -- 1 candidate(s) for inlining:
- candidate: JSCall node #30 with frequency 0.998201, has_heapnum_param:0, 1 target(s):
  - target: 000001A9B8C4FF80 {0x01a5184dd5d1 <SharedFunctionInfo assertSupportIndex>}, bytecode size: 71
Inlining 000001A9B8C4FF80 {0x01a5184dd5d1 <SharedFunctionInfo assertSupportIndex>} into 000001A9B8C4FB50 {0x01a5184faaf9 <SharedFunctionInfo landingAt>}
Considering 000001A9B8C4DD60 {0x02d511c2b319 <SharedFunctionInfo assertClassId>} for inlining with 000001A9B8C4E4B0 {0x02dc5b63f7e1 <FeedbackVector[12]>}
Budget used: 0/920 -- 1 candidate(s) for inlining:
- candidate: JSCall node #19 with frequency 0.998134, has_heapnum_param:0, 1 target(s):
  - target: 000001A9B8C4DD60 {0x02d511c2b319 <SharedFunctionInfo assertClassId>}, bytecode size: 76
Inlining 000001A9B8C4DD60 {0x02d511c2b319 <SharedFunctionInfo assertClassId>} into 000001A9B8C4DB40 {0x02d511c2ba21 <SharedFunctionInfo pool.singletonWord>}
Considering 000001A9F94A30A8 {0x02d511c2b799 <SharedFunctionInfo get>} for inlining with 000001A9F94A3230 {0x01c2eb1665c9 <FeedbackVector[0]>}
Inlining small function(s) at call site #117:JSCall
Inlining 000001A9F94A30A8 {0x02d511c2b799 <SharedFunctionInfo get>} into 000001A9B8C4FB48 {0x0262a6eadfe1 <SharedFunctionInfo assertClassId>}
Considering 000001A9B8C57DC0 {0x02d511c2b319 <SharedFunctionInfo assertClassId>} for inlining with 000001A9B8C25660 {0x02dc5b63f7e1 <FeedbackVector[12]>}
Considering 000001A9B8C58398 {0x02d511c2b3a9 <SharedFunctionInfo assertCellBits>} for inlining with 000001A9B8C256C0 {0x01c2eb144941 <FeedbackVector[13]>}
Considering 000001A9B8C5BDD0 {0x01a5184e5841 <SharedFunctionInfo #assertState>} for inlining with 000001A9F9434BB0 {0x02dc5b63ff29 <FeedbackVector[12]>}
Considering 000001A9B8C58470 {0x02d511c2b679 <SharedFunctionInfo cacheGet>} for inlining with 000001A9B8C25770 {0x03748003d8a1 <FeedbackVector[21]>}
Budget used: 0/920 -- 1 candidate(s) for inlining:
- candidate: JSCall node #26 with frequency 0.998679, has_heapnum_param:0, 1 target(s):
  - target: 000001A9B8C5BDD0 {0x01a5184e5841 <SharedFunctionInfo #assertState>}, bytecode size: 50
Inlining 000001A9B8C5BDD0 {0x01a5184e5841 <SharedFunctionInfo #assertState>} into 000001A9B8C5BBB0 {0x02d511c28379 <SharedFunctionInfo writeStateParts>}
Cannot consider 000001A9F9515940 {0x02a17bc491e1 <FeedbackCell[many closures]>} for inlining (no feedback vector)
Considering 000001A9F9517778 {0x02d511c2b6c1 <SharedFunctionInfo cacheSet>} for inlining with 000001A9F98483C8 {0x03748003d979 <FeedbackVector[22]>}
Cannot consider 000001A9B8C25480 {0x02d511c2b631 <SharedFunctionInfo internBits>} for inlining (reason: exceeds bytecode limit)
Considering 000001A9F9517778 {0x02d511c2b6c1 <SharedFunctionInfo cacheSet>} for inlining with 000001A9F98483C8 {0x03748003d979 <FeedbackVector[22]>}
Budget used: 0/920 -- 4 candidate(s) for inlining:
- candidate: JSCall node #21 with frequency 0.997253, has_heapnum_param:0, 1 target(s):
  - target: 000001A9B8C57DC0 {0x02d511c2b319 <SharedFunctionInfo assertClassId>}, bytecode size: 76
- candidate: JSCall node #1128 with frequency 1.00275, has_heapnum_param:0, 1 target(s):
  - target: 000001A9F9517778 {0x02d511c2b6c1 <SharedFunctionInfo cacheSet>}, bytecode size: 122
- candidate: JSCall node #45 with frequency 0.997253, has_heapnum_param:0, 1 target(s):
  - target: 000001A9B8C58470 {0x02d511c2b679 <SharedFunctionInfo cacheGet>}, bytecode size: 143
- candidate: JSCall node #27 with frequency 0.997253, has_heapnum_param:0, 1 target(s):
  - target: 000001A9B8C58398 {0x02d511c2b3a9 <SharedFunctionInfo assertCellBits>}, bytecode size: 101, existing opt code's inlined bytecode size: 186
Inlining 000001A9B8C57DC0 {0x02d511c2b319 <SharedFunctionInfo assertClassId>} into 000001A9B8C57BA0 {0x02d511c2bbc9 <SharedFunctionInfo ownTransitionSlot64>}
Budget used: 76/920 -- 3 candidate(s) for inlining:
- candidate: JSCall node #1128 with frequency 1.00275, has_heapnum_param:0, 1 target(s):
  - target: 000001A9F9517778 {0x02d511c2b6c1 <SharedFunctionInfo cacheSet>}, bytecode size: 122
- candidate: JSCall node #45 with frequency 0.997253, has_heapnum_param:0, 1 target(s):
  - target: 000001A9B8C58470 {0x02d511c2b679 <SharedFunctionInfo cacheGet>}, bytecode size: 143
- candidate: JSCall node #27 with frequency 0.997253, has_heapnum_param:0, 1 target(s):
  - target: 000001A9B8C58398 {0x02d511c2b3a9 <SharedFunctionInfo assertCellBits>}, bytecode size: 101, existing opt code's inlined bytecode size: 186
Inlining 000001A9F9517778 {0x02d511c2b6c1 <SharedFunctionInfo cacheSet>} into 000001A9B8C57BA0 {0x02d511c2bbc9 <SharedFunctionInfo ownTransitionSlot64>}
Budget used: 198/920 -- 2 candidate(s) for inlining:
- candidate: JSCall node #45 with frequency 0.997253, has_heapnum_param:0, 1 target(s):
  - target: 000001A9B8C58470 {0x02d511c2b679 <SharedFunctionInfo cacheGet>}, bytecode size: 143
- candidate: JSCall node #27 with frequency 0.997253, has_heapnum_param:0, 1 target(s):
  - target: 000001A9B8C58398 {0x02d511c2b3a9 <SharedFunctionInfo assertCellBits>}, bytecode size: 101, existing opt code's inlined bytecode size: 186
Inlining 000001A9B8C58470 {0x02d511c2b679 <SharedFunctionInfo cacheGet>} into 000001A9B8C57BA0 {0x02d511c2bbc9 <SharedFunctionInfo ownTransitionSlot64>}
Budget used: 341/920 -- 1 candidate(s) for inlining:
- candidate: JSCall node #27 with frequency 0.997253, has_heapnum_param:0, 1 target(s):
  - target: 000001A9B8C58398 {0x02d511c2b3a9 <SharedFunctionInfo assertCellBits>}, bytecode size: 101, existing opt code's inlined bytecode size: 186
Inlining 000001A9B8C58398 {0x02d511c2b3a9 <SharedFunctionInfo assertCellBits>} into 000001A9B8C57BA0 {0x02d511c2bbc9 <SharedFunctionInfo ownTransitionSlot64>}
Considering 000001A9F984C368 {0x02d511c2b361 <SharedFunctionInfo assertCell>} for inlining with 000001A9F984C5F8 {0x03748003d781 <FeedbackVector[14]>}
Considering 000001A9F984C430 {0x01a5184e7979 <SharedFunctionInfo assertMask>} for inlining with 000001A9F984C658 {0x03748003d821 <FeedbackVector[10]>}
Considering 000001A9F984C430 {0x01a5184e7979 <SharedFunctionInfo assertMask>} for inlining with 000001A9F984C658 {0x03748003d821 <FeedbackVector[10]>}
Budget used: 442/920 -- 3 candidate(s) for inlining:
- candidate: JSCall node #1746 with frequency 0.994867, has_heapnum_param:0, 1 target(s):
  - target: 000001A9F984C430 {0x01a5184e7979 <SharedFunctionInfo assertMask>}, bytecode size: 50
- candidate: JSCall node #1740 with frequency 0.994867, has_heapnum_param:0, 1 target(s):
  - target: 000001A9F984C430 {0x01a5184e7979 <SharedFunctionInfo assertMask>}, bytecode size: 50
- candidate: JSCall node #1733 with frequency 0.994867, has_heapnum_param:0, 1 target(s):
  - target: 000001A9F984C368 {0x02d511c2b361 <SharedFunctionInfo assertCell>}, bytecode size: 86
Inlining 000001A9F984C430 {0x01a5184e7979 <SharedFunctionInfo assertMask>} into 000001A9B8C57BA0 {0x02d511c2bbc9 <SharedFunctionInfo ownTransitionSlot64>}
Budget used: 492/920 -- 2 candidate(s) for inlining:
- candidate: JSCall node #1740 with frequency 0.994867, has_heapnum_param:0, 1 target(s):
  - target: 000001A9F984C430 {0x01a5184e7979 <SharedFunctionInfo assertMask>}, bytecode size: 50
- candidate: JSCall node #1733 with frequency 0.994867, has_heapnum_param:0, 1 target(s):
  - target: 000001A9F984C368 {0x02d511c2b361 <SharedFunctionInfo assertCell>}, bytecode size: 86
Inlining 000001A9F984C430 {0x01a5184e7979 <SharedFunctionInfo assertMask>} into 000001A9B8C57BA0 {0x02d511c2bbc9 <SharedFunctionInfo ownTransitionSlot64>}
Budget used: 542/920 -- 1 candidate(s) for inlining:
- candidate: JSCall node #1733 with frequency 0.994867, has_heapnum_param:0, 1 target(s):
  - target: 000001A9F984C368 {0x02d511c2b361 <SharedFunctionInfo assertCell>}, bytecode size: 86
Inlining 000001A9F984C368 {0x02d511c2b361 <SharedFunctionInfo assertCell>} into 000001A9B8C57BA0 {0x02d511c2bbc9 <SharedFunctionInfo ownTransitionSlot64>}
Considering 000001A9B8C4DD60 {0x02d511c2b3f1 <SharedFunctionInfo assertBits>} for inlining with 000001A9F94624A8 {0x03748003cc11 <FeedbackVector[10]>}
Considering 000001A9B8C4E338 {0x02d511c2b319 <SharedFunctionInfo assertClassId>} for inlining with 000001A9F9462508 {0x02dc5b63f7e1 <FeedbackVector[12]>}
Considering 000001A9B8C4F048 {0x01a5184e7d69 <SharedFunctionInfo intern>} for inlining with 000001A9F9464468 {0x0262a6e9f779 <FeedbackVector[130]>}
Considering 000001A9F9460690 {0x01a5184e7a09 <SharedFunctionInfo mix32>} for inlining with 000001A9B8BA7038 {0x0262a6e9f571 <FeedbackVector[18]>}
Considering 000001A9F9460690 {0x01a5184e7a09 <SharedFunctionInfo mix32>} for inlining with 000001A9B8BA7038 {0x0262a6e9f571 <FeedbackVector[18]>}
Considering 000001A9F9460A88 {0x02d511c2b4c9 <SharedFunctionInfo classEquals>} for inlining with 000001A9B8BAB9D8 {0x01c2eb146411 <FeedbackVector[20]>}
Considering 000001A9F9461858 {0x02d511c2b439 <SharedFunctionInfo ensureReferenceWidth>} for inlining with 000001A9B8BABF68 {0x0262a6ea08c1 <FeedbackVector[34]>}
Considering 000001A9F9462190 {0x02d511c2b481 <SharedFunctionInfo ensureClassCapacity>} for inlining with 000001A9B8BABFC8 {0x01c2eb145301 <FeedbackVector[73]>}
Considering 000001A9F9462290 {0x02d511c2b5e9 <SharedFunctionInfo computeClassMetadata>} for inlining with 000001A9B8BAC6D0 {0x0262a6ea0199 <FeedbackVector[58]>}
Budget used: 0/920 -- 9 candidate(s) for inlining:
- candidate: JSCall node #373 with frequency 4.30519, has_heapnum_param:1, 1 target(s):
  - target: 000001A9F9460690 {0x01a5184e7a09 <SharedFunctionInfo mix32>}, bytecode size: 88
- candidate: JSCall node #386 with frequency 4.29654, has_heapnum_param:1, 1 target(s):
  - target: 000001A9F9460690 {0x01a5184e7a09 <SharedFunctionInfo mix32>}, bytecode size: 88
- candidate: JSCall node #651 with frequency 7.87879, has_heapnum_param:0, 1 target(s):
  - target: 000001A9F9461858 {0x02d511c2b439 <SharedFunctionInfo ensureReferenceWidth>}, bytecode size: 164, existing opt code's inlined bytecode size: 95
- candidate: JSCall node #27 with frequency 0.997836, has_heapnum_param:0, 1 target(s):
  - target: 000001A9B8C4DD60 {0x02d511c2b3f1 <SharedFunctionInfo assertBits>}, bytecode size: 55
- candidate: JSCall node #40 with frequency 0.997836, has_heapnum_param:0, 1 target(s):
  - target: 000001A9B8C4E338 {0x02d511c2b319 <SharedFunctionInfo assertClassId>}, bytecode size: 76
- candidate: JSCall node #335 with frequency 4.30519, has_heapnum_param:0, 1 target(s):
  - target: 000001A9B8C4F048 {0x01a5184e7d69 <SharedFunctionInfo intern>}, bytecode size: 457, existing opt code's inlined bytecode size: 81
- candidate: JSCall node #666 with frequency 0.787879, has_heapnum_param:0, 1 target(s):
  - target: 000001A9F9462190 {0x02d511c2b481 <SharedFunctionInfo ensureClassCapacity>}, bytecode size: 347
- candidate: JSCall node #752 with frequency 0.787879, has_heapnum_param:0, 1 target(s):
  - target: 000001A9F9462290 {0x02d511c2b5e9 <SharedFunctionInfo computeClassMetadata>}, bytecode size: 311, existing opt code's inlined bytecode size: 141
- candidate: JSCall node #555 with frequency 0.214286, has_heapnum_param:0, 1 target(s):
  - target: 000001A9F9460A88 {0x02d511c2b4c9 <SharedFunctionInfo classEquals>}, bytecode size: 114, existing opt code's inlined bytecode size: 76
Inlining 000001A9F9460690 {0x01a5184e7a09 <SharedFunctionInfo mix32>} into 000001A9B8C4DB40 {0x02d511c2b631 <SharedFunctionInfo internBits>}
Budget used: 88/920 -- 8 candidate(s) for inlining:
- candidate: JSCall node #386 with frequency 4.29654, has_heapnum_param:1, 1 target(s):
  - target: 000001A9F9460690 {0x01a5184e7a09 <SharedFunctionInfo mix32>}, bytecode size: 88
- candidate: JSCall node #651 with frequency 7.87879, has_heapnum_param:0, 1 target(s):
  - target: 000001A9F9461858 {0x02d511c2b439 <SharedFunctionInfo ensureReferenceWidth>}, bytecode size: 164, existing opt code's inlined bytecode size: 95
- candidate: JSCall node #27 with frequency 0.997836, has_heapnum_param:0, 1 target(s):
  - target: 000001A9B8C4DD60 {0x02d511c2b3f1 <SharedFunctionInfo assertBits>}, bytecode size: 55
- candidate: JSCall node #40 with frequency 0.997836, has_heapnum_param:0, 1 target(s):
  - target: 000001A9B8C4E338 {0x02d511c2b319 <SharedFunctionInfo assertClassId>}, bytecode size: 76
- candidate: JSCall node #335 with frequency 4.30519, has_heapnum_param:0, 1 target(s):
  - target: 000001A9B8C4F048 {0x01a5184e7d69 <SharedFunctionInfo intern>}, bytecode size: 457, existing opt code's inlined bytecode size: 81
- candidate: JSCall node #666 with frequency 0.787879, has_heapnum_param:0, 1 target(s):
  - target: 000001A9F9462190 {0x02d511c2b481 <SharedFunctionInfo ensureClassCapacity>}, bytecode size: 347
- candidate: JSCall node #752 with frequency 0.787879, has_heapnum_param:0, 1 target(s):
  - target: 000001A9F9462290 {0x02d511c2b5e9 <SharedFunctionInfo computeClassMetadata>}, bytecode size: 311, existing opt code's inlined bytecode size: 141
- candidate: JSCall node #555 with frequency 0.214286, has_heapnum_param:0, 1 target(s):
  - target: 000001A9F9460A88 {0x02d511c2b4c9 <SharedFunctionInfo classEquals>}, bytecode size: 114, existing opt code's inlined bytecode size: 76
Inlining 000001A9F9460690 {0x01a5184e7a09 <SharedFunctionInfo mix32>} into 000001A9B8C4DB40 {0x02d511c2b631 <SharedFunctionInfo internBits>}
Budget used: 176/920 -- 7 candidate(s) for inlining:
- candidate: JSCall node #651 with frequency 7.87879, has_heapnum_param:0, 1 target(s):
  - target: 000001A9F9461858 {0x02d511c2b439 <SharedFunctionInfo ensureReferenceWidth>}, bytecode size: 164, existing opt code's inlined bytecode size: 95
- candidate: JSCall node #27 with frequency 0.997836, has_heapnum_param:0, 1 target(s):
  - target: 000001A9B8C4DD60 {0x02d511c2b3f1 <SharedFunctionInfo assertBits>}, bytecode size: 55
- candidate: JSCall node #40 with frequency 0.997836, has_heapnum_param:0, 1 target(s):
  - target: 000001A9B8C4E338 {0x02d511c2b319 <SharedFunctionInfo assertClassId>}, bytecode size: 76
- candidate: JSCall node #335 with frequency 4.30519, has_heapnum_param:0, 1 target(s):
  - target: 000001A9B8C4F048 {0x01a5184e7d69 <SharedFunctionInfo intern>}, bytecode size: 457, existing opt code's inlined bytecode size: 81
- candidate: JSCall node #666 with frequency 0.787879, has_heapnum_param:0, 1 target(s):
  - target: 000001A9F9462190 {0x02d511c2b481 <SharedFunctionInfo ensureClassCapacity>}, bytecode size: 347
- candidate: JSCall node #752 with frequency 0.787879, has_heapnum_param:0, 1 target(s):
  - target: 000001A9F9462290 {0x02d511c2b5e9 <SharedFunctionInfo computeClassMetadata>}, bytecode size: 311, existing opt code's inlined bytecode size: 141
- candidate: JSCall node #555 with frequency 0.214286, has_heapnum_param:0, 1 target(s):
  - target: 000001A9F9460A88 {0x02d511c2b4c9 <SharedFunctionInfo classEquals>}, bytecode size: 114, existing opt code's inlined bytecode size: 76
Inlining 000001A9F9461858 {0x02d511c2b439 <SharedFunctionInfo ensureReferenceWidth>} into 000001A9B8C4DB40 {0x02d511c2b631 <SharedFunctionInfo internBits>}
Considering 000001A9B8BBD7B0 {0x01a5184e7ae1 <SharedFunctionInfo referenceTypeFor>} for inlining with 000001A9B8BBE220 {0x0262a6ea0809 <FeedbackVector[17]>}
Cannot consider 000001A9F9460590 {0x02a17bc491e1 <FeedbackCell[many closures]>} for inlining (no feedback vector)
Budget used: 340/920 -- 7 candidate(s) for inlining:
- candidate: JSCall node #1231 with frequency 7.87618, has_heapnum_param:0, 1 target(s):
  - target: 000001A9B8BBD7B0 {0x01a5184e7ae1 <SharedFunctionInfo referenceTypeFor>}, bytecode size: 95
- candidate: JSCall node #27 with frequency 0.997836, has_heapnum_param:0, 1 target(s):
  - target: 000001A9B8C4DD60 {0x02d511c2b3f1 <SharedFunctionInfo assertBits>}, bytecode size: 55
- candidate: JSCall node #40 with frequency 0.997836, has_heapnum_param:0, 1 target(s):
  - target: 000001A9B8C4E338 {0x02d511c2b319 <SharedFunctionInfo assertClassId>}, bytecode size: 76
- candidate: JSCall node #335 with frequency 4.30519, has_heapnum_param:0, 1 target(s):
  - target: 000001A9B8C4F048 {0x01a5184e7d69 <SharedFunctionInfo intern>}, bytecode size: 457, existing opt code's inlined bytecode size: 81
- candidate: JSCall node #666 with frequency 0.787879, has_heapnum_param:0, 1 target(s):
  - target: 000001A9F9462190 {0x02d511c2b481 <SharedFunctionInfo ensureClassCapacity>}, bytecode size: 347
- candidate: JSCall node #752 with frequency 0.787879, has_heapnum_param:0, 1 target(s):
  - target: 000001A9F9462290 {0x02d511c2b5e9 <SharedFunctionInfo computeClassMetadata>}, bytecode size: 311, existing opt code's inlined bytecode size: 141
- candidate: JSCall node #555 with frequency 0.214286, has_heapnum_param:0, 1 target(s):
  - target: 000001A9F9460A88 {0x02d511c2b4c9 <SharedFunctionInfo classEquals>}, bytecode size: 114, existing opt code's inlined bytecode size: 76
Inlining 000001A9B8BBD7B0 {0x01a5184e7ae1 <SharedFunctionInfo referenceTypeFor>} into 000001A9B8C4DB40 {0x02d511c2b631 <SharedFunctionInfo internBits>}
Budget used: 435/920 -- 6 candidate(s) for inlining:
- candidate: JSCall node #27 with frequency 0.997836, has_heapnum_param:0, 1 target(s):
  - target: 000001A9B8C4DD60 {0x02d511c2b3f1 <SharedFunctionInfo assertBits>}, bytecode size: 55
- candidate: JSCall node #40 with frequency 0.997836, has_heapnum_param:0, 1 target(s):
  - target: 000001A9B8C4E338 {0x02d511c2b319 <SharedFunctionInfo assertClassId>}, bytecode size: 76
- candidate: JSCall node #335 with frequency 4.30519, has_heapnum_param:0, 1 target(s):
  - target: 000001A9B8C4F048 {0x01a5184e7d69 <SharedFunctionInfo intern>}, bytecode size: 457, existing opt code's inlined bytecode size: 81
- candidate: JSCall node #666 with frequency 0.787879, has_heapnum_param:0, 1 target(s):
  - target: 000001A9F9462190 {0x02d511c2b481 <SharedFunctionInfo ensureClassCapacity>}, bytecode size: 347
- candidate: JSCall node #752 with frequency 0.787879, has_heapnum_param:0, 1 target(s):
  - target: 000001A9F9462290 {0x02d511c2b5e9 <SharedFunctionInfo computeClassMetadata>}, bytecode size: 311, existing opt code's inlined bytecode size: 141
- candidate: JSCall node #555 with frequency 0.214286, has_heapnum_param:0, 1 target(s):
  - target: 000001A9F9460A88 {0x02d511c2b4c9 <SharedFunctionInfo classEquals>}, bytecode size: 114, existing opt code's inlined bytecode size: 76
Inlining 000001A9B8C4DD60 {0x02d511c2b3f1 <SharedFunctionInfo assertBits>} into 000001A9B8C4DB40 {0x02d511c2b631 <SharedFunctionInfo internBits>}
Budget used: 490/920 -- 5 candidate(s) for inlining:
- candidate: JSCall node #40 with frequency 0.997836, has_heapnum_param:0, 1 target(s):
  - target: 000001A9B8C4E338 {0x02d511c2b319 <SharedFunctionInfo assertClassId>}, bytecode size: 76
- candidate: JSCall node #335 with frequency 4.30519, has_heapnum_param:0, 1 target(s):
  - target: 000001A9B8C4F048 {0x01a5184e7d69 <SharedFunctionInfo intern>}, bytecode size: 457, existing opt code's inlined bytecode size: 81
- candidate: JSCall node #666 with frequency 0.787879, has_heapnum_param:0, 1 target(s):
  - target: 000001A9F9462190 {0x02d511c2b481 <SharedFunctionInfo ensureClassCapacity>}, bytecode size: 347
- candidate: JSCall node #752 with frequency 0.787879, has_heapnum_param:0, 1 target(s):
  - target: 000001A9F9462290 {0x02d511c2b5e9 <SharedFunctionInfo computeClassMetadata>}, bytecode size: 311, existing opt code's inlined bytecode size: 141
- candidate: JSCall node #555 with frequency 0.214286, has_heapnum_param:0, 1 target(s):
  - target: 000001A9F9460A88 {0x02d511c2b4c9 <SharedFunctionInfo classEquals>}, bytecode size: 114, existing opt code's inlined bytecode size: 76
Inlining 000001A9B8C4E338 {0x02d511c2b319 <SharedFunctionInfo assertClassId>} into 000001A9B8C4DB40 {0x02d511c2b631 <SharedFunctionInfo internBits>}
Budget used: 566/920 -- 4 candidate(s) for inlining:
- candidate: JSCall node #335 with frequency 4.30519, has_heapnum_param:0, 1 target(s):
  - target: 000001A9B8C4F048 {0x01a5184e7d69 <SharedFunctionInfo intern>}, bytecode size: 457, existing opt code's inlined bytecode size: 81
- candidate: JSCall node #666 with frequency 0.787879, has_heapnum_param:0, 1 target(s):
  - target: 000001A9F9462190 {0x02d511c2b481 <SharedFunctionInfo ensureClassCapacity>}, bytecode size: 347
- candidate: JSCall node #752 with frequency 0.787879, has_heapnum_param:0, 1 target(s):
  - target: 000001A9F9462290 {0x02d511c2b5e9 <SharedFunctionInfo computeClassMetadata>}, bytecode size: 311, existing opt code's inlined bytecode size: 141
- candidate: JSCall node #555 with frequency 0.214286, has_heapnum_param:0, 1 target(s):
  - target: 000001A9F9460A88 {0x02d511c2b4c9 <SharedFunctionInfo classEquals>}, bytecode size: 114, existing opt code's inlined bytecode size: 76
Inlining 000001A9F9460A88 {0x02d511c2b4c9 <SharedFunctionInfo classEquals>} into 000001A9B8C4DB40 {0x02d511c2b631 <SharedFunctionInfo internBits>}
Considering 000001A9B8C4E338 {0x02d511c2b319 <SharedFunctionInfo assertClassId>} for inlining with 000001A9F9462508 {0x02dc5b63f7e1 <FeedbackVector[12]>}
Budget used: 680/920 -- 1 candidate(s) for inlining:
- candidate: JSCall node #1625 with frequency 0.213089, has_heapnum_param:0, 1 target(s):
  - target: 000001A9B8C4E338 {0x02d511c2b319 <SharedFunctionInfo assertClassId>}, bytecode size: 76
Inlining 000001A9B8C4E338 {0x02d511c2b319 <SharedFunctionInfo assertClassId>} into 000001A9B8C4DB40 {0x02d511c2b631 <SharedFunctionInfo internBits>}
Considering 000001A9B8C51D80 {0x01a5184e7b29 <SharedFunctionInfo assertWordSource>} for inlining with 000001A9F9434BA8 {0x0262a6e9f631 <FeedbackVector[20]>}
Considering 000001A9B8C52468 {0x01a5184e7a51 <SharedFunctionInfo hashWords2>} for inlining with 000001A9F9437310 {0x0262a6e9f701 <FeedbackVector[9]>}
Inlining small function(s) at call site #91:JSCall
Inlining 000001A9B8C52468 {0x01a5184e7a51 <SharedFunctionInfo hashWords2>} into 000001A9B8C51B60 {0x01a5184e7d69 <SharedFunctionInfo intern>}
Considering 000001A9F9437CD0 {0x01a5184e7a09 <SharedFunctionInfo mix32>} for inlining with 000001A9F9438268 {0x0262a6e9f571 <FeedbackVector[18]>}
Considering 000001A9F9434868 {0x01a5184e7c01 <SharedFunctionInfo _ensureCapacity>} for inlining with 000001A9B8C1D150 {0x0262a6e8f7d1 <FeedbackVector[57]>}
Budget used: 0/920 -- 3 candidate(s) for inlining:
- candidate: JSCall node #19 with frequency 0.999033, has_heapnum_param:0, 1 target(s):
  - target: 000001A9B8C51D80 {0x01a5184e7b29 <SharedFunctionInfo assertWordSource>}, bytecode size: 81
- candidate: JSCall node #460 with frequency 0.970423, has_heapnum_param:0, 1 target(s):
  - target: 000001A9F9437CD0 {0x01a5184e7a09 <SharedFunctionInfo mix32>}, bytecode size: 88
- candidate: JSCall node #252 with frequency 0.351064, has_heapnum_param:0, 1 target(s):
  - target: 000001A9F9434868 {0x01a5184e7c01 <SharedFunctionInfo _ensureCapacity>}, bytecode size: 208
Inlining 000001A9B8C51D80 {0x01a5184e7b29 <SharedFunctionInfo assertWordSource>} into 000001A9B8C51B60 {0x01a5184e7d69 <SharedFunctionInfo intern>}
Budget used: 81/920 -- 2 candidate(s) for inlining:
- candidate: JSCall node #460 with frequency 0.970423, has_heapnum_param:0, 1 target(s):
  - target: 000001A9F9437CD0 {0x01a5184e7a09 <SharedFunctionInfo mix32>}, bytecode size: 88
- candidate: JSCall node #252 with frequency 0.351064, has_heapnum_param:0, 1 target(s):
  - target: 000001A9F9434868 {0x01a5184e7c01 <SharedFunctionInfo _ensureCapacity>}, bytecode size: 208
Inlining 000001A9F9437CD0 {0x01a5184e7a09 <SharedFunctionInfo mix32>} into 000001A9B8C51B60 {0x01a5184e7d69 <SharedFunctionInfo intern>}
Budget used: 169/920 -- 1 candidate(s) for inlining:
- candidate: JSCall node #252 with frequency 0.351064, has_heapnum_param:0, 1 target(s):
  - target: 000001A9F9434868 {0x01a5184e7c01 <SharedFunctionInfo _ensureCapacity>}, bytecode size: 208
Inlining 000001A9F9434868 {0x01a5184e7c01 <SharedFunctionInfo _ensureCapacity>} into 000001A9B8C51B60 {0x01a5184e7d69 <SharedFunctionInfo intern>}
Considering 000001A9F9445240 {0x01a5184e79c1 <SharedFunctionInfo nextPowerOfTwo>} for inlining with 000001A9F9445E28 {0x0262a6ea6e09 <FeedbackVector[13]>}
Considering 000001A9F9445240 {0x01a5184e79c1 <SharedFunctionInfo nextPowerOfTwo>} for inlining with 000001A9F9445E28 {0x0262a6ea6e09 <FeedbackVector[13]>}
Cannot consider 000001A9F9437BE0 {0x02a17bc491e1 <FeedbackCell[many closures]>} for inlining (no feedback vector)
Cannot consider 000001A9F9437BE0 {0x02a17bc491e1 <FeedbackCell[many closures]>} for inlining (no feedback vector)
Cannot consider 000001A9F9437BE0 {0x02a17bc491e1 <FeedbackCell[many closures]>} for inlining (no feedback vector)
Considering 000001A9B8C57DA8 {0x0262a6eadfe1 <SharedFunctionInfo assertClassId>} for inlining with 000001A9B8C590A8 {0x03748003c751 <FeedbackVector[22]>}
Considering 000001A9B8C583B0 {0x02d511c2baa9 <SharedFunctionInfo slot64TermCount>} for inlining with 000001A9B8C15EC8 {0x03748003cf69 <FeedbackVector[9]>}
Budget used: 0/920 -- 2 candidate(s) for inlining:
- candidate: JSCall node #34 with frequency 0.998339, has_heapnum_param:0, 1 target(s):
  - target: 000001A9B8C583B0 {0x02d511c2baa9 <SharedFunctionInfo slot64TermCount>}, bytecode size: 34, existing opt code's inlined bytecode size: 76
- candidate: JSCall node #18 with frequency 0.998339, has_heapnum_param:0, 1 target(s):
  - target: 000001A9B8C57DA8 {0x0262a6eadfe1 <SharedFunctionInfo assertClassId>}, bytecode size: 127, existing opt code's inlined bytecode size: 5
Inlining 000001A9B8C583B0 {0x02d511c2baa9 <SharedFunctionInfo slot64TermCount>} into 000001A9B8C57B88 {0x0262a6eae0b9 <SharedFunctionInfo termCount>}
Considering 000001A9B8C17968 {0x02d511c2b319 <SharedFunctionInfo assertClassId>} for inlining with 000001A9B8C17E68 {0x02dc5b63f7e1 <FeedbackVector[12]>}
Budget used: 34/920 -- 2 candidate(s) for inlining:
- candidate: JSCall node #135 with frequency 0.996652, has_heapnum_param:0, 1 target(s):
  - target: 000001A9B8C17968 {0x02d511c2b319 <SharedFunctionInfo assertClassId>}, bytecode size: 76
- candidate: JSCall node #18 with frequency 0.998339, has_heapnum_param:0, 1 target(s):
  - target: 000001A9B8C57DA8 {0x0262a6eadfe1 <SharedFunctionInfo assertClassId>}, bytecode size: 127, existing opt code's inlined bytecode size: 5
Inlining 000001A9B8C17968 {0x02d511c2b319 <SharedFunctionInfo assertClassId>} into 000001A9B8C57B88 {0x0262a6eae0b9 <SharedFunctionInfo termCount>}
Budget used: 110/920 -- 1 candidate(s) for inlining:
- candidate: JSCall node #18 with frequency 0.998339, has_heapnum_param:0, 1 target(s):
  - target: 000001A9B8C57DA8 {0x0262a6eadfe1 <SharedFunctionInfo assertClassId>}, bytecode size: 127, existing opt code's inlined bytecode size: 5
Inlining 000001A9B8C57DA8 {0x0262a6eadfe1 <SharedFunctionInfo assertClassId>} into 000001A9B8C57B88 {0x0262a6eae0b9 <SharedFunctionInfo termCount>}
Considering 000001A9B8C18C48 {0x02d511c2b799 <SharedFunctionInfo get>} for inlining with 000001A9B8C18DB8 {0x01c2eb1665c9 <FeedbackVector[0]>}
Inlining small function(s) at call site #366:JSCall
Inlining 000001A9B8C18C48 {0x02d511c2b799 <SharedFunctionInfo get>} into 000001A9B8C57B88 {0x0262a6eae0b9 <SharedFunctionInfo termCount>}
Considering 000001A9B8C5FDF0 {0x0262a6eabc29 <SharedFunctionInfo assertStateId>} for inlining with 000001A9B8C612A0 {0x02d511c2e281 <FeedbackVector[20]>}
Considering 000001A9B8C603C8 {0x0262a6eabc71 <SharedFunctionInfo assertColumn>} for inlining with 000001A9B8C61300 {0x02d511c2e731 <FeedbackVector[12]>}
Considering 000001A9F94F8320 {0x01a5184d9959 <SharedFunctionInfo assertWordRange>} for inlining with 000001A9B8B08ED0 {0x027256e95309 <FeedbackVector[23]>}
Considering 000001A9B8C60518 {0x02d511c28139 <SharedFunctionInfo supportAt>} for inlining with 000001A9B8ACA080 {0x02d511c2e5a1 <FeedbackVector[11]>}
Considering 000001A9B8C60FF0 {0x01a5184faaf9 <SharedFunctionInfo landingAt>} for inlining with 000001A9B8ACA0E0 {0x02d511c2e851 <FeedbackVector[12]>}
Considering 000001A9F94F8408 {0x01a5184d98c9 <SharedFunctionInfo assertPlayer>} for inlining with 000001A9B8B08F30 {0x027256e95659 <FeedbackVector[5]>}
Budget used: 0/920 -- 4 candidate(s) for inlining:
- candidate: JSCall node #26 with frequency 0.998336, has_heapnum_param:0, 1 target(s):
  - target: 000001A9B8C603C8 {0x0262a6eabc71 <SharedFunctionInfo assertColumn>}, bytecode size: 94
- candidate: JSCall node #69 with frequency 0.998336, has_heapnum_param:0, 1 target(s):
  - target: 000001A9B8C60518 {0x02d511c28139 <SharedFunctionInfo supportAt>}, bytecode size: 54, existing opt code's inlined bytecode size: 50
- candidate: JSCall node #19 with frequency 0.998336, has_heapnum_param:0, 1 target(s):
  - target: 000001A9B8C5FDF0 {0x0262a6eabc29 <SharedFunctionInfo assertStateId>}, bytecode size: 148
- candidate: JSCall node #74 with frequency 0.998336, has_heapnum_param:0, 1 target(s):
  - target: 000001A9B8C60FF0 {0x01a5184faaf9 <SharedFunctionInfo landingAt>}, bytecode size: 91, existing opt code's inlined bytecode size: 142
Considering 000001A9F94F84D0 {0x01a5184d9911 <SharedFunctionInfo assertCell>} for inlining with 000001A9B8B08F90 {0x0262a6ea1f21 <FeedbackVector[14]>}
Inlining 000001A9B8C603C8 {0x0262a6eabc71 <SharedFunctionInfo assertColumn>} into 000001A9B8C5FBD0 {0x0262a6eabf89 <SharedFunctionInfo landingCellAt>}
Considering 000001A9B8B087C8 {0x01a5184d9881 <SharedFunctionInfo popcount32>} for inlining with 000001A9B8B0B3B0 {0x02d511c2e509 <FeedbackVector[13]>}
Budget used: 0/920 -- 4 candidate(s) for inlining:
- candidate: JSCall node #109 with frequency 2.99003, has_heapnum_param:0, 1 target(s):
  - target: 000001A9B8B087C8 {0x01a5184d9881 <SharedFunctionInfo popcount32>}, bytecode size: 86
- candidate: JSCall node #45 with frequency 0.996678, has_heapnum_param:0, 1 target(s):
  - target: 000001A9F94F8408 {0x01a5184d98c9 <SharedFunctionInfo assertPlayer>}, bytecode size: 39
- candidate: JSCall node #52 with frequency 0.996678, has_heapnum_param:0, 1 target(s):
  - target: 000001A9F94F84D0 {0x01a5184d9911 <SharedFunctionInfo assertCell>}, bytecode size: 75
- candidate: JSCall node #38 with frequency 0.996678, has_heapnum_param:0, 1 target(s):
  - target: 000001A9F94F8320 {0x01a5184d9959 <SharedFunctionInfo assertWordRange>}, bytecode size: 131
Inlining 000001A9B8B087C8 {0x01a5184d9881 <SharedFunctionInfo popcount32>} into 000001A9F94F7BD0 {0x0262a6ea1671 <SharedFunctionInfo valueAtStack>}
Budget used: 86/920 -- 3 candidate(s) for inlining:
- candidate: JSCall node #45 with frequency 0.996678, has_heapnum_param:0, 1 target(s):
  - target: 000001A9F94F8408 {0x01a5184d98c9 <SharedFunctionInfo assertPlayer>}, bytecode size: 39
- candidate: JSCall node #52 with frequency 0.996678, has_heapnum_param:0, 1 target(s):
  - target: 000001A9F94F84D0 {0x01a5184d9911 <SharedFunctionInfo assertCell>}, bytecode size: 75
- candidate: JSCall node #38 with frequency 0.996678, has_heapnum_param:0, 1 target(s):
  - target: 000001A9F94F8320 {0x01a5184d9959 <SharedFunctionInfo assertWordRange>}, bytecode size: 131
Inlining 000001A9F94F8408 {0x01a5184d98c9 <SharedFunctionInfo assertPlayer>} into 000001A9F94F7BD0 {0x0262a6ea1671 <SharedFunctionInfo valueAtStack>}
Budget used: 125/920 -- 2 candidate(s) for inlining:
- candidate: JSCall node #52 with frequency 0.996678, has_heapnum_param:0, 1 target(s):
  - target: 000001A9F94F84D0 {0x01a5184d9911 <SharedFunctionInfo assertCell>}, bytecode size: 75
- candidate: JSCall node #38 with frequency 0.996678, has_heapnum_param:0, 1 target(s):
  - target: 000001A9F94F8320 {0x01a5184d9959 <SharedFunctionInfo assertWordRange>}, bytecode size: 131
Inlining 000001A9F94F84D0 {0x01a5184d9911 <SharedFunctionInfo assertCell>} into 000001A9F94F7BD0 {0x0262a6ea1671 <SharedFunctionInfo valueAtStack>}
Budget used: 94/920 -- 3 candidate(s) for inlining:
- candidate: JSCall node #69 with frequency 0.998336, has_heapnum_param:0, 1 target(s):
  - target: 000001A9B8C60518 {0x02d511c28139 <SharedFunctionInfo supportAt>}, bytecode size: 54, existing opt code's inlined bytecode size: 50
- candidate: JSCall node #19 with frequency 0.998336, has_heapnum_param:0, 1 target(s):
  - target: 000001A9B8C5FDF0 {0x0262a6eabc29 <SharedFunctionInfo assertStateId>}, bytecode size: 148
- candidate: JSCall node #74 with frequency 0.998336, has_heapnum_param:0, 1 target(s):
  - target: 000001A9B8C60FF0 {0x01a5184faaf9 <SharedFunctionInfo landingAt>}, bytecode size: 91, existing opt code's inlined bytecode size: 142
Inlining 000001A9B8C60518 {0x02d511c28139 <SharedFunctionInfo supportAt>} into 000001A9B8C5FBD0 {0x0262a6eabf89 <SharedFunctionInfo landingCellAt>}
Budget used: 200/920 -- 1 candidate(s) for inlining:
- candidate: JSCall node #38 with frequency 0.996678, has_heapnum_param:0, 1 target(s):
  - target: 000001A9F94F8320 {0x01a5184d9959 <SharedFunctionInfo assertWordRange>}, bytecode size: 131
Inlining 000001A9F94F8320 {0x01a5184d9959 <SharedFunctionInfo assertWordRange>} into 000001A9F94F7BD0 {0x0262a6ea1671 <SharedFunctionInfo valueAtStack>}
Considering 000001A9B8ACAE28 {0x01a5184e5841 <SharedFunctionInfo #assertState>} for inlining with 000001A9B8ACB358 {0x02dc5b63ff29 <FeedbackVector[12]>}
Budget used: 148/920 -- 3 candidate(s) for inlining:
- candidate: JSCall node #257 with frequency 0.996521, has_heapnum_param:0, 1 target(s):
  - target: 000001A9B8ACAE28 {0x01a5184e5841 <SharedFunctionInfo #assertState>}, bytecode size: 50
- candidate: JSCall node #19 with frequency 0.998336, has_heapnum_param:0, 1 target(s):
  - target: 000001A9B8C5FDF0 {0x0262a6eabc29 <SharedFunctionInfo assertStateId>}, bytecode size: 148
- candidate: JSCall node #74 with frequency 0.998336, has_heapnum_param:0, 1 target(s):
  - target: 000001A9B8C60FF0 {0x01a5184faaf9 <SharedFunctionInfo landingAt>}, bytecode size: 91, existing opt code's inlined bytecode size: 142
Inlining 000001A9B8ACAE28 {0x01a5184e5841 <SharedFunctionInfo #assertState>} into 000001A9B8C5FBD0 {0x0262a6eabf89 <SharedFunctionInfo landingCellAt>}
Budget used: 198/920 -- 2 candidate(s) for inlining:
- candidate: JSCall node #19 with frequency 0.998336, has_heapnum_param:0, 1 target(s):
  - target: 000001A9B8C5FDF0 {0x0262a6eabc29 <SharedFunctionInfo assertStateId>}, bytecode size: 148
- candidate: JSCall node #74 with frequency 0.998336, has_heapnum_param:0, 1 target(s):
  - target: 000001A9B8C60FF0 {0x01a5184faaf9 <SharedFunctionInfo landingAt>}, bytecode size: 91, existing opt code's inlined bytecode size: 142
Inlining 000001A9B8C5FDF0 {0x0262a6eabc29 <SharedFunctionInfo assertStateId>} into 000001A9B8C5FBD0 {0x0262a6eabf89 <SharedFunctionInfo landingCellAt>}
Budget used: 346/920 -- 1 candidate(s) for inlining:
- candidate: JSCall node #74 with frequency 0.998336, has_heapnum_param:0, 1 target(s):
  - target: 000001A9B8C60FF0 {0x01a5184faaf9 <SharedFunctionInfo landingAt>}, bytecode size: 91, existing opt code's inlined bytecode size: 142
Inlining 000001A9B8C60FF0 {0x01a5184faaf9 <SharedFunctionInfo landingAt>} into 000001A9B8C5FBD0 {0x0262a6eabf89 <SharedFunctionInfo landingCellAt>}
Considering 000001A9B8AE0390 {0x01a5184dd5d1 <SharedFunctionInfo assertSupportIndex>} for inlining with 000001A9B8AE0620 {0x02d511c2e351 <FeedbackVector[12]>}
Considering 000001A9B8AE0458 {0x01a5184dd619 <SharedFunctionInfo assertSupportColumn>} for inlining with 000001A9B8AE0680 {0x02d511c2e7c1 <FeedbackVector[12]>}
Budget used: 437/920 -- 2 candidate(s) for inlining:
- candidate: JSCall node #543 with frequency 0.99654, has_heapnum_param:0, 1 target(s):
  - target: 000001A9B8AE0458 {0x01a5184dd619 <SharedFunctionInfo assertSupportColumn>}, bytecode size: 71
- candidate: JSCall node #527 with frequency 0.99654, has_heapnum_param:0, 1 target(s):
  - target: 000001A9B8AE0390 {0x01a5184dd5d1 <SharedFunctionInfo assertSupportIndex>}, bytecode size: 71
Inlining 000001A9B8AE0458 {0x01a5184dd619 <SharedFunctionInfo assertSupportColumn>} into 000001A9B8C5FBD0 {0x0262a6eabf89 <SharedFunctionInfo landingCellAt>}
Budget used: 508/920 -- 1 candidate(s) for inlining:
- candidate: JSCall node #527 with frequency 0.99654, has_heapnum_param:0, 1 target(s):
  - target: 000001A9B8AE0390 {0x01a5184dd5d1 <SharedFunctionInfo assertSupportIndex>}, bytecode size: 71
Inlining 000001A9B8AE0390 {0x01a5184dd5d1 <SharedFunctionInfo assertSupportIndex>} into 000001A9B8C5FBD0 {0x0262a6eabf89 <SharedFunctionInfo landingCellAt>}
Considering 000001A9F94F5DD0 {0x02d511c2b319 <SharedFunctionInfo assertClassId>} for inlining with 000001A9F94F6510 {0x02dc5b63f7e1 <FeedbackVector[12]>}
Budget used: 0/920 -- 1 candidate(s) for inlining:
- candidate: JSCall node #19 with frequency 0.994413, has_heapnum_param:0, 1 target(s):
  - target: 000001A9F94F5DD0 {0x02d511c2b319 <SharedFunctionInfo assertClassId>}, bytecode size: 76
Inlining 000001A9F94F5DD0 {0x02d511c2b319 <SharedFunctionInfo assertClassId>} into 000001A9F94F5BB0 {0x02d511c2b4c9 <SharedFunctionInfo classEquals>}
Considering 000001A9F94F7DE0 {0x01a5184e5841 <SharedFunctionInfo #assertState>} for inlining with 000001A9F94F9390 {0x02dc5b63ff29 <FeedbackVector[12]>}
Considering 000001A9F94F9DF0 {0x02d511c2b319 <SharedFunctionInfo assertClassId>} for inlining with 000001A9F945A4B8 {0x02dc5b63f7e1 <FeedbackVector[12]>}
Considering 000001A9F94FA3C8 {0x02d511c2b361 <SharedFunctionInfo assertCell>} for inlining with 000001A9F945A518 {0x03748003d781 <FeedbackVector[14]>}
Budget used: 0/920 -- 1 candidate(s) for inlining:
- candidate: JSCall node #24 with frequency 0.998397, has_heapnum_param:0, 1 target(s):
  - target: 000001A9F94F7DE0 {0x01a5184e5841 <SharedFunctionInfo #assertState>}, bytecode size: 50
Inlining 000001A9F94F7DE0 {0x01a5184e5841 <SharedFunctionInfo #assertState>} into 000001A9F94F7BC0 {0x01a5184e5961 <SharedFunctionInfo #assertEdge>}
Considering 000001A9F94FA4A0 {0x02d511c2b679 <SharedFunctionInfo cacheGet>} for inlining with 000001A9F945A5C8 {0x03748003d8a1 <FeedbackVector[21]>}
Considering 000001A9F938CB18 {0x01a5184e7a99 <SharedFunctionInfo popcount32>} for inlining with 000001A9F945EA20 {0x0262a6ea0101 <FeedbackVector[13]>}
Considering 000001A9F938CB18 {0x01a5184e7a99 <SharedFunctionInfo popcount32>} for inlining with 000001A9F945EA20 {0x0262a6ea0101 <FeedbackVector[13]>}
Considering 000001A9F938CD70 {0x01a5184e7d69 <SharedFunctionInfo intern>} for inlining with 000001A9F945F228 {0x0262a6e9f779 <FeedbackVector[130]>}
Considering 000001A9F938CFA0 {0x01a5184e7a09 <SharedFunctionInfo mix32>} for inlining with 000001A9F945F8B0 {0x0262a6e9f571 <FeedbackVector[18]>}
Considering 000001A9F938CFA0 {0x01a5184e7a09 <SharedFunctionInfo mix32>} for inlining with 000001A9F945F8B0 {0x0262a6e9f571 <FeedbackVector[18]>}
Considering 000001A9F938E610 {0x02d511c2b6c1 <SharedFunctionInfo cacheSet>} for inlining with 000001A9B8C057B8 {0x03748003d979 <FeedbackVector[22]>}
Considering 000001A9F938E998 {0x02d511c2b4c9 <SharedFunctionInfo classEquals>} for inlining with 000001A9B8C07200 {0x01c2eb146411 <FeedbackVector[20]>}
Considering 000001A9F938E610 {0x02d511c2b6c1 <SharedFunctionInfo cacheSet>} for inlining with 000001A9B8C057B8 {0x03748003d979 <FeedbackVector[22]>}
Considering 000001A9F938EBC0 {0x02d511c2b439 <SharedFunctionInfo ensureReferenceWidth>} for inlining with 000001A9B8C079D0 {0x0262a6ea08c1 <FeedbackVector[34]>}
Considering 000001A9F938ECF8 {0x02d511c2b481 <SharedFunctionInfo ensureClassCapacity>} for inlining with 000001A9B8C07A30 {0x01c2eb145301 <FeedbackVector[73]>}
Considering 000001A9F938E610 {0x02d511c2b6c1 <SharedFunctionInfo cacheSet>} for inlining with 000001A9B8C057B8 {0x03748003d979 <FeedbackVector[22]>}
Budget used: 0/920 -- 13 candidate(s) for inlining:
- candidate: JSCall node #801 with frequency 7.60406, has_heapnum_param:0, 1 target(s):
  - target: 000001A9F938EBC0 {0x02d511c2b439 <SharedFunctionInfo ensureReferenceWidth>}, bytecode size: 164, existing opt code's inlined bytecode size: 95
- candidate: JSCall node #393 with frequency 1.97665, has_heapnum_param:0, 1 target(s):
  - target: 000001A9F938CB18 {0x01a5184e7a99 <SharedFunctionInfo popcount32>}, bytecode size: 86
- candidate: JSCall node #382 with frequency 1.97665, has_heapnum_param:0, 1 target(s):
  - target: 000001A9F938CB18 {0x01a5184e7a99 <SharedFunctionInfo popcount32>}, bytecode size: 86
- candidate: JSCall node #506 with frequency 1.97665, has_heapnum_param:1, 1 target(s):
  - target: 000001A9F938CFA0 {0x01a5184e7a09 <SharedFunctionInfo mix32>}, bytecode size: 88
- candidate: JSCall node #489 with frequency 1.97665, has_heapnum_param:1, 1 target(s):
  - target: 000001A9F938CFA0 {0x01a5184e7a09 <SharedFunctionInfo mix32>}, bytecode size: 88
- candidate: JSCall node #19 with frequency 0.998985, has_heapnum_param:0, 1 target(s):
  - target: 000001A9F94F9DF0 {0x02d511c2b319 <SharedFunctionInfo assertClassId>}, bytecode size: 76
- candidate: JSCall node #25 with frequency 0.998985, has_heapnum_param:0, 1 target(s):
  - target: 000001A9F94FA3C8 {0x02d511c2b361 <SharedFunctionInfo assertCell>}, bytecode size: 86
- candidate: JSCall node #43 with frequency 0.998985, has_heapnum_param:0, 1 target(s):
  - target: 000001A9F94FA4A0 {0x02d511c2b679 <SharedFunctionInfo cacheGet>}, bytecode size: 143
- candidate: JSCall node #1059 with frequency 0.760406, has_heapnum_param:0, 1 target(s):
  - target: 000001A9F938E610 {0x02d511c2b6c1 <SharedFunctionInfo cacheSet>}, bytecode size: 122
- candidate: JSCall node #458 with frequency 1.97665, has_heapnum_param:0, 1 target(s):
  - target: 000001A9F938CD70 {0x01a5184e7d69 <SharedFunctionInfo intern>}, bytecode size: 457, existing opt code's inlined bytecode size: 407
- candidate: JSCall node #816 with frequency 0.760406, has_heapnum_param:0, 1 target(s):
  - target: 000001A9F938ECF8 {0x02d511c2b481 <SharedFunctionInfo ensureClassCapacity>}, bytecode size: 347
- candidate: JSCall node #722 with frequency 0.240609, has_heapnum_param:0, 1 target(s):
  - target: 000001A9F938E610 {0x02d511c2b6c1 <SharedFunctionInfo cacheSet>}, bytecode size: 122
- candidate: JSCall node #698 with frequency 0.240609, has_heapnum_param:0, 1 target(s):
  - target: 000001A9F938E998 {0x02d511c2b4c9 <SharedFunctionInfo classEquals>}, bytecode size: 114, existing opt code's inlined bytecode size: 76
Inlining 000001A9F938EBC0 {0x02d511c2b439 <SharedFunctionInfo ensureReferenceWidth>} into 000001A9F94F9BD0 {0x02d511c2bc11 <SharedFunctionInfo blockTransitionSlot64Direct>}
Considering 000001A9B8C09578 {0x01a5184e7ae1 <SharedFunctionInfo referenceTypeFor>} for inlining with 000001A9B8C0CFE8 {0x0262a6ea0809 <FeedbackVector[17]>}
Cannot consider 000001A9F938CEB0 {0x02a17bc491e1 <FeedbackCell[many closures]>} for inlining (no feedback vector)
Budget used: 164/920 -- 13 candidate(s) for inlining:
- candidate: JSCall node #1441 with frequency 7.60155, has_heapnum_param:0, 1 target(s):
  - target: 000001A9B8C09578 {0x01a5184e7ae1 <SharedFunctionInfo referenceTypeFor>}, bytecode size: 95
- candidate: JSCall node #393 with frequency 1.97665, has_heapnum_param:0, 1 target(s):
  - target: 000001A9F938CB18 {0x01a5184e7a99 <SharedFunctionInfo popcount32>}, bytecode size: 86
- candidate: JSCall node #382 with frequency 1.97665, has_heapnum_param:0, 1 target(s):
  - target: 000001A9F938CB18 {0x01a5184e7a99 <SharedFunctionInfo popcount32>}, bytecode size: 86
- candidate: JSCall node #506 with frequency 1.97665, has_heapnum_param:1, 1 target(s):
  - target: 000001A9F938CFA0 {0x01a5184e7a09 <SharedFunctionInfo mix32>}, bytecode size: 88
- candidate: JSCall node #489 with frequency 1.97665, has_heapnum_param:1, 1 target(s):
  - target: 000001A9F938CFA0 {0x01a5184e7a09 <SharedFunctionInfo mix32>}, bytecode size: 88
- candidate: JSCall node #19 with frequency 0.998985, has_heapnum_param:0, 1 target(s):
  - target: 000001A9F94F9DF0 {0x02d511c2b319 <SharedFunctionInfo assertClassId>}, bytecode size: 76
- candidate: JSCall node #25 with frequency 0.998985, has_heapnum_param:0, 1 target(s):
  - target: 000001A9F94FA3C8 {0x02d511c2b361 <SharedFunctionInfo assertCell>}, bytecode size: 86
- candidate: JSCall node #43 with frequency 0.998985, has_heapnum_param:0, 1 target(s):
  - target: 000001A9F94FA4A0 {0x02d511c2b679 <SharedFunctionInfo cacheGet>}, bytecode size: 143
- candidate: JSCall node #1059 with frequency 0.760406, has_heapnum_param:0, 1 target(s):
  - target: 000001A9F938E610 {0x02d511c2b6c1 <SharedFunctionInfo cacheSet>}, bytecode size: 122
- candidate: JSCall node #458 with frequency 1.97665, has_heapnum_param:0, 1 target(s):
  - target: 000001A9F938CD70 {0x01a5184e7d69 <SharedFunctionInfo intern>}, bytecode size: 457, existing opt code's inlined bytecode size: 407
- candidate: JSCall node #816 with frequency 0.760406, has_heapnum_param:0, 1 target(s):
  - target: 000001A9F938ECF8 {0x02d511c2b481 <SharedFunctionInfo ensureClassCapacity>}, bytecode size: 347
- candidate: JSCall node #722 with frequency 0.240609, has_heapnum_param:0, 1 target(s):
  - target: 000001A9F938E610 {0x02d511c2b6c1 <SharedFunctionInfo cacheSet>}, bytecode size: 122
- candidate: JSCall node #698 with frequency 0.240609, has_heapnum_param:0, 1 target(s):
  - target: 000001A9F938E998 {0x02d511c2b4c9 <SharedFunctionInfo classEquals>}, bytecode size: 114, existing opt code's inlined bytecode size: 76
Inlining 000001A9B8C09578 {0x01a5184e7ae1 <SharedFunctionInfo referenceTypeFor>} into 000001A9F94F9BD0 {0x02d511c2bc11 <SharedFunctionInfo blockTransitionSlot64Direct>}
Budget used: 259/920 -- 12 candidate(s) for inlining:
- candidate: JSCall node #393 with frequency 1.97665, has_heapnum_param:0, 1 target(s):
  - target: 000001A9F938CB18 {0x01a5184e7a99 <SharedFunctionInfo popcount32>}, bytecode size: 86
- candidate: JSCall node #382 with frequency 1.97665, has_heapnum_param:0, 1 target(s):
  - target: 000001A9F938CB18 {0x01a5184e7a99 <SharedFunctionInfo popcount32>}, bytecode size: 86
- candidate: JSCall node #506 with frequency 1.97665, has_heapnum_param:1, 1 target(s):
  - target: 000001A9F938CFA0 {0x01a5184e7a09 <SharedFunctionInfo mix32>}, bytecode size: 88
- candidate: JSCall node #489 with frequency 1.97665, has_heapnum_param:1, 1 target(s):
  - target: 000001A9F938CFA0 {0x01a5184e7a09 <SharedFunctionInfo mix32>}, bytecode size: 88
- candidate: JSCall node #19 with frequency 0.998985, has_heapnum_param:0, 1 target(s):
  - target: 000001A9F94F9DF0 {0x02d511c2b319 <SharedFunctionInfo assertClassId>}, bytecode size: 76
- candidate: JSCall node #25 with frequency 0.998985, has_heapnum_param:0, 1 target(s):
  - target: 000001A9F94FA3C8 {0x02d511c2b361 <SharedFunctionInfo assertCell>}, bytecode size: 86
- candidate: JSCall node #43 with frequency 0.998985, has_heapnum_param:0, 1 target(s):
  - target: 000001A9F94FA4A0 {0x02d511c2b679 <SharedFunctionInfo cacheGet>}, bytecode size: 143
- candidate: JSCall node #1059 with frequency 0.760406, has_heapnum_param:0, 1 target(s):
  - target: 000001A9F938E610 {0x02d511c2b6c1 <SharedFunctionInfo cacheSet>}, bytecode size: 122
- candidate: JSCall node #458 with frequency 1.97665, has_heapnum_param:0, 1 target(s):
  - target: 000001A9F938CD70 {0x01a5184e7d69 <SharedFunctionInfo intern>}, bytecode size: 457, existing opt code's inlined bytecode size: 407
- candidate: JSCall node #816 with frequency 0.760406, has_heapnum_param:0, 1 target(s):
  - target: 000001A9F938ECF8 {0x02d511c2b481 <SharedFunctionInfo ensureClassCapacity>}, bytecode size: 347
- candidate: JSCall node #722 with frequency 0.240609, has_heapnum_param:0, 1 target(s):
  - target: 000001A9F938E610 {0x02d511c2b6c1 <SharedFunctionInfo cacheSet>}, bytecode size: 122
- candidate: JSCall node #698 with frequency 0.240609, has_heapnum_param:0, 1 target(s):
  - target: 000001A9F938E998 {0x02d511c2b4c9 <SharedFunctionInfo classEquals>}, bytecode size: 114, existing opt code's inlined bytecode size: 76
Inlining 000001A9F938CB18 {0x01a5184e7a99 <SharedFunctionInfo popcount32>} into 000001A9F94F9BD0 {0x02d511c2bc11 <SharedFunctionInfo blockTransitionSlot64Direct>}
Budget used: 345/920 -- 11 candidate(s) for inlining:
- candidate: JSCall node #382 with frequency 1.97665, has_heapnum_param:0, 1 target(s):
  - target: 000001A9F938CB18 {0x01a5184e7a99 <SharedFunctionInfo popcount32>}, bytecode size: 86
- candidate: JSCall node #506 with frequency 1.97665, has_heapnum_param:1, 1 target(s):
  - target: 000001A9F938CFA0 {0x01a5184e7a09 <SharedFunctionInfo mix32>}, bytecode size: 88
- candidate: JSCall node #489 with frequency 1.97665, has_heapnum_param:1, 1 target(s):
  - target: 000001A9F938CFA0 {0x01a5184e7a09 <SharedFunctionInfo mix32>}, bytecode size: 88
- candidate: JSCall node #19 with frequency 0.998985, has_heapnum_param:0, 1 target(s):
  - target: 000001A9F94F9DF0 {0x02d511c2b319 <SharedFunctionInfo assertClassId>}, bytecode size: 76
- candidate: JSCall node #25 with frequency 0.998985, has_heapnum_param:0, 1 target(s):
  - target: 000001A9F94FA3C8 {0x02d511c2b361 <SharedFunctionInfo assertCell>}, bytecode size: 86
- candidate: JSCall node #43 with frequency 0.998985, has_heapnum_param:0, 1 target(s):
  - target: 000001A9F94FA4A0 {0x02d511c2b679 <SharedFunctionInfo cacheGet>}, bytecode size: 143
- candidate: JSCall node #1059 with frequency 0.760406, has_heapnum_param:0, 1 target(s):
  - target: 000001A9F938E610 {0x02d511c2b6c1 <SharedFunctionInfo cacheSet>}, bytecode size: 122
- candidate: JSCall node #458 with frequency 1.97665, has_heapnum_param:0, 1 target(s):
  - target: 000001A9F938CD70 {0x01a5184e7d69 <SharedFunctionInfo intern>}, bytecode size: 457, existing opt code's inlined bytecode size: 407
- candidate: JSCall node #816 with frequency 0.760406, has_heapnum_param:0, 1 target(s):
  - target: 000001A9F938ECF8 {0x02d511c2b481 <SharedFunctionInfo ensureClassCapacity>}, bytecode size: 347
- candidate: JSCall node #722 with frequency 0.240609, has_heapnum_param:0, 1 target(s):
  - target: 000001A9F938E610 {0x02d511c2b6c1 <SharedFunctionInfo cacheSet>}, bytecode size: 122
- candidate: JSCall node #698 with frequency 0.240609, has_heapnum_param:0, 1 target(s):
  - target: 000001A9F938E998 {0x02d511c2b4c9 <SharedFunctionInfo classEquals>}, bytecode size: 114, existing opt code's inlined bytecode size: 76
Inlining 000001A9F938CB18 {0x01a5184e7a99 <SharedFunctionInfo popcount32>} into 000001A9F94F9BD0 {0x02d511c2bc11 <SharedFunctionInfo blockTransitionSlot64Direct>}
Budget used: 431/920 -- 10 candidate(s) for inlining:
- candidate: JSCall node #506 with frequency 1.97665, has_heapnum_param:1, 1 target(s):
  - target: 000001A9F938CFA0 {0x01a5184e7a09 <SharedFunctionInfo mix32>}, bytecode size: 88
- candidate: JSCall node #489 with frequency 1.97665, has_heapnum_param:1, 1 target(s):
  - target: 000001A9F938CFA0 {0x01a5184e7a09 <SharedFunctionInfo mix32>}, bytecode size: 88
- candidate: JSCall node #19 with frequency 0.998985, has_heapnum_param:0, 1 target(s):
  - target: 000001A9F94F9DF0 {0x02d511c2b319 <SharedFunctionInfo assertClassId>}, bytecode size: 76
- candidate: JSCall node #25 with frequency 0.998985, has_heapnum_param:0, 1 target(s):
  - target: 000001A9F94FA3C8 {0x02d511c2b361 <SharedFunctionInfo assertCell>}, bytecode size: 86
- candidate: JSCall node #43 with frequency 0.998985, has_heapnum_param:0, 1 target(s):
  - target: 000001A9F94FA4A0 {0x02d511c2b679 <SharedFunctionInfo cacheGet>}, bytecode size: 143
- candidate: JSCall node #1059 with frequency 0.760406, has_heapnum_param:0, 1 target(s):
  - target: 000001A9F938E610 {0x02d511c2b6c1 <SharedFunctionInfo cacheSet>}, bytecode size: 122
- candidate: JSCall node #458 with frequency 1.97665, has_heapnum_param:0, 1 target(s):
  - target: 000001A9F938CD70 {0x01a5184e7d69 <SharedFunctionInfo intern>}, bytecode size: 457, existing opt code's inlined bytecode size: 407
- candidate: JSCall node #816 with frequency 0.760406, has_heapnum_param:0, 1 target(s):
  - target: 000001A9F938ECF8 {0x02d511c2b481 <SharedFunctionInfo ensureClassCapacity>}, bytecode size: 347
- candidate: JSCall node #722 with frequency 0.240609, has_heapnum_param:0, 1 target(s):
  - target: 000001A9F938E610 {0x02d511c2b6c1 <SharedFunctionInfo cacheSet>}, bytecode size: 122
- candidate: JSCall node #698 with frequency 0.240609, has_heapnum_param:0, 1 target(s):
  - target: 000001A9F938E998 {0x02d511c2b4c9 <SharedFunctionInfo classEquals>}, bytecode size: 114, existing opt code's inlined bytecode size: 76
Inlining 000001A9F938CFA0 {0x01a5184e7a09 <SharedFunctionInfo mix32>} into 000001A9F94F9BD0 {0x02d511c2bc11 <SharedFunctionInfo blockTransitionSlot64Direct>}
Budget used: 519/920 -- 9 candidate(s) for inlining:
- candidate: JSCall node #489 with frequency 1.97665, has_heapnum_param:1, 1 target(s):
  - target: 000001A9F938CFA0 {0x01a5184e7a09 <SharedFunctionInfo mix32>}, bytecode size: 88
- candidate: JSCall node #19 with frequency 0.998985, has_heapnum_param:0, 1 target(s):
  - target: 000001A9F94F9DF0 {0x02d511c2b319 <SharedFunctionInfo assertClassId>}, bytecode size: 76
- candidate: JSCall node #25 with frequency 0.998985, has_heapnum_param:0, 1 target(s):
  - target: 000001A9F94FA3C8 {0x02d511c2b361 <SharedFunctionInfo assertCell>}, bytecode size: 86
- candidate: JSCall node #43 with frequency 0.998985, has_heapnum_param:0, 1 target(s):
  - target: 000001A9F94FA4A0 {0x02d511c2b679 <SharedFunctionInfo cacheGet>}, bytecode size: 143
- candidate: JSCall node #1059 with frequency 0.760406, has_heapnum_param:0, 1 target(s):
  - target: 000001A9F938E610 {0x02d511c2b6c1 <SharedFunctionInfo cacheSet>}, bytecode size: 122
- candidate: JSCall node #458 with frequency 1.97665, has_heapnum_param:0, 1 target(s):
  - target: 000001A9F938CD70 {0x01a5184e7d69 <SharedFunctionInfo intern>}, bytecode size: 457, existing opt code's inlined bytecode size: 407
- candidate: JSCall node #816 with frequency 0.760406, has_heapnum_param:0, 1 target(s):
  - target: 000001A9F938ECF8 {0x02d511c2b481 <SharedFunctionInfo ensureClassCapacity>}, bytecode size: 347
- candidate: JSCall node #722 with frequency 0.240609, has_heapnum_param:0, 1 target(s):
  - target: 000001A9F938E610 {0x02d511c2b6c1 <SharedFunctionInfo cacheSet>}, bytecode size: 122
- candidate: JSCall node #698 with frequency 0.240609, has_heapnum_param:0, 1 target(s):
  - target: 000001A9F938E998 {0x02d511c2b4c9 <SharedFunctionInfo classEquals>}, bytecode size: 114, existing opt code's inlined bytecode size: 76
Inlining 000001A9F938CFA0 {0x01a5184e7a09 <SharedFunctionInfo mix32>} into 000001A9F94F9BD0 {0x02d511c2bc11 <SharedFunctionInfo blockTransitionSlot64Direct>}
Budget used: 607/920 -- 8 candidate(s) for inlining:
- candidate: JSCall node #19 with frequency 0.998985, has_heapnum_param:0, 1 target(s):
  - target: 000001A9F94F9DF0 {0x02d511c2b319 <SharedFunctionInfo assertClassId>}, bytecode size: 76
- candidate: JSCall node #25 with frequency 0.998985, has_heapnum_param:0, 1 target(s):
  - target: 000001A9F94FA3C8 {0x02d511c2b361 <SharedFunctionInfo assertCell>}, bytecode size: 86
- candidate: JSCall node #43 with frequency 0.998985, has_heapnum_param:0, 1 target(s):
  - target: 000001A9F94FA4A0 {0x02d511c2b679 <SharedFunctionInfo cacheGet>}, bytecode size: 143
- candidate: JSCall node #1059 with frequency 0.760406, has_heapnum_param:0, 1 target(s):
  - target: 000001A9F938E610 {0x02d511c2b6c1 <SharedFunctionInfo cacheSet>}, bytecode size: 122
- candidate: JSCall node #458 with frequency 1.97665, has_heapnum_param:0, 1 target(s):
  - target: 000001A9F938CD70 {0x01a5184e7d69 <SharedFunctionInfo intern>}, bytecode size: 457, existing opt code's inlined bytecode size: 407
- candidate: JSCall node #816 with frequency 0.760406, has_heapnum_param:0, 1 target(s):
  - target: 000001A9F938ECF8 {0x02d511c2b481 <SharedFunctionInfo ensureClassCapacity>}, bytecode size: 347
- candidate: JSCall node #722 with frequency 0.240609, has_heapnum_param:0, 1 target(s):
  - target: 000001A9F938E610 {0x02d511c2b6c1 <SharedFunctionInfo cacheSet>}, bytecode size: 122
- candidate: JSCall node #698 with frequency 0.240609, has_heapnum_param:0, 1 target(s):
  - target: 000001A9F938E998 {0x02d511c2b4c9 <SharedFunctionInfo classEquals>}, bytecode size: 114, existing opt code's inlined bytecode size: 76
Inlining 000001A9F94F9DF0 {0x02d511c2b319 <SharedFunctionInfo assertClassId>} into 000001A9F94F9BD0 {0x02d511c2bc11 <SharedFunctionInfo blockTransitionSlot64Direct>}
Budget used: 683/920 -- 7 candidate(s) for inlining:
- candidate: JSCall node #25 with frequency 0.998985, has_heapnum_param:0, 1 target(s):
  - target: 000001A9F94FA3C8 {0x02d511c2b361 <SharedFunctionInfo assertCell>}, bytecode size: 86
- candidate: JSCall node #43 with frequency 0.998985, has_heapnum_param:0, 1 target(s):
  - target: 000001A9F94FA4A0 {0x02d511c2b679 <SharedFunctionInfo cacheGet>}, bytecode size: 143
- candidate: JSCall node #1059 with frequency 0.760406, has_heapnum_param:0, 1 target(s):
  - target: 000001A9F938E610 {0x02d511c2b6c1 <SharedFunctionInfo cacheSet>}, bytecode size: 122
- candidate: JSCall node #458 with frequency 1.97665, has_heapnum_param:0, 1 target(s):
  - target: 000001A9F938CD70 {0x01a5184e7d69 <SharedFunctionInfo intern>}, bytecode size: 457, existing opt code's inlined bytecode size: 407
- candidate: JSCall node #816 with frequency 0.760406, has_heapnum_param:0, 1 target(s):
  - target: 000001A9F938ECF8 {0x02d511c2b481 <SharedFunctionInfo ensureClassCapacity>}, bytecode size: 347
- candidate: JSCall node #722 with frequency 0.240609, has_heapnum_param:0, 1 target(s):
  - target: 000001A9F938E610 {0x02d511c2b6c1 <SharedFunctionInfo cacheSet>}, bytecode size: 122
- candidate: JSCall node #698 with frequency 0.240609, has_heapnum_param:0, 1 target(s):
  - target: 000001A9F938E998 {0x02d511c2b4c9 <SharedFunctionInfo classEquals>}, bytecode size: 114, existing opt code's inlined bytecode size: 76
Inlining 000001A9F94FA3C8 {0x02d511c2b361 <SharedFunctionInfo assertCell>} into 000001A9F94F9BD0 {0x02d511c2bc11 <SharedFunctionInfo blockTransitionSlot64Direct>}
Budget used: 769/920 -- 6 candidate(s) for inlining:
- candidate: JSCall node #43 with frequency 0.998985, has_heapnum_param:0, 1 target(s):
  - target: 000001A9F94FA4A0 {0x02d511c2b679 <SharedFunctionInfo cacheGet>}, bytecode size: 143
- candidate: JSCall node #1059 with frequency 0.760406, has_heapnum_param:0, 1 target(s):
  - target: 000001A9F938E610 {0x02d511c2b6c1 <SharedFunctionInfo cacheSet>}, bytecode size: 122
- candidate: JSCall node #458 with frequency 1.97665, has_heapnum_param:0, 1 target(s):
  - target: 000001A9F938CD70 {0x01a5184e7d69 <SharedFunctionInfo intern>}, bytecode size: 457, existing opt code's inlined bytecode size: 407
- candidate: JSCall node #816 with frequency 0.760406, has_heapnum_param:0, 1 target(s):
  - target: 000001A9F938ECF8 {0x02d511c2b481 <SharedFunctionInfo ensureClassCapacity>}, bytecode size: 347
- candidate: JSCall node #722 with frequency 0.240609, has_heapnum_param:0, 1 target(s):
  - target: 000001A9F938E610 {0x02d511c2b6c1 <SharedFunctionInfo cacheSet>}, bytecode size: 122
- candidate: JSCall node #698 with frequency 0.240609, has_heapnum_param:0, 1 target(s):
  - target: 000001A9F938E998 {0x02d511c2b4c9 <SharedFunctionInfo classEquals>}, bytecode size: 114, existing opt code's inlined bytecode size: 76
Inlining 000001A9F938E610 {0x02d511c2b6c1 <SharedFunctionInfo cacheSet>} into 000001A9F94F9BD0 {0x02d511c2bc11 <SharedFunctionInfo blockTransitionSlot64Direct>}
Budget used: 891/920 -- 4 candidate(s) for inlining:
- candidate: JSCall node #458 with frequency 1.97665, has_heapnum_param:0, 1 target(s):
  - target: 000001A9F938CD70 {0x01a5184e7d69 <SharedFunctionInfo intern>}, bytecode size: 457, existing opt code's inlined bytecode size: 407
- candidate: JSCall node #816 with frequency 0.760406, has_heapnum_param:0, 1 target(s):
  - target: 000001A9F938ECF8 {0x02d511c2b481 <SharedFunctionInfo ensureClassCapacity>}, bytecode size: 347
- candidate: JSCall node #722 with frequency 0.240609, has_heapnum_param:0, 1 target(s):
  - target: 000001A9F938E610 {0x02d511c2b6c1 <SharedFunctionInfo cacheSet>}, bytecode size: 122
- candidate: JSCall node #698 with frequency 0.240609, has_heapnum_param:0, 1 target(s):
  - target: 000001A9F938E998 {0x02d511c2b4c9 <SharedFunctionInfo classEquals>}, bytecode size: 114, existing opt code's inlined bytecode size: 76
Considering 000001A9F94FDE08 {0x0262a6eae0b9 <SharedFunctionInfo termCount>} for inlining with 000001A9B8C43C60 {0x03748003cfe1 <FeedbackVector[19]>}
Considering 000001A9F94FE418 {0x0262a6eae071 <SharedFunctionInfo ensureClassCapacity>} for inlining with 000001A9B8C43CC0 {0x01c2eb1458e1 <FeedbackVector[45]>}
Considering 000001A9F94FE638 {0x0262a6eae101 <SharedFunctionInfo writeClassTerms>} for inlining with 000001A9B8C459A0 {0x03748003d209 <FeedbackVector[46]>}
Considering 000001A9B8C43A08 {0x027256ebf179 <SharedFunctionInfo hashResidualTermIds>} for inlining with 000001A9B8C45A70 {0x03748003d479 <FeedbackVector[10]>}
Budget used: 0/920 -- 4 candidate(s) for inlining:
- candidate: JSCall node #124 with frequency 0.729834, has_heapnum_param:0, 1 target(s):
  - target: 000001A9B8C43A08 {0x027256ebf179 <SharedFunctionInfo hashResidualTermIds>}, bytecode size: 109
- candidate: JSCall node #26 with frequency 0.99872, has_heapnum_param:0, 1 target(s):
  - target: 000001A9F94FE418 {0x0262a6eae071 <SharedFunctionInfo ensureClassCapacity>}, bytecode size: 252
- candidate: JSCall node #18 with frequency 0.99872, has_heapnum_param:0, 1 target(s):
  - target: 000001A9F94FDE08 {0x0262a6eae0b9 <SharedFunctionInfo termCount>}, bytecode size: 109, existing opt code's inlined bytecode size: 242
- candidate: JSCall node #98 with frequency 0.729834, has_heapnum_param:0, 1 target(s):
  - target: 000001A9F94FE638 {0x0262a6eae101 <SharedFunctionInfo writeClassTerms>}, bytecode size: 260
Inlining 000001A9B8C43A08 {0x027256ebf179 <SharedFunctionInfo hashResidualTermIds>} into 000001A9F94FDBE8 {0x0262a6eae149 <SharedFunctionInfo ensureClassMetadata>}
Considering 000001A9B8C46F90 {0x027256ebf641 <SharedFunctionInfo assertTermIds>} for inlining with 000001A9B8C47230 {0x03748003d3a9 <FeedbackVector[20]>}
Considering 000001A9B8C47068 {0x027256ebf719 <SharedFunctionInfo foldTermIds>} for inlining with 000001A9B8C47290 {0x02d511c3ea71 <FeedbackVector[21]>}
Considering 000001A9B8C47068 {0x027256ebf719 <SharedFunctionInfo foldTermIds>} for inlining with 000001A9B8C47290 {0x02d511c3ea71 <FeedbackVector[21]>}
Considering 000001A9B8C47198 {0x027256ebf761 <SharedFunctionInfo writeHash>} for inlining with 000001A9B8C472F0 {0x03748003ccb1 <FeedbackVector[37]>}
Budget used: 109/920 -- 7 candidate(s) for inlining:
- candidate: JSCall node #314 with frequency 0.728215, has_heapnum_param:0, 1 target(s):
  - target: 000001A9B8C46F90 {0x027256ebf641 <SharedFunctionInfo assertTermIds>}, bytecode size: 122
- candidate: JSCall node #339 with frequency 0.728215, has_heapnum_param:0, 1 target(s):
  - target: 000001A9B8C47198 {0x027256ebf761 <SharedFunctionInfo writeHash>}, bytecode size: 149
- candidate: JSCall node #26 with frequency 0.99872, has_heapnum_param:0, 1 target(s):
  - target: 000001A9F94FE418 {0x0262a6eae071 <SharedFunctionInfo ensureClassCapacity>}, bytecode size: 252
- candidate: JSCall node #18 with frequency 0.99872, has_heapnum_param:0, 1 target(s):
  - target: 000001A9F94FDE08 {0x0262a6eae0b9 <SharedFunctionInfo termCount>}, bytecode size: 109, existing opt code's inlined bytecode size: 242
- candidate: JSCall node #98 with frequency 0.729834, has_heapnum_param:0, 1 target(s):
  - target: 000001A9F94FE638 {0x0262a6eae101 <SharedFunctionInfo writeClassTerms>}, bytecode size: 260
- candidate: JSCall node #332 with frequency 0.728215, has_heapnum_param:1, 1 target(s):
  - target: 000001A9B8C47068 {0x027256ebf719 <SharedFunctionInfo foldTermIds>}, bytecode size: 88, existing opt code's inlined bytecode size: 176
- candidate: JSCall node #323 with frequency 0.728215, has_heapnum_param:1, 1 target(s):
  - target: 000001A9B8C47068 {0x027256ebf719 <SharedFunctionInfo foldTermIds>}, bytecode size: 88, existing opt code's inlined bytecode size: 176
Inlining 000001A9B8C46F90 {0x027256ebf641 <SharedFunctionInfo assertTermIds>} into 000001A9F94FDBE8 {0x0262a6eae149 <SharedFunctionInfo ensureClassMetadata>}
Budget used: 231/920 -- 6 candidate(s) for inlining:
- candidate: JSCall node #339 with frequency 0.728215, has_heapnum_param:0, 1 target(s):
  - target: 000001A9B8C47198 {0x027256ebf761 <SharedFunctionInfo writeHash>}, bytecode size: 149
- candidate: JSCall node #26 with frequency 0.99872, has_heapnum_param:0, 1 target(s):
  - target: 000001A9F94FE418 {0x0262a6eae071 <SharedFunctionInfo ensureClassCapacity>}, bytecode size: 252
- candidate: JSCall node #18 with frequency 0.99872, has_heapnum_param:0, 1 target(s):
  - target: 000001A9F94FDE08 {0x0262a6eae0b9 <SharedFunctionInfo termCount>}, bytecode size: 109, existing opt code's inlined bytecode size: 242
- candidate: JSCall node #98 with frequency 0.729834, has_heapnum_param:0, 1 target(s):
  - target: 000001A9F94FE638 {0x0262a6eae101 <SharedFunctionInfo writeClassTerms>}, bytecode size: 260
- candidate: JSCall node #332 with frequency 0.728215, has_heapnum_param:1, 1 target(s):
  - target: 000001A9B8C47068 {0x027256ebf719 <SharedFunctionInfo foldTermIds>}, bytecode size: 88, existing opt code's inlined bytecode size: 176
- candidate: JSCall node #323 with frequency 0.728215, has_heapnum_param:1, 1 target(s):
  - target: 000001A9B8C47068 {0x027256ebf719 <SharedFunctionInfo foldTermIds>}, bytecode size: 88, existing opt code's inlined bytecode size: 176
Inlining 000001A9B8C47198 {0x027256ebf761 <SharedFunctionInfo writeHash>} into 000001A9F94FDBE8 {0x0262a6eae149 <SharedFunctionInfo ensureClassMetadata>}
Cannot consider 000001A9B8C47448 {0x02a17bc491e1 <FeedbackCell[many closures]>} for inlining (no feedback vector)
Budget used: 380/920 -- 5 candidate(s) for inlining:
- candidate: JSCall node #26 with frequency 0.99872, has_heapnum_param:0, 1 target(s):
  - target: 000001A9F94FE418 {0x0262a6eae071 <SharedFunctionInfo ensureClassCapacity>}, bytecode size: 252
- candidate: JSCall node #18 with frequency 0.99872, has_heapnum_param:0, 1 target(s):
  - target: 000001A9F94FDE08 {0x0262a6eae0b9 <SharedFunctionInfo termCount>}, bytecode size: 109, existing opt code's inlined bytecode size: 242
- candidate: JSCall node #98 with frequency 0.729834, has_heapnum_param:0, 1 target(s):
  - target: 000001A9F94FE638 {0x0262a6eae101 <SharedFunctionInfo writeClassTerms>}, bytecode size: 260
- candidate: JSCall node #332 with frequency 0.728215, has_heapnum_param:1, 1 target(s):
  - target: 000001A9B8C47068 {0x027256ebf719 <SharedFunctionInfo foldTermIds>}, bytecode size: 88, existing opt code's inlined bytecode size: 176
- candidate: JSCall node #323 with frequency 0.728215, has_heapnum_param:1, 1 target(s):
  - target: 000001A9B8C47068 {0x027256ebf719 <SharedFunctionInfo foldTermIds>}, bytecode size: 88, existing opt code's inlined bytecode size: 176
Inlining 000001A9F94FE418 {0x0262a6eae071 <SharedFunctionInfo ensureClassCapacity>} into 000001A9F94FDBE8 {0x0262a6eae149 <SharedFunctionInfo ensureClassMetadata>}
Budget used: 632/920 -- 4 candidate(s) for inlining:
- candidate: JSCall node #18 with frequency 0.99872, has_heapnum_param:0, 1 target(s):
  - target: 000001A9F94FDE08 {0x0262a6eae0b9 <SharedFunctionInfo termCount>}, bytecode size: 109, existing opt code's inlined bytecode size: 242
- candidate: JSCall node #98 with frequency 0.729834, has_heapnum_param:0, 1 target(s):
  - target: 000001A9F94FE638 {0x0262a6eae101 <SharedFunctionInfo writeClassTerms>}, bytecode size: 260
- candidate: JSCall node #332 with frequency 0.728215, has_heapnum_param:1, 1 target(s):
  - target: 000001A9B8C47068 {0x027256ebf719 <SharedFunctionInfo foldTermIds>}, bytecode size: 88, existing opt code's inlined bytecode size: 176
- candidate: JSCall node #323 with frequency 0.728215, has_heapnum_param:1, 1 target(s):
  - target: 000001A9B8C47068 {0x027256ebf719 <SharedFunctionInfo foldTermIds>}, bytecode size: 88, existing opt code's inlined bytecode size: 176
Considering 000001A9F9503E48 {0x01a5184d8721 <SharedFunctionInfo assertInteger>} for inlining with 000001A9F9504520 {0x03748003c9a1 <FeedbackVector[11]>}
Budget used: 0/920 -- 1 candidate(s) for inlining:
- candidate: JSCall node #19 with frequency 0.997613, has_heapnum_param:0, 1 target(s):
  - target: 000001A9F9503E48 {0x01a5184d8721 <SharedFunctionInfo assertInteger>}, bytecode size: 47
Inlining 000001A9F9503E48 {0x01a5184d8721 <SharedFunctionInfo assertInteger>} into 000001A9F9503C18 {0x01a5184d8769 <SharedFunctionInfo assertTacticalColumns>}
Considering 000001A9F94FC030 {0x01a5184d98c9 <SharedFunctionInfo assertPlayer>} for inlining with 000001A9B8BDC138 {0x027256e95659 <FeedbackVector[5]>}
Considering 000001A9F94FC418 {0x01a5184d9911 <SharedFunctionInfo assertCell>} for inlining with 000001A9B8BDC1E8 {0x0262a6ea1f21 <FeedbackVector[14]>}
Considering 000001A9F94FC500 {0x01a5184d9959 <SharedFunctionInfo assertWordRange>} for inlining with 000001A9B8BDC6E8 {0x027256e95309 <FeedbackVector[23]>}
Considering 000001A9F94FC500 {0x01a5184d9959 <SharedFunctionInfo assertWordRange>} for inlining with 000001A9B8BDC6E8 {0x027256e95309 <FeedbackVector[23]>}
Budget used: 0/920 -- 4 candidate(s) for inlining:
- candidate: JSCall node #24 with frequency 0.997773, has_heapnum_param:0, 1 target(s):
  - target: 000001A9F94FC030 {0x01a5184d98c9 <SharedFunctionInfo assertPlayer>}, bytecode size: 39
- candidate: JSCall node #41 with frequency 0.997773, has_heapnum_param:0, 1 target(s):
  - target: 000001A9F94FC418 {0x01a5184d9911 <SharedFunctionInfo assertCell>}, bytecode size: 75
- candidate: JSCall node #69 with frequency 0.997773, has_heapnum_param:0, 1 target(s):
  - target: 000001A9F94FC500 {0x01a5184d9959 <SharedFunctionInfo assertWordRange>}, bytecode size: 131
- candidate: JSCall node #55 with frequency 0.997773, has_heapnum_param:0, 1 target(s):
  - target: 000001A9F94FC500 {0x01a5184d9959 <SharedFunctionInfo assertWordRange>}, bytecode size: 131
Inlining 000001A9F94FC030 {0x01a5184d98c9 <SharedFunctionInfo assertPlayer>} into 000001A9F94FBC00 {0x0262a6ea1599 <SharedFunctionInfo advanceInto>}
Budget used: 39/920 -- 3 candidate(s) for inlining:
- candidate: JSCall node #41 with frequency 0.997773, has_heapnum_param:0, 1 target(s):
  - target: 000001A9F94FC418 {0x01a5184d9911 <SharedFunctionInfo assertCell>}, bytecode size: 75
- candidate: JSCall node #69 with frequency 0.997773, has_heapnum_param:0, 1 target(s):
  - target: 000001A9F94FC500 {0x01a5184d9959 <SharedFunctionInfo assertWordRange>}, bytecode size: 131
- candidate: JSCall node #55 with frequency 0.997773, has_heapnum_param:0, 1 target(s):
  - target: 000001A9F94FC500 {0x01a5184d9959 <SharedFunctionInfo assertWordRange>}, bytecode size: 131
Inlining 000001A9F94FC418 {0x01a5184d9911 <SharedFunctionInfo assertCell>} into 000001A9F94FBC00 {0x0262a6ea1599 <SharedFunctionInfo advanceInto>}
Budget used: 114/920 -- 2 candidate(s) for inlining:
- candidate: JSCall node #69 with frequency 0.997773, has_heapnum_param:0, 1 target(s):
  - target: 000001A9F94FC500 {0x01a5184d9959 <SharedFunctionInfo assertWordRange>}, bytecode size: 131
- candidate: JSCall node #55 with frequency 0.997773, has_heapnum_param:0, 1 target(s):
  - target: 000001A9F94FC500 {0x01a5184d9959 <SharedFunctionInfo assertWordRange>}, bytecode size: 131
Inlining 000001A9F94FC500 {0x01a5184d9959 <SharedFunctionInfo assertWordRange>} into 000001A9F94FBC00 {0x0262a6ea1599 <SharedFunctionInfo advanceInto>}
Budget used: 245/920 -- 1 candidate(s) for inlining:
- candidate: JSCall node #55 with frequency 0.997773, has_heapnum_param:0, 1 target(s):
  - target: 000001A9F94FC500 {0x01a5184d9959 <SharedFunctionInfo assertWordRange>}, bytecode size: 131
Inlining 000001A9F94FC500 {0x01a5184d9959 <SharedFunctionInfo assertWordRange>} into 000001A9F94FBC00 {0x0262a6ea1599 <SharedFunctionInfo advanceInto>}
Considering 000001A9F94FA3B8 {0x027256ebf569 <SharedFunctionInfo assertUint16Length>} for inlining with 000001A9F94435F8 {0x03748003d4f9 <FeedbackVector[11]>}
Budget used: 0/920 -- 1 candidate(s) for inlining:
- candidate: JSCall node #79 with frequency 0.998039, has_heapnum_param:0, 1 target(s):
  - target: 000001A9F94FA3B8 {0x027256ebf569 <SharedFunctionInfo assertUint16Length>}, bytecode size: 80
Inlining 000001A9F94FA3B8 {0x027256ebf569 <SharedFunctionInfo assertUint16Length>} into 000001A9F94F9BC8 {0x027256ebf371 <SharedFunctionInfo semanticQuotientP0Length>}
Considering 000001A9F94FE3D8 {0x027256ebf569 <SharedFunctionInfo assertUint16Length>} for inlining with 000001A9F9390488 {0x03748003d4f9 <FeedbackVector[11]>}
Budget used: 0/920 -- 1 candidate(s) for inlining:
- candidate: JSCall node #79 with frequency 0.998043, has_heapnum_param:0, 1 target(s):
  - target: 000001A9F94FE3D8 {0x027256ebf569 <SharedFunctionInfo assertUint16Length>}, bytecode size: 80
Inlining 000001A9F94FE3D8 {0x027256ebf569 <SharedFunctionInfo assertUint16Length>} into 000001A9F94FDBE8 {0x027256ebf3b9 <SharedFunctionInfo semanticQuotientP1Length>}
Considering 000001A9F950B068 {0x027256ebf371 <SharedFunctionInfo semanticQuotientP0Length>} for inlining with 000001A9F9463638 {0x03748003ec39 <FeedbackVector[18]>}
Considering 000001A9F950B150 {0x027256ebf3b9 <SharedFunctionInfo semanticQuotientP1Length>} for inlining with 000001A9F9463698 {0x03748003ecf9 <FeedbackVector[18]>}
Budget used: 0/920 -- 2 candidate(s) for inlining:
- candidate: JSCall node #269 with frequency 0.998088, has_heapnum_param:0, 1 target(s):
  - target: 000001A9F950B150 {0x027256ebf3b9 <SharedFunctionInfo semanticQuotientP1Length>}, bytecode size: 91, existing opt code's inlined bytecode size: 80
- candidate: JSCall node #253 with frequency 0.998088, has_heapnum_param:0, 1 target(s):
  - target: 000001A9F950B068 {0x027256ebf371 <SharedFunctionInfo semanticQuotientP0Length>}, bytecode size: 91, existing opt code's inlined bytecode size: 80
Inlining 000001A9F950B150 {0x027256ebf3b9 <SharedFunctionInfo semanticQuotientP1Length>} into 000001A9F9509C48 {0x027256ebcd71 <SharedFunctionInfo assertDescriptor>}
Considering 000001A9F94637F8 {0x027256ebf569 <SharedFunctionInfo assertUint16Length>} for inlining with 000001A9F9463E38 {0x03748003d4f9 <FeedbackVector[11]>}
Budget used: 91/920 -- 2 candidate(s) for inlining:
- candidate: JSCall node #409 with frequency 0.996135, has_heapnum_param:0, 1 target(s):
  - target: 000001A9F94637F8 {0x027256ebf569 <SharedFunctionInfo assertUint16Length>}, bytecode size: 80
- candidate: JSCall node #253 with frequency 0.998088, has_heapnum_param:0, 1 target(s):
  - target: 000001A9F950B068 {0x027256ebf371 <SharedFunctionInfo semanticQuotientP0Length>}, bytecode size: 91, existing opt code's inlined bytecode size: 80
Inlining 000001A9F94637F8 {0x027256ebf569 <SharedFunctionInfo assertUint16Length>} into 000001A9F9509C48 {0x027256ebcd71 <SharedFunctionInfo assertDescriptor>}
Budget used: 171/920 -- 1 candidate(s) for inlining:
- candidate: JSCall node #253 with frequency 0.998088, has_heapnum_param:0, 1 target(s):
  - target: 000001A9F950B068 {0x027256ebf371 <SharedFunctionInfo semanticQuotientP0Length>}, bytecode size: 91, existing opt code's inlined bytecode size: 80
Inlining 000001A9F950B068 {0x027256ebf371 <SharedFunctionInfo semanticQuotientP0Length>} into 000001A9F9509C48 {0x027256ebcd71 <SharedFunctionInfo assertDescriptor>}
Considering 000001A9F94637F8 {0x027256ebf569 <SharedFunctionInfo assertUint16Length>} for inlining with 000001A9F9463E38 {0x03748003d4f9 <FeedbackVector[11]>}
Budget used: 262/920 -- 1 candidate(s) for inlining:
- candidate: JSCall node #562 with frequency 0.996131, has_heapnum_param:0, 1 target(s):
  - target: 000001A9F94637F8 {0x027256ebf569 <SharedFunctionInfo assertUint16Length>}, bytecode size: 80
Inlining 000001A9F94637F8 {0x027256ebf569 <SharedFunctionInfo assertUint16Length>} into 000001A9F9509C48 {0x027256ebcd71 <SharedFunctionInfo assertDescriptor>}
Considering 000001A9F950DE88 {0x0262a6eae029 <SharedFunctionInfo assertStateId>} for inlining with 000001A9F950F308 {0x03748003e569 <FeedbackVector[22]>}
Considering 000001A9F950E4D8 {0x02d511c28379 <SharedFunctionInfo writeStateParts>} for inlining with 000001A9F96BFE40 {0x03748003ca29 <FeedbackVector[31]>}
Considering 000001A9F950F0F8 {0x0262a6eae149 <SharedFunctionInfo ensureClassMetadata>} for inlining with 000001A9F96C19A0 {0x03748003d0a9 <FeedbackVector[38]>}
Considering 000001A9F950F0F8 {0x0262a6eae149 <SharedFunctionInfo ensureClassMetadata>} for inlining with 000001A9F96C19A0 {0x03748003d0a9 <FeedbackVector[38]>}
Budget used: 0/920 -- 4 candidate(s) for inlining:
- candidate: JSCall node #18 with frequency 0.998028, has_heapnum_param:0, 1 target(s):
  - target: 000001A9F950DE88 {0x0262a6eae029 <SharedFunctionInfo assertStateId>}, bytecode size: 128
- candidate: JSCall node #45 with frequency 0.998028, has_heapnum_param:0, 1 target(s):
  - target: 000001A9F950E4D8 {0x02d511c28379 <SharedFunctionInfo writeStateParts>}, bytecode size: 139, existing opt code's inlined bytecode size: 50
- candidate: JSCall node #134 with frequency 0.998028, has_heapnum_param:0, 1 target(s):
  - target: 000001A9F950F0F8 {0x0262a6eae149 <SharedFunctionInfo ensureClassMetadata>}, bytecode size: 194, existing opt code's inlined bytecode size: 632
- candidate: JSCall node #127 with frequency 0.998028, has_heapnum_param:0, 1 target(s):
  - target: 000001A9F950F0F8 {0x0262a6eae149 <SharedFunctionInfo ensureClassMetadata>}, bytecode size: 194, existing opt code's inlined bytecode size: 632
Inlining 000001A9F950DE88 {0x0262a6eae029 <SharedFunctionInfo assertStateId>} into 000001A9F950DC68 {0x0262a6eae1d9 <SharedFunctionInfo readStateParts>}
Budget used: 128/920 -- 3 candidate(s) for inlining:
- candidate: JSCall node #45 with frequency 0.998028, has_heapnum_param:0, 1 target(s):
  - target: 000001A9F950E4D8 {0x02d511c28379 <SharedFunctionInfo writeStateParts>}, bytecode size: 139, existing opt code's inlined bytecode size: 50
- candidate: JSCall node #134 with frequency 0.998028, has_heapnum_param:0, 1 target(s):
  - target: 000001A9F950F0F8 {0x0262a6eae149 <SharedFunctionInfo ensureClassMetadata>}, bytecode size: 194, existing opt code's inlined bytecode size: 632
- candidate: JSCall node #127 with frequency 0.998028, has_heapnum_param:0, 1 target(s):
  - target: 000001A9F950F0F8 {0x0262a6eae149 <SharedFunctionInfo ensureClassMetadata>}, bytecode size: 194, existing opt code's inlined bytecode size: 632
Inlining 000001A9F950E4D8 {0x02d511c28379 <SharedFunctionInfo writeStateParts>} into 000001A9F950DC68 {0x0262a6eae1d9 <SharedFunctionInfo readStateParts>}
Considering 000001A9B8D0B508 {0x01a5184e5841 <SharedFunctionInfo #assertState>} for inlining with 000001A9B8D0D498 {0x02dc5b63ff29 <FeedbackVector[12]>}
Budget used: 267/920 -- 3 candidate(s) for inlining:
- candidate: JSCall node #315 with frequency 0.996709, has_heapnum_param:0, 1 target(s):
  - target: 000001A9B8D0B508 {0x01a5184e5841 <SharedFunctionInfo #assertState>}, bytecode size: 50
- candidate: JSCall node #134 with frequency 0.998028, has_heapnum_param:0, 1 target(s):
  - target: 000001A9F950F0F8 {0x0262a6eae149 <SharedFunctionInfo ensureClassMetadata>}, bytecode size: 194, existing opt code's inlined bytecode size: 632
- candidate: JSCall node #127 with frequency 0.998028, has_heapnum_param:0, 1 target(s):
  - target: 000001A9F950F0F8 {0x0262a6eae149 <SharedFunctionInfo ensureClassMetadata>}, bytecode size: 194, existing opt code's inlined bytecode size: 632
Inlining 000001A9B8D0B508 {0x01a5184e5841 <SharedFunctionInfo #assertState>} into 000001A9F950DC68 {0x0262a6eae1d9 <SharedFunctionInfo readStateParts>}
Budget used: 317/920 -- 2 candidate(s) for inlining:
- candidate: JSCall node #134 with frequency 0.998028, has_heapnum_param:0, 1 target(s):
  - target: 000001A9F950F0F8 {0x0262a6eae149 <SharedFunctionInfo ensureClassMetadata>}, bytecode size: 194, existing opt code's inlined bytecode size: 632
- candidate: JSCall node #127 with frequency 0.998028, has_heapnum_param:0, 1 target(s):
  - target: 000001A9F950F0F8 {0x0262a6eae149 <SharedFunctionInfo ensureClassMetadata>}, bytecode size: 194, existing opt code's inlined bytecode size: 632
Considering 000001A9B8C21D78 {0x0262a6eae1d9 <SharedFunctionInfo readStateParts>} for inlining with 000001A9B8B087A0 {0x03748003e649 <FeedbackVector[39]>}
Considering 000001A9B8C23000 {0x027256ebf1c1 <SharedFunctionInfo hashSemanticQuotientDescriptorPartsUnchecked>} for inlining with 000001A9B8B0C248 {0x03748003e7b1 <FeedbackVector[46]>}
Budget used: 0/920 -- 2 candidate(s) for inlining:
- candidate: JSCall node #18 with frequency 0.998464, has_heapnum_param:0, 1 target(s):
  - target: 000001A9B8C21D78 {0x0262a6eae1d9 <SharedFunctionInfo readStateParts>}, bytecode size: 176
- candidate: JSCall node #287 with frequency 0.689708, has_heapnum_param:0, 1 target(s):
  - target: 000001A9B8C23000 {0x027256ebf1c1 <SharedFunctionInfo hashSemanticQuotientDescriptorPartsUnchecked>}, bytecode size: 271, existing opt code's inlined bytecode size: 528
Inlining 000001A9B8C21D78 {0x0262a6eae1d9 <SharedFunctionInfo readStateParts>} into 000001A9B8C21B58 {0x0262a6eae221 <SharedFunctionInfo hotStateDescriptor>}
Considering 000001A9B8C25DA8 {0x01a5184e3fc9 <SharedFunctionInfo assertTransitionResult>} for inlining with 000001A9B8C26480 {0x03748003da59 <FeedbackVector[11]>}
Considering 000001A9B8B29C20 {0x0262a6eae029 <SharedFunctionInfo assertStateId>} for inlining with 000001A9B8B2C820 {0x03748003e569 <FeedbackVector[22]>}
Budget used: 0/920 -- 1 candidate(s) for inlining:
- candidate: JSCall node #20 with frequency 0.997613, has_heapnum_param:0, 1 target(s):
  - target: 000001A9B8C25DA8 {0x01a5184e3fc9 <SharedFunctionInfo assertTransitionResult>}, bytecode size: 78
Inlining 000001A9B8C25DA8 {0x01a5184e3fc9 <SharedFunctionInfo assertTransitionResult>} into 000001A9B8C25B88 {0x01a5184e4011 <SharedFunctionInfo requireLegalTransition>}
Considering 000001A9B8B29D50 {0x02d511c28379 <SharedFunctionInfo writeStateParts>} for inlining with 000001A9B8B2D048 {0x03748003ca29 <FeedbackVector[31]>}
Considering 000001A9B8B2B730 {0x0262a6eae149 <SharedFunctionInfo ensureClassMetadata>} for inlining with 000001A9B8B2E210 {0x03748003d0a9 <FeedbackVector[38]>}
Considering 000001A9B8B2B730 {0x0262a6eae149 <SharedFunctionInfo ensureClassMetadata>} for inlining with 000001A9B8B2E210 {0x03748003d0a9 <FeedbackVector[38]>}
Budget used: 176/920 -- 5 candidate(s) for inlining:
- candidate: JSCall node #513 with frequency 0.996495, has_heapnum_param:0, 1 target(s):
  - target: 000001A9B8B29C20 {0x0262a6eae029 <SharedFunctionInfo assertStateId>}, bytecode size: 128
- candidate: JSCall node #539 with frequency 0.996495, has_heapnum_param:0, 1 target(s):
  - target: 000001A9B8B29D50 {0x02d511c28379 <SharedFunctionInfo writeStateParts>}, bytecode size: 139, existing opt code's inlined bytecode size: 50
- candidate: JSCall node #624 with frequency 0.996495, has_heapnum_param:0, 1 target(s):
  - target: 000001A9B8B2B730 {0x0262a6eae149 <SharedFunctionInfo ensureClassMetadata>}, bytecode size: 194, existing opt code's inlined bytecode size: 632
- candidate: JSCall node #617 with frequency 0.996495, has_heapnum_param:0, 1 target(s):
  - target: 000001A9B8B2B730 {0x0262a6eae149 <SharedFunctionInfo ensureClassMetadata>}, bytecode size: 194, existing opt code's inlined bytecode size: 632
- candidate: JSCall node #287 with frequency 0.689708, has_heapnum_param:0, 1 target(s):
  - target: 000001A9B8C23000 {0x027256ebf1c1 <SharedFunctionInfo hashSemanticQuotientDescriptorPartsUnchecked>}, bytecode size: 271, existing opt code's inlined bytecode size: 528
Inlining 000001A9B8B29C20 {0x0262a6eae029 <SharedFunctionInfo assertStateId>} into 000001A9B8C21B58 {0x0262a6eae221 <SharedFunctionInfo hotStateDescriptor>}
Budget used: 304/920 -- 4 candidate(s) for inlining:
- candidate: JSCall node #539 with frequency 0.996495, has_heapnum_param:0, 1 target(s):
  - target: 000001A9B8B29D50 {0x02d511c28379 <SharedFunctionInfo writeStateParts>}, bytecode size: 139, existing opt code's inlined bytecode size: 50
- candidate: JSCall node #624 with frequency 0.996495, has_heapnum_param:0, 1 target(s):
  - target: 000001A9B8B2B730 {0x0262a6eae149 <SharedFunctionInfo ensureClassMetadata>}, bytecode size: 194, existing opt code's inlined bytecode size: 632
- candidate: JSCall node #617 with frequency 0.996495, has_heapnum_param:0, 1 target(s):
  - target: 000001A9B8B2B730 {0x0262a6eae149 <SharedFunctionInfo ensureClassMetadata>}, bytecode size: 194, existing opt code's inlined bytecode size: 632
- candidate: JSCall node #287 with frequency 0.689708, has_heapnum_param:0, 1 target(s):
  - target: 000001A9B8C23000 {0x027256ebf1c1 <SharedFunctionInfo hashSemanticQuotientDescriptorPartsUnchecked>}, bytecode size: 271, existing opt code's inlined bytecode size: 528
Inlining 000001A9B8B29D50 {0x02d511c28379 <SharedFunctionInfo writeStateParts>} into 000001A9B8C21B58 {0x0262a6eae221 <SharedFunctionInfo hotStateDescriptor>}
Considering 000001A9B8C3D708 {0x01a5184e5841 <SharedFunctionInfo #assertState>} for inlining with 000001A9B8C3DE98 {0x02dc5b63ff29 <FeedbackVector[12]>}
Budget used: 443/920 -- 4 candidate(s) for inlining:
- candidate: JSCall node #802 with frequency 0.995178, has_heapnum_param:0, 1 target(s):
  - target: 000001A9B8C3D708 {0x01a5184e5841 <SharedFunctionInfo #assertState>}, bytecode size: 50
- candidate: JSCall node #624 with frequency 0.996495, has_heapnum_param:0, 1 target(s):
  - target: 000001A9B8B2B730 {0x0262a6eae149 <SharedFunctionInfo ensureClassMetadata>}, bytecode size: 194, existing opt code's inlined bytecode size: 632
- candidate: JSCall node #617 with frequency 0.996495, has_heapnum_param:0, 1 target(s):
  - target: 000001A9B8B2B730 {0x0262a6eae149 <SharedFunctionInfo ensureClassMetadata>}, bytecode size: 194, existing opt code's inlined bytecode size: 632
- candidate: JSCall node #287 with frequency 0.689708, has_heapnum_param:0, 1 target(s):
  - target: 000001A9B8C23000 {0x027256ebf1c1 <SharedFunctionInfo hashSemanticQuotientDescriptorPartsUnchecked>}, bytecode size: 271, existing opt code's inlined bytecode size: 528
Inlining 000001A9B8C3D708 {0x01a5184e5841 <SharedFunctionInfo #assertState>} into 000001A9B8C21B58 {0x0262a6eae221 <SharedFunctionInfo hotStateDescriptor>}
Budget used: 493/920 -- 3 candidate(s) for inlining:
- candidate: JSCall node #624 with frequency 0.996495, has_heapnum_param:0, 1 target(s):
  - target: 000001A9B8B2B730 {0x0262a6eae149 <SharedFunctionInfo ensureClassMetadata>}, bytecode size: 194, existing opt code's inlined bytecode size: 632
- candidate: JSCall node #617 with frequency 0.996495, has_heapnum_param:0, 1 target(s):
  - target: 000001A9B8B2B730 {0x0262a6eae149 <SharedFunctionInfo ensureClassMetadata>}, bytecode size: 194, existing opt code's inlined bytecode size: 632
- candidate: JSCall node #287 with frequency 0.689708, has_heapnum_param:0, 1 target(s):
  - target: 000001A9B8C23000 {0x027256ebf1c1 <SharedFunctionInfo hashSemanticQuotientDescriptorPartsUnchecked>}, bytecode size: 271, existing opt code's inlined bytecode size: 528
Considering 000001A9B8C2E318 {0x02d511c28379 <SharedFunctionInfo writeStateParts>} for inlining with 000001A9F94454F0 {0x03748003ca29 <FeedbackVector[31]>}
Considering 000001A9B8C2E420 {0x01a5184faab1 <SharedFunctionInfo rankAt>} for inlining with 000001A9F94464D0 {0x027256e95459 <FeedbackVector[6]>}
Inlining small function(s) at call site #70:JSCall
Inlining 000001A9B8C2E420 {0x01a5184faab1 <SharedFunctionInfo rankAt>} into 000001A9B8C2DBB8 {0x01a5184f92e1 <SharedFunctionInfo frontierBoundCode>}
Considering 000001A9F9446580 {0x01a5184dd5d1 <SharedFunctionInfo assertSupportIndex>} for inlining with 000001A9F94466C8 {0x02d511c2e351 <FeedbackVector[12]>}
Considering 000001A9B8C2EF70 {0x02d511c2b919 <SharedFunctionInfo pool.isEmpty>} for inlining with 000001A9B8CB4828 {0x03748003cb51 <FeedbackVector[2]>}
Considering 000001A9B8C2EF70 {0x02d511c2b919 <SharedFunctionInfo pool.isEmpty>} for inlining with 000001A9B8CB4828 {0x03748003cb51 <FeedbackVector[2]>}
Considering 000001A9B8C36038 {0x0262a6eabfd1 <SharedFunctionInfo transition>} for inlining with 000001A9F938C560 {0x01c2eb144f41 <FeedbackVector[24]>}
Considering 000001A9B8C2F0B0 {0x0262a6ea3179 <SharedFunctionInfo moverNoWin>} for inlining with 000001A9B8CB5FC0 {0x03748003f4a1 <FeedbackVector[8]>}
Considering 000001A9B8C36420 {0x01a5184e3fc9 <SharedFunctionInfo assertTransitionResult>} for inlining with 000001A9F938C5C0 {0x03748003da59 <FeedbackVector[11]>}
Budget used: 0/920 -- 5 candidate(s) for inlining:
- candidate: JSCall node #177 with frequency 0.998239, has_heapnum_param:0, 1 target(s):
  - target: 000001A9B8C2F0B0 {0x0262a6ea3179 <SharedFunctionInfo moverNoWin>}, bytecode size: 35
- candidate: JSCall node #280 with frequency 0.996363, has_heapnum_param:0, 1 target(s):
  - target: 000001A9F9446580 {0x01a5184dd5d1 <SharedFunctionInfo assertSupportIndex>}, bytecode size: 71
- candidate: JSCall node #142 with frequency 0.998239, has_heapnum_param:0, 1 target(s):
  - target: 000001A9B8C2EF70 {0x02d511c2b919 <SharedFunctionInfo pool.isEmpty>}, bytecode size: 17, existing opt code's inlined bytecode size: 76
- candidate: JSCall node #125 with frequency 0.998239, has_heapnum_param:0, 1 target(s):
  - target: 000001A9B8C2EF70 {0x02d511c2b919 <SharedFunctionInfo pool.isEmpty>}, bytecode size: 17, existing opt code's inlined bytecode size: 76
- candidate: JSCall node #47 with frequency 0.998239, has_heapnum_param:0, 1 target(s):
  - target: 000001A9B8C2E318 {0x02d511c28379 <SharedFunctionInfo writeStateParts>}, bytecode size: 139, existing opt code's inlined bytecode size: 50
Inlining 000001A9B8C2F0B0 {0x0262a6ea3179 <SharedFunctionInfo moverNoWin>} into 000001A9B8C2DBB8 {0x01a5184f92e1 <SharedFunctionInfo frontierBoundCode>}
Considering 000001A9B8CF0020 {0x0262a6eabf41 <SharedFunctionInfo isLegal>} for inlining with 000001A9B8C43550 {0x027256e956b1 <FeedbackVector[12]>}
Considering 000001A9B8CB6080 {0x01a5184faa69 <SharedFunctionInfo hasEvenColumnRemainders>} for inlining with 000001A9B8CB65D0 {0x03748003f449 <FeedbackVector[5]>}
Considering 000001A9B8C364F8 {0x0262a6eabef9 <SharedFunctionInfo rankAt>} for inlining with 000001A9F938D188 {0x03748003ce09 <FeedbackVector[21]>}
Budget used: 0/920 -- 1 candidate(s) for inlining:
- candidate: JSCall node #55 with frequency 0.998066, has_heapnum_param:0, 1 target(s):
  - target: 000001A9B8CF0020 {0x0262a6eabf41 <SharedFunctionInfo isLegal>}, bytecode size: 64, existing opt code's inlined bytecode size: 94
Inlining 000001A9B8CF0020 {0x0262a6eabf41 <SharedFunctionInfo isLegal>} into 000001A9B8CEF7E0 {0x0262a6eb4f79 <SharedFunctionInfo>}
Considering 000001A9B8CB6168 {0x02d511c2bc59 <SharedFunctionInfo everyTermInMask>} for inlining with 000001A9B8CB6A18 {0x03748003c831 <FeedbackVector[40]>}
Budget used: 35/920 -- 5 candidate(s) for inlining:
- candidate: JSCall node #280 with frequency 0.996363, has_heapnum_param:0, 1 target(s):
  - target: 000001A9F9446580 {0x01a5184dd5d1 <SharedFunctionInfo assertSupportIndex>}, bytecode size: 71
- candidate: JSCall node #142 with frequency 0.998239, has_heapnum_param:0, 1 target(s):
  - target: 000001A9B8C2EF70 {0x02d511c2b919 <SharedFunctionInfo pool.isEmpty>}, bytecode size: 17, existing opt code's inlined bytecode size: 76
- candidate: JSCall node #125 with frequency 0.998239, has_heapnum_param:0, 1 target(s):
  - target: 000001A9B8C2EF70 {0x02d511c2b919 <SharedFunctionInfo pool.isEmpty>}, bytecode size: 17, existing opt code's inlined bytecode size: 76
- candidate: JSCall node #364 with frequency 0.996482, has_heapnum_param:0, 1 target(s):
  - target: 000001A9B8CB6080 {0x01a5184faa69 <SharedFunctionInfo hasEvenColumnRemainders>}, bytecode size: 43, existing opt code's inlined bytecode size: 71
- candidate: JSCall node #47 with frequency 0.998239, has_heapnum_param:0, 1 target(s):
  - target: 000001A9B8C2E318 {0x02d511c28379 <SharedFunctionInfo writeStateParts>}, bytecode size: 139, existing opt code's inlined bytecode size: 50
Inlining 000001A9F9446580 {0x01a5184dd5d1 <SharedFunctionInfo assertSupportIndex>} into 000001A9B8C2DBB8 {0x01a5184f92e1 <SharedFunctionInfo frontierBoundCode>}
Considering 000001A9B8C365D0 {0x01a5184e4059 <SharedFunctionInfo assertRank>} for inlining with 000001A9F938D550 {0x03748003cee1 <FeedbackVector[11]>}
Considering 000001A9B8C364F8 {0x0262a6eabef9 <SharedFunctionInfo rankAt>} for inlining with 000001A9F938D188 {0x03748003ce09 <FeedbackVector[21]>}
Budget used: 106/920 -- 4 candidate(s) for inlining:
- candidate: JSCall node #142 with frequency 0.998239, has_heapnum_param:0, 1 target(s):
  - target: 000001A9B8C2EF70 {0x02d511c2b919 <SharedFunctionInfo pool.isEmpty>}, bytecode size: 17, existing opt code's inlined bytecode size: 76
- candidate: JSCall node #125 with frequency 0.998239, has_heapnum_param:0, 1 target(s):
  - target: 000001A9B8C2EF70 {0x02d511c2b919 <SharedFunctionInfo pool.isEmpty>}, bytecode size: 17, existing opt code's inlined bytecode size: 76
- candidate: JSCall node #364 with frequency 0.996482, has_heapnum_param:0, 1 target(s):
  - target: 000001A9B8CB6080 {0x01a5184faa69 <SharedFunctionInfo hasEvenColumnRemainders>}, bytecode size: 43, existing opt code's inlined bytecode size: 71
- candidate: JSCall node #47 with frequency 0.998239, has_heapnum_param:0, 1 target(s):
  - target: 000001A9B8C2E318 {0x02d511c28379 <SharedFunctionInfo writeStateParts>}, bytecode size: 139, existing opt code's inlined bytecode size: 50
Inlining 000001A9B8C2EF70 {0x02d511c2b919 <SharedFunctionInfo pool.isEmpty>} into 000001A9B8C2DBB8 {0x01a5184f92e1 <SharedFunctionInfo frontierBoundCode>}
Considering 000001A9B8C43610 {0x0262a6eabc29 <SharedFunctionInfo assertStateId>} for inlining with 000001A9B8C45160 {0x02d511c2e281 <FeedbackVector[20]>}
Considering 000001A9B8C365D0 {0x01a5184e4059 <SharedFunctionInfo assertRank>} for inlining with 000001A9F938D550 {0x03748003cee1 <FeedbackVector[11]>}
Considering 000001A9B8C436D8 {0x0262a6eabc71 <SharedFunctionInfo assertColumn>} for inlining with 000001A9B8C455C0 {0x02d511c2e731 <FeedbackVector[12]>}
Considering 000001A9B8CB7180 {0x02d511c2b319 <SharedFunctionInfo assertClassId>} for inlining with 000001A9B8CB7228 {0x02dc5b63f7e1 <FeedbackVector[12]>}
Budget used: 0/920 -- 6 candidate(s) for inlining:
- candidate: JSCall node #81 with frequency 0.998288, has_heapnum_param:0, 1 target(s):
  - target: 000001A9B8C365D0 {0x01a5184e4059 <SharedFunctionInfo assertRank>}, bytecode size: 69
- candidate: JSCall node #60 with frequency 0.998288, has_heapnum_param:0, 1 target(s):
  - target: 000001A9B8C365D0 {0x01a5184e4059 <SharedFunctionInfo assertRank>}, bytecode size: 69
- candidate: JSCall node #30 with frequency 0.998288, has_heapnum_param:0, 1 target(s):
  - target: 000001A9B8C36420 {0x01a5184e3fc9 <SharedFunctionInfo assertTransitionResult>}, bytecode size: 78
- candidate: JSCall node #71 with frequency 0.998288, has_heapnum_param:0, 1 target(s):
  - target: 000001A9B8C364F8 {0x0262a6eabef9 <SharedFunctionInfo rankAt>}, bytecode size: 97
- candidate: JSCall node #50 with frequency 0.998288, has_heapnum_param:0, 1 target(s):
  - target: 000001A9B8C364F8 {0x0262a6eabef9 <SharedFunctionInfo rankAt>}, bytecode size: 97
- candidate: JSCall node #25 with frequency 0.998288, has_heapnum_param:0, 1 target(s):
  - target: 000001A9B8C36038 {0x0262a6eabfd1 <SharedFunctionInfo transition>}, bytecode size: 136, existing opt code's inlined bytecode size: 94
Inlining 000001A9B8C365D0 {0x01a5184e4059 <SharedFunctionInfo assertRank>} into 000001A9B8C35C08 {0x01a5184e40a1 <SharedFunctionInfo checkedTransition>}
Budget used: 123/920 -- 4 candidate(s) for inlining:
- candidate: JSCall node #474 with frequency 0.995851, has_heapnum_param:0, 1 target(s):
  - target: 000001A9B8CB7180 {0x02d511c2b319 <SharedFunctionInfo assertClassId>}, bytecode size: 76
- candidate: JSCall node #125 with frequency 0.998239, has_heapnum_param:0, 1 target(s):
  - target: 000001A9B8C2EF70 {0x02d511c2b919 <SharedFunctionInfo pool.isEmpty>}, bytecode size: 17, existing opt code's inlined bytecode size: 76
- candidate: JSCall node #364 with frequency 0.996482, has_heapnum_param:0, 1 target(s):
  - target: 000001A9B8CB6080 {0x01a5184faa69 <SharedFunctionInfo hasEvenColumnRemainders>}, bytecode size: 43, existing opt code's inlined bytecode size: 71
- candidate: JSCall node #47 with frequency 0.998239, has_heapnum_param:0, 1 target(s):
  - target: 000001A9B8C2E318 {0x02d511c28379 <SharedFunctionInfo writeStateParts>}, bytecode size: 139, existing opt code's inlined bytecode size: 50
Inlining 000001A9B8CB7180 {0x02d511c2b319 <SharedFunctionInfo assertClassId>} into 000001A9B8C2DBB8 {0x01a5184f92e1 <SharedFunctionInfo frontierBoundCode>}
Considering 000001A9B8C443F0 {0x02d511c28139 <SharedFunctionInfo supportAt>} for inlining with 000001A9B8C45E20 {0x02d511c2e5a1 <FeedbackVector[11]>}
Budget used: 69/920 -- 5 candidate(s) for inlining:
- candidate: JSCall node #60 with frequency 0.998288, has_heapnum_param:0, 1 target(s):
  - target: 000001A9B8C365D0 {0x01a5184e4059 <SharedFunctionInfo assertRank>}, bytecode size: 69
- candidate: JSCall node #30 with frequency 0.998288, has_heapnum_param:0, 1 target(s):
  - target: 000001A9B8C36420 {0x01a5184e3fc9 <SharedFunctionInfo assertTransitionResult>}, bytecode size: 78
- candidate: JSCall node #71 with frequency 0.998288, has_heapnum_param:0, 1 target(s):
  - target: 000001A9B8C364F8 {0x0262a6eabef9 <SharedFunctionInfo rankAt>}, bytecode size: 97
- candidate: JSCall node #50 with frequency 0.998288, has_heapnum_param:0, 1 target(s):
  - target: 000001A9B8C364F8 {0x0262a6eabef9 <SharedFunctionInfo rankAt>}, bytecode size: 97
- candidate: JSCall node #25 with frequency 0.998288, has_heapnum_param:0, 1 target(s):
  - target: 000001A9B8C36038 {0x0262a6eabfd1 <SharedFunctionInfo transition>}, bytecode size: 136, existing opt code's inlined bytecode size: 94
Inlining 000001A9B8C365D0 {0x01a5184e4059 <SharedFunctionInfo assertRank>} into 000001A9B8C35C08 {0x01a5184e40a1 <SharedFunctionInfo checkedTransition>}
Considering 000001A9B8C44CC8 {0x01a5184faaf9 <SharedFunctionInfo landingAt>} for inlining with 000001A9B8C45E80 {0x02d511c2e851 <FeedbackVector[12]>}
Budget used: 199/920 -- 3 candidate(s) for inlining:
- candidate: JSCall node #125 with frequency 0.998239, has_heapnum_param:0, 1 target(s):
  - target: 000001A9B8C2EF70 {0x02d511c2b919 <SharedFunctionInfo pool.isEmpty>}, bytecode size: 17, existing opt code's inlined bytecode size: 76
- candidate: JSCall node #364 with frequency 0.996482, has_heapnum_param:0, 1 target(s):
  - target: 000001A9B8CB6080 {0x01a5184faa69 <SharedFunctionInfo hasEvenColumnRemainders>}, bytecode size: 43, existing opt code's inlined bytecode size: 71
- candidate: JSCall node #47 with frequency 0.998239, has_heapnum_param:0, 1 target(s):
  - target: 000001A9B8C2E318 {0x02d511c28379 <SharedFunctionInfo writeStateParts>}, bytecode size: 139, existing opt code's inlined bytecode size: 50
Inlining 000001A9B8C2EF70 {0x02d511c2b919 <SharedFunctionInfo pool.isEmpty>} into 000001A9B8C2DBB8 {0x01a5184f92e1 <SharedFunctionInfo frontierBoundCode>}
Budget used: 64/920 -- 4 candidate(s) for inlining:
- candidate: JSCall node #107 with frequency 0.996135, has_heapnum_param:0, 1 target(s):
  - target: 000001A9B8C436D8 {0x0262a6eabc71 <SharedFunctionInfo assertColumn>}, bytecode size: 94
- candidate: JSCall node #148 with frequency 0.996135, has_heapnum_param:0, 1 target(s):
  - target: 000001A9B8C443F0 {0x02d511c28139 <SharedFunctionInfo supportAt>}, bytecode size: 54, existing opt code's inlined bytecode size: 50
- candidate: JSCall node #100 with frequency 0.996135, has_heapnum_param:0, 1 target(s):
  - target: 000001A9B8C43610 {0x0262a6eabc29 <SharedFunctionInfo assertStateId>}, bytecode size: 148
- candidate: JSCall node #153 with frequency 0.996135, has_heapnum_param:0, 1 target(s):
  - target: 000001A9B8C44CC8 {0x01a5184faaf9 <SharedFunctionInfo landingAt>}, bytecode size: 91, existing opt code's inlined bytecode size: 142
Inlining 000001A9B8C436D8 {0x0262a6eabc71 <SharedFunctionInfo assertColumn>} into 000001A9B8CEF7E0 {0x0262a6eb4f79 <SharedFunctionInfo>}
Budget used: 138/920 -- 4 candidate(s) for inlining:
- candidate: JSCall node #30 with frequency 0.998288, has_heapnum_param:0, 1 target(s):
  - target: 000001A9B8C36420 {0x01a5184e3fc9 <SharedFunctionInfo assertTransitionResult>}, bytecode size: 78
- candidate: JSCall node #71 with frequency 0.998288, has_heapnum_param:0, 1 target(s):
  - target: 000001A9B8C364F8 {0x0262a6eabef9 <SharedFunctionInfo rankAt>}, bytecode size: 97
- candidate: JSCall node #50 with frequency 0.998288, has_heapnum_param:0, 1 target(s):
  - target: 000001A9B8C364F8 {0x0262a6eabef9 <SharedFunctionInfo rankAt>}, bytecode size: 97
- candidate: JSCall node #25 with frequency 0.998288, has_heapnum_param:0, 1 target(s):
  - target: 000001A9B8C36038 {0x0262a6eabfd1 <SharedFunctionInfo transition>}, bytecode size: 136, existing opt code's inlined bytecode size: 94
Inlining 000001A9B8C36420 {0x01a5184e3fc9 <SharedFunctionInfo assertTransitionResult>} into 000001A9B8C35C08 {0x01a5184e40a1 <SharedFunctionInfo checkedTransition>}
Budget used: 158/920 -- 3 candidate(s) for inlining:
- candidate: JSCall node #148 with frequency 0.996135, has_heapnum_param:0, 1 target(s):
  - target: 000001A9B8C443F0 {0x02d511c28139 <SharedFunctionInfo supportAt>}, bytecode size: 54, existing opt code's inlined bytecode size: 50
- candidate: JSCall node #100 with frequency 0.996135, has_heapnum_param:0, 1 target(s):
  - target: 000001A9B8C43610 {0x0262a6eabc29 <SharedFunctionInfo assertStateId>}, bytecode size: 148
- candidate: JSCall node #153 with frequency 0.996135, has_heapnum_param:0, 1 target(s):
  - target: 000001A9B8C44CC8 {0x01a5184faaf9 <SharedFunctionInfo landingAt>}, bytecode size: 91, existing opt code's inlined bytecode size: 142
Inlining 000001A9B8C443F0 {0x02d511c28139 <SharedFunctionInfo supportAt>} into 000001A9B8CEF7E0 {0x0262a6eb4f79 <SharedFunctionInfo>}
Considering 000001A9B8CB7180 {0x02d511c2b319 <SharedFunctionInfo assertClassId>} for inlining with 000001A9B8CB7228 {0x02dc5b63f7e1 <FeedbackVector[12]>}
Budget used: 216/920 -- 3 candidate(s) for inlining:
- candidate: JSCall node #71 with frequency 0.998288, has_heapnum_param:0, 1 target(s):
  - target: 000001A9B8C364F8 {0x0262a6eabef9 <SharedFunctionInfo rankAt>}, bytecode size: 97
- candidate: JSCall node #50 with frequency 0.998288, has_heapnum_param:0, 1 target(s):
  - target: 000001A9B8C364F8 {0x0262a6eabef9 <SharedFunctionInfo rankAt>}, bytecode size: 97
- candidate: JSCall node #25 with frequency 0.998288, has_heapnum_param:0, 1 target(s):
  - target: 000001A9B8C36038 {0x0262a6eabfd1 <SharedFunctionInfo transition>}, bytecode size: 136, existing opt code's inlined bytecode size: 94
Inlining 000001A9B8C364F8 {0x0262a6eabef9 <SharedFunctionInfo rankAt>} into 000001A9B8C35C08 {0x01a5184e40a1 <SharedFunctionInfo checkedTransition>}
Considering 000001A9B8C461C8 {0x01a5184e5841 <SharedFunctionInfo #assertState>} for inlining with 000001A9B8C466F8 {0x02dc5b63ff29 <FeedbackVector[12]>}
Budget used: 216/920 -- 3 candidate(s) for inlining:
- candidate: JSCall node #573 with frequency 0.995851, has_heapnum_param:0, 1 target(s):
  - target: 000001A9B8CB7180 {0x02d511c2b319 <SharedFunctionInfo assertClassId>}, bytecode size: 76
- candidate: JSCall node #364 with frequency 0.996482, has_heapnum_param:0, 1 target(s):
  - target: 000001A9B8CB6080 {0x01a5184faa69 <SharedFunctionInfo hasEvenColumnRemainders>}, bytecode size: 43, existing opt code's inlined bytecode size: 71
- candidate: JSCall node #47 with frequency 0.998239, has_heapnum_param:0, 1 target(s):
  - target: 000001A9B8C2E318 {0x02d511c28379 <SharedFunctionInfo writeStateParts>}, bytecode size: 139, existing opt code's inlined bytecode size: 50
Inlining 000001A9B8CB7180 {0x02d511c2b319 <SharedFunctionInfo assertClassId>} into 000001A9B8C2DBB8 {0x01a5184f92e1 <SharedFunctionInfo frontierBoundCode>}
Budget used: 212/920 -- 3 candidate(s) for inlining:
- candidate: JSCall node #276 with frequency 0.994324, has_heapnum_param:0, 1 target(s):
  - target: 000001A9B8C461C8 {0x01a5184e5841 <SharedFunctionInfo #assertState>}, bytecode size: 50
- candidate: JSCall node #100 with frequency 0.996135, has_heapnum_param:0, 1 target(s):
  - target: 000001A9B8C43610 {0x0262a6eabc29 <SharedFunctionInfo assertStateId>}, bytecode size: 148
- candidate: JSCall node #153 with frequency 0.996135, has_heapnum_param:0, 1 target(s):
  - target: 000001A9B8C44CC8 {0x01a5184faaf9 <SharedFunctionInfo landingAt>}, bytecode size: 91, existing opt code's inlined bytecode size: 142
Budget used: 292/920 -- 2 candidate(s) for inlining:
- candidate: JSCall node #364 with frequency 0.996482, has_heapnum_param:0, 1 target(s):
  - target: 000001A9B8CB6080 {0x01a5184faa69 <SharedFunctionInfo hasEvenColumnRemainders>}, bytecode size: 43, existing opt code's inlined bytecode size: 71
- candidate: JSCall node #47 with frequency 0.998239, has_heapnum_param:0, 1 target(s):
  - target: 000001A9B8C2E318 {0x02d511c28379 <SharedFunctionInfo writeStateParts>}, bytecode size: 139, existing opt code's inlined bytecode size: 50
Inlining 000001A9B8CB6080 {0x01a5184faa69 <SharedFunctionInfo hasEvenColumnRemainders>} into 000001A9B8C2DBB8 {0x01a5184f92e1 <SharedFunctionInfo frontierBoundCode>}
Considering 000001A9F938F6D0 {0x0262a6eabc29 <SharedFunctionInfo assertStateId>} for inlining with 000001A9F938F9A0 {0x02d511c2e281 <FeedbackVector[20]>}
Inlining 000001A9B8C461C8 {0x01a5184e5841 <SharedFunctionInfo #assertState>} into 000001A9B8CEF7E0 {0x0262a6eb4f79 <SharedFunctionInfo>}
Considering 000001A9F938F7D8 {0x02d511c28139 <SharedFunctionInfo supportAt>} for inlining with 000001A9F9390200 {0x02d511c2e5a1 <FeedbackVector[11]>}
Considering 000001A9F9446580 {0x01a5184dd5d1 <SharedFunctionInfo assertSupportIndex>} for inlining with 000001A9F94466C8 {0x02d511c2e351 <FeedbackVector[12]>}
Considering 000001A9F938F8B0 {0x01a5184faab1 <SharedFunctionInfo rankAt>} for inlining with 000001A9B8AC1908 {0x027256e95459 <FeedbackVector[6]>}
Budget used: 335/920 -- 2 candidate(s) for inlining:
- candidate: JSCall node #678 with frequency 0.994657, has_heapnum_param:0, 1 target(s):
  - target: 000001A9F9446580 {0x01a5184dd5d1 <SharedFunctionInfo assertSupportIndex>}, bytecode size: 71
- candidate: JSCall node #47 with frequency 0.998239, has_heapnum_param:0, 1 target(s):
  - target: 000001A9B8C2E318 {0x02d511c28379 <SharedFunctionInfo writeStateParts>}, bytecode size: 139, existing opt code's inlined bytecode size: 50
Budget used: 313/920 -- 5 candidate(s) for inlining:
- candidate: JSCall node #50 with frequency 0.998288, has_heapnum_param:0, 1 target(s):
  - target: 000001A9B8C364F8 {0x0262a6eabef9 <SharedFunctionInfo rankAt>}, bytecode size: 97
- candidate: JSCall node #364 with frequency 0.996561, has_heapnum_param:0, 1 target(s):
  - target: 000001A9F938F7D8 {0x02d511c28139 <SharedFunctionInfo supportAt>}, bytecode size: 54, existing opt code's inlined bytecode size: 50
- candidate: JSCall node #369 with frequency 0.996561, has_heapnum_param:0, 1 target(s):
  - target: 000001A9F938F8B0 {0x01a5184faab1 <SharedFunctionInfo rankAt>}, bytecode size: 42, existing opt code's inlined bytecode size: 71
- candidate: JSCall node #329 with frequency 0.996561, has_heapnum_param:0, 1 target(s):
  - target: 000001A9F938F6D0 {0x0262a6eabc29 <SharedFunctionInfo assertStateId>}, bytecode size: 148
- candidate: JSCall node #25 with frequency 0.998288, has_heapnum_param:0, 1 target(s):
  - target: 000001A9B8C36038 {0x0262a6eabfd1 <SharedFunctionInfo transition>}, bytecode size: 136, existing opt code's inlined bytecode size: 94
Inlining 000001A9B8C364F8 {0x0262a6eabef9 <SharedFunctionInfo rankAt>} into 000001A9B8C35C08 {0x01a5184e40a1 <SharedFunctionInfo checkedTransition>}
Inlining 000001A9F9446580 {0x01a5184dd5d1 <SharedFunctionInfo assertSupportIndex>} into 000001A9B8C2DBB8 {0x01a5184f92e1 <SharedFunctionInfo frontierBoundCode>}
Budget used: 262/920 -- 2 candidate(s) for inlining:
- candidate: JSCall node #100 with frequency 0.996135, has_heapnum_param:0, 1 target(s):
  - target: 000001A9B8C43610 {0x0262a6eabc29 <SharedFunctionInfo assertStateId>}, bytecode size: 148
- candidate: JSCall node #153 with frequency 0.996135, has_heapnum_param:0, 1 target(s):
  - target: 000001A9B8C44CC8 {0x01a5184faaf9 <SharedFunctionInfo landingAt>}, bytecode size: 91, existing opt code's inlined bytecode size: 142
Budget used: 406/920 -- 1 candidate(s) for inlining:
- candidate: JSCall node #47 with frequency 0.998239, has_heapnum_param:0, 1 target(s):
  - target: 000001A9B8C2E318 {0x02d511c28379 <SharedFunctionInfo writeStateParts>}, bytecode size: 139, existing opt code's inlined bytecode size: 50
Inlining 000001A9B8C2E318 {0x02d511c28379 <SharedFunctionInfo writeStateParts>} into 000001A9B8C2DBB8 {0x01a5184f92e1 <SharedFunctionInfo frontierBoundCode>}
Considering 000001A9F938F6D0 {0x0262a6eabc29 <SharedFunctionInfo assertStateId>} for inlining with 000001A9F938F9A0 {0x02d511c2e281 <FeedbackVector[20]>}
Inlining 000001A9B8C43610 {0x0262a6eabc29 <SharedFunctionInfo assertStateId>} into 000001A9B8CEF7E0 {0x0262a6eb4f79 <SharedFunctionInfo>}
Considering 000001A9F938F7D8 {0x02d511c28139 <SharedFunctionInfo supportAt>} for inlining with 000001A9F9390200 {0x02d511c2e5a1 <FeedbackVector[11]>}
Considering 000001A9B8CB7A78 {0x01a5184e5841 <SharedFunctionInfo #assertState>} for inlining with 000001A9B8CBA208 {0x02dc5b63ff29 <FeedbackVector[12]>}
Considering 000001A9F938F8B0 {0x01a5184faab1 <SharedFunctionInfo rankAt>} for inlining with 000001A9B8AC1908 {0x027256e95459 <FeedbackVector[6]>}
Budget used: 410/920 -- 1 candidate(s) for inlining:
- candidate: JSCall node #153 with frequency 0.996135, has_heapnum_param:0, 1 target(s):
  - target: 000001A9B8C44CC8 {0x01a5184faaf9 <SharedFunctionInfo landingAt>}, bytecode size: 91, existing opt code's inlined bytecode size: 142
Inlining 000001A9B8C44CC8 {0x01a5184faaf9 <SharedFunctionInfo landingAt>} into 000001A9B8CEF7E0 {0x0262a6eb4f79 <SharedFunctionInfo>}
Budget used: 545/920 -- 1 candidate(s) for inlining:
- candidate: JSCall node #804 with frequency 0.996921, has_heapnum_param:0, 1 target(s):
  - target: 000001A9B8CB7A78 {0x01a5184e5841 <SharedFunctionInfo #assertState>}, bytecode size: 50
Inlining 000001A9B8CB7A78 {0x01a5184e5841 <SharedFunctionInfo #assertState>} into 000001A9B8C2DBB8 {0x01a5184f92e1 <SharedFunctionInfo frontierBoundCode>}
Budget used: 410/920 -- 7 candidate(s) for inlining:
- candidate: JSCall node #483 with frequency 0.996561, has_heapnum_param:0, 1 target(s):
  - target: 000001A9F938F7D8 {0x02d511c28139 <SharedFunctionInfo supportAt>}, bytecode size: 54, existing opt code's inlined bytecode size: 50
- candidate: JSCall node #364 with frequency 0.996561, has_heapnum_param:0, 1 target(s):
  - target: 000001A9F938F7D8 {0x02d511c28139 <SharedFunctionInfo supportAt>}, bytecode size: 54, existing opt code's inlined bytecode size: 50
- candidate: JSCall node #488 with frequency 0.996561, has_heapnum_param:0, 1 target(s):
  - target: 000001A9F938F8B0 {0x01a5184faab1 <SharedFunctionInfo rankAt>}, bytecode size: 42, existing opt code's inlined bytecode size: 71
- candidate: JSCall node #369 with frequency 0.996561, has_heapnum_param:0, 1 target(s):
  - target: 000001A9F938F8B0 {0x01a5184faab1 <SharedFunctionInfo rankAt>}, bytecode size: 42, existing opt code's inlined bytecode size: 71
- candidate: JSCall node #450 with frequency 0.996561, has_heapnum_param:0, 1 target(s):
  - target: 000001A9F938F6D0 {0x0262a6eabc29 <SharedFunctionInfo assertStateId>}, bytecode size: 148
- candidate: JSCall node #329 with frequency 0.996561, has_heapnum_param:0, 1 target(s):
  - target: 000001A9F938F6D0 {0x0262a6eabc29 <SharedFunctionInfo assertStateId>}, bytecode size: 148
- candidate: JSCall node #25 with frequency 0.998288, has_heapnum_param:0, 1 target(s):
  - target: 000001A9B8C36038 {0x0262a6eabfd1 <SharedFunctionInfo transition>}, bytecode size: 136, existing opt code's inlined bytecode size: 94
Inlining 000001A9F938F7D8 {0x02d511c28139 <SharedFunctionInfo supportAt>} into 000001A9B8C35C08 {0x01a5184e40a1 <SharedFunctionInfo checkedTransition>}
Considering 000001A9B8C58B98 {0x01a5184dd5d1 <SharedFunctionInfo assertSupportIndex>} for inlining with 000001A9B8C58E28 {0x02d511c2e351 <FeedbackVector[12]>}
Considering 000001A9B8AC2EC8 {0x01a5184e5841 <SharedFunctionInfo #assertState>} for inlining with 000001A9B8AC33F8 {0x02dc5b63ff29 <FeedbackVector[12]>}
Considering 000001A9B8C58C60 {0x01a5184dd619 <SharedFunctionInfo assertSupportColumn>} for inlining with 000001A9B8C58E88 {0x02d511c2e7c1 <FeedbackVector[12]>}
Budget used: 464/920 -- 7 candidate(s) for inlining:
- candidate: JSCall node #570 with frequency 0.994749, has_heapnum_param:0, 1 target(s):
  - target: 000001A9B8AC2EC8 {0x01a5184e5841 <SharedFunctionInfo #assertState>}, bytecode size: 50
- candidate: JSCall node #364 with frequency 0.996561, has_heapnum_param:0, 1 target(s):
  - target: 000001A9F938F7D8 {0x02d511c28139 <SharedFunctionInfo supportAt>}, bytecode size: 54, existing opt code's inlined bytecode size: 50
- candidate: JSCall node #488 with frequency 0.996561, has_heapnum_param:0, 1 target(s):
  - target: 000001A9F938F8B0 {0x01a5184faab1 <SharedFunctionInfo rankAt>}, bytecode size: 42, existing opt code's inlined bytecode size: 71
- candidate: JSCall node #369 with frequency 0.996561, has_heapnum_param:0, 1 target(s):
  - target: 000001A9F938F8B0 {0x01a5184faab1 <SharedFunctionInfo rankAt>}, bytecode size: 42, existing opt code's inlined bytecode size: 71
- candidate: JSCall node #450 with frequency 0.996561, has_heapnum_param:0, 1 target(s):
  - target: 000001A9F938F6D0 {0x0262a6eabc29 <SharedFunctionInfo assertStateId>}, bytecode size: 148
- candidate: JSCall node #329 with frequency 0.996561, has_heapnum_param:0, 1 target(s):
  - target: 000001A9F938F6D0 {0x0262a6eabc29 <SharedFunctionInfo assertStateId>}, bytecode size: 148
- candidate: JSCall node #25 with frequency 0.998288, has_heapnum_param:0, 1 target(s):
  - target: 000001A9B8C36038 {0x0262a6eabfd1 <SharedFunctionInfo transition>}, bytecode size: 136, existing opt code's inlined bytecode size: 94
Inlining 000001A9B8AC2EC8 {0x01a5184e5841 <SharedFunctionInfo #assertState>} into 000001A9B8C35C08 {0x01a5184e40a1 <SharedFunctionInfo checkedTransition>}
Budget used: 501/920 -- 2 candidate(s) for inlining:
- candidate: JSCall node #562 with frequency 0.994344, has_heapnum_param:0, 1 target(s):
  - target: 000001A9B8C58C60 {0x01a5184dd619 <SharedFunctionInfo assertSupportColumn>}, bytecode size: 71
- candidate: JSCall node #546 with frequency 0.994344, has_heapnum_param:0, 1 target(s):
  - target: 000001A9B8C58B98 {0x01a5184dd5d1 <SharedFunctionInfo assertSupportIndex>}, bytecode size: 71
Inlining 000001A9B8C58C60 {0x01a5184dd619 <SharedFunctionInfo assertSupportColumn>} into 000001A9B8CEF7E0 {0x0262a6eb4f79 <SharedFunctionInfo>}
Budget used: 514/920 -- 6 candidate(s) for inlining:
- candidate: JSCall node #364 with frequency 0.996561, has_heapnum_param:0, 1 target(s):
  - target: 000001A9F938F7D8 {0x02d511c28139 <SharedFunctionInfo supportAt>}, bytecode size: 54, existing opt code's inlined bytecode size: 50
- candidate: JSCall node #488 with frequency 0.996561, has_heapnum_param:0, 1 target(s):
  - target: 000001A9F938F8B0 {0x01a5184faab1 <SharedFunctionInfo rankAt>}, bytecode size: 42, existing opt code's inlined bytecode size: 71
- candidate: JSCall node #369 with frequency 0.996561, has_heapnum_param:0, 1 target(s):
  - target: 000001A9F938F8B0 {0x01a5184faab1 <SharedFunctionInfo rankAt>}, bytecode size: 42, existing opt code's inlined bytecode size: 71
- candidate: JSCall node #450 with frequency 0.996561, has_heapnum_param:0, 1 target(s):
  - target: 000001A9F938F6D0 {0x0262a6eabc29 <SharedFunctionInfo assertStateId>}, bytecode size: 148
- candidate: JSCall node #329 with frequency 0.996561, has_heapnum_param:0, 1 target(s):
  - target: 000001A9F938F6D0 {0x0262a6eabc29 <SharedFunctionInfo assertStateId>}, bytecode size: 148
- candidate: JSCall node #25 with frequency 0.998288, has_heapnum_param:0, 1 target(s):
  - target: 000001A9B8C36038 {0x0262a6eabfd1 <SharedFunctionInfo transition>}, bytecode size: 136, existing opt code's inlined bytecode size: 94
Inlining 000001A9F938F7D8 {0x02d511c28139 <SharedFunctionInfo supportAt>} into 000001A9B8C35C08 {0x01a5184e40a1 <SharedFunctionInfo checkedTransition>}
Considering 000001A9F94F5DC8 {0x0262a6eabc29 <SharedFunctionInfo assertStateId>} for inlining with 000001A9F94F6558 {0x02d511c2e281 <FeedbackVector[20]>}
Budget used: 572/920 -- 1 candidate(s) for inlining:
- candidate: JSCall node #546 with frequency 0.994344, has_heapnum_param:0, 1 target(s):
  - target: 000001A9B8C58B98 {0x01a5184dd5d1 <SharedFunctionInfo assertSupportIndex>}, bytecode size: 71
Inlining 000001A9B8C58B98 {0x01a5184dd5d1 <SharedFunctionInfo assertSupportIndex>} into 000001A9B8CEF7E0 {0x0262a6eb4f79 <SharedFunctionInfo>}
Considering 000001A9F94F63C0 {0x01a5184f92e1 <SharedFunctionInfo frontierBoundCode>} for inlining with 000001A9F94A2F90 {0x03748003f511 <FeedbackVector[33]>}
Considering 000001A9B8AC2EC8 {0x01a5184e5841 <SharedFunctionInfo #assertState>} for inlining with 000001A9B8AC33F8 {0x02dc5b63ff29 <FeedbackVector[12]>}
Budget used: 0/920 -- 2 candidate(s) for inlining:
- candidate: JSCall node #18 with frequency 0.998138, has_heapnum_param:0, 1 target(s):
  - target: 000001A9F94F5DC8 {0x0262a6eabc29 <SharedFunctionInfo assertStateId>}, bytecode size: 148
- candidate: JSCall node #39 with frequency 0.998138, has_heapnum_param:0, 1 target(s):
  - target: 000001A9F94F63C0 {0x01a5184f92e1 <SharedFunctionInfo frontierBoundCode>}, bytecode size: 203, existing opt code's inlined bytecode size: 221
Budget used: 568/920 -- 6 candidate(s) for inlining:
- candidate: JSCall node #701 with frequency 0.994749, has_heapnum_param:0, 1 target(s):
  - target: 000001A9B8AC2EC8 {0x01a5184e5841 <SharedFunctionInfo #assertState>}, bytecode size: 50
- candidate: JSCall node #488 with frequency 0.996561, has_heapnum_param:0, 1 target(s):
  - target: 000001A9F938F8B0 {0x01a5184faab1 <SharedFunctionInfo rankAt>}, bytecode size: 42, existing opt code's inlined bytecode size: 71
- candidate: JSCall node #369 with frequency 0.996561, has_heapnum_param:0, 1 target(s):
  - target: 000001A9F938F8B0 {0x01a5184faab1 <SharedFunctionInfo rankAt>}, bytecode size: 42, existing opt code's inlined bytecode size: 71
- candidate: JSCall node #450 with frequency 0.996561, has_heapnum_param:0, 1 target(s):
  - target: 000001A9F938F6D0 {0x0262a6eabc29 <SharedFunctionInfo assertStateId>}, bytecode size: 148
- candidate: JSCall node #329 with frequency 0.996561, has_heapnum_param:0, 1 target(s):
  - target: 000001A9F938F6D0 {0x0262a6eabc29 <SharedFunctionInfo assertStateId>}, bytecode size: 148
- candidate: JSCall node #25 with frequency 0.998288, has_heapnum_param:0, 1 target(s):
  - target: 000001A9B8C36038 {0x0262a6eabfd1 <SharedFunctionInfo transition>}, bytecode size: 136, existing opt code's inlined bytecode size: 94
Inlining 000001A9B8AC2EC8 {0x01a5184e5841 <SharedFunctionInfo #assertState>} into 000001A9B8C35C08 {0x01a5184e40a1 <SharedFunctionInfo checkedTransition>}
Inlining 000001A9F94F5DC8 {0x0262a6eabc29 <SharedFunctionInfo assertStateId>} into 000001A9F94F5BA8 {0x0262a6eac019 <SharedFunctionInfo frontierBoundCode>}
Budget used: 618/920 -- 5 candidate(s) for inlining:
- candidate: JSCall node #488 with frequency 0.996561, has_heapnum_param:0, 1 target(s):
  - target: 000001A9F938F8B0 {0x01a5184faab1 <SharedFunctionInfo rankAt>}, bytecode size: 42, existing opt code's inlined bytecode size: 71
- candidate: JSCall node #369 with frequency 0.996561, has_heapnum_param:0, 1 target(s):
  - target: 000001A9F938F8B0 {0x01a5184faab1 <SharedFunctionInfo rankAt>}, bytecode size: 42, existing opt code's inlined bytecode size: 71
- candidate: JSCall node #450 with frequency 0.996561, has_heapnum_param:0, 1 target(s):
  - target: 000001A9F938F6D0 {0x0262a6eabc29 <SharedFunctionInfo assertStateId>}, bytecode size: 148
- candidate: JSCall node #329 with frequency 0.996561, has_heapnum_param:0, 1 target(s):
  - target: 000001A9F938F6D0 {0x0262a6eabc29 <SharedFunctionInfo assertStateId>}, bytecode size: 148
- candidate: JSCall node #25 with frequency 0.998288, has_heapnum_param:0, 1 target(s):
  - target: 000001A9B8C36038 {0x0262a6eabfd1 <SharedFunctionInfo transition>}, bytecode size: 136, existing opt code's inlined bytecode size: 94
Inlining 000001A9F938F8B0 {0x01a5184faab1 <SharedFunctionInfo rankAt>} into 000001A9B8C35C08 {0x01a5184e40a1 <SharedFunctionInfo checkedTransition>}
Considering 000001A9B8AC4918 {0x01a5184dd5d1 <SharedFunctionInfo assertSupportIndex>} for inlining with 000001A9B8AC4A60 {0x02d511c2e351 <FeedbackVector[12]>}
Budget used: 148/920 -- 1 candidate(s) for inlining:
- candidate: JSCall node #39 with frequency 0.998138, has_heapnum_param:0, 1 target(s):
  - target: 000001A9F94F63C0 {0x01a5184f92e1 <SharedFunctionInfo frontierBoundCode>}, bytecode size: 203, existing opt code's inlined bytecode size: 221
Inlining 000001A9F94F63C0 {0x01a5184f92e1 <SharedFunctionInfo frontierBoundCode>} into 000001A9F94F5BA8 {0x0262a6eac019 <SharedFunctionInfo frontierBoundCode>}
Budget used: 660/920 -- 5 candidate(s) for inlining:
- candidate: JSCall node #827 with frequency 0.994687, has_heapnum_param:0, 1 target(s):
  - target: 000001A9B8AC4918 {0x01a5184dd5d1 <SharedFunctionInfo assertSupportIndex>}, bytecode size: 71
- candidate: JSCall node #369 with frequency 0.996561, has_heapnum_param:0, 1 target(s):
  - target: 000001A9F938F8B0 {0x01a5184faab1 <SharedFunctionInfo rankAt>}, bytecode size: 42, existing opt code's inlined bytecode size: 71
- candidate: JSCall node #450 with frequency 0.996561, has_heapnum_param:0, 1 target(s):
  - target: 000001A9F938F6D0 {0x0262a6eabc29 <SharedFunctionInfo assertStateId>}, bytecode size: 148
- candidate: JSCall node #329 with frequency 0.996561, has_heapnum_param:0, 1 target(s):
  - target: 000001A9F938F6D0 {0x0262a6eabc29 <SharedFunctionInfo assertStateId>}, bytecode size: 148
- candidate: JSCall node #25 with frequency 0.998288, has_heapnum_param:0, 1 target(s):
  - target: 000001A9B8C36038 {0x0262a6eabfd1 <SharedFunctionInfo transition>}, bytecode size: 136, existing opt code's inlined bytecode size: 94
Inlining 000001A9B8AC4918 {0x01a5184dd5d1 <SharedFunctionInfo assertSupportIndex>} into 000001A9B8C35C08 {0x01a5184e40a1 <SharedFunctionInfo checkedTransition>}
Budget used: 731/920 -- 4 candidate(s) for inlining:
- candidate: JSCall node #369 with frequency 0.996561, has_heapnum_param:0, 1 target(s):
  - target: 000001A9F938F8B0 {0x01a5184faab1 <SharedFunctionInfo rankAt>}, bytecode size: 42, existing opt code's inlined bytecode size: 71
- candidate: JSCall node #450 with frequency 0.996561, has_heapnum_param:0, 1 target(s):
  - target: 000001A9F938F6D0 {0x0262a6eabc29 <SharedFunctionInfo assertStateId>}, bytecode size: 148
- candidate: JSCall node #329 with frequency 0.996561, has_heapnum_param:0, 1 target(s):
  - target: 000001A9F938F6D0 {0x0262a6eabc29 <SharedFunctionInfo assertStateId>}, bytecode size: 148
- candidate: JSCall node #25 with frequency 0.998288, has_heapnum_param:0, 1 target(s):
  - target: 000001A9B8C36038 {0x0262a6eabfd1 <SharedFunctionInfo transition>}, bytecode size: 136, existing opt code's inlined bytecode size: 94
Considering 000001A9F94A5AA0 {0x02d511c28379 <SharedFunctionInfo writeStateParts>} for inlining with 000001A9F94A6640 {0x03748003ca29 <FeedbackVector[31]>}
Inlining 000001A9F938F8B0 {0x01a5184faab1 <SharedFunctionInfo rankAt>} into 000001A9B8C35C08 {0x01a5184e40a1 <SharedFunctionInfo checkedTransition>}
Considering 000001A9B8AC4918 {0x01a5184dd5d1 <SharedFunctionInfo assertSupportIndex>} for inlining with 000001A9B8AC4A60 {0x02d511c2e351 <FeedbackVector[12]>}
Considering 000001A9F94A5BA8 {0x01a5184faab1 <SharedFunctionInfo rankAt>} for inlining with 000001A9B8A83488 {0x027256e95459 <FeedbackVector[6]>}
Budget used: 773/920 -- 4 candidate(s) for inlining:
- candidate: JSCall node #963 with frequency 0.994687, has_heapnum_param:0, 1 target(s):
  - target: 000001A9B8AC4918 {0x01a5184dd5d1 <SharedFunctionInfo assertSupportIndex>}, bytecode size: 71
- candidate: JSCall node #450 with frequency 0.996561, has_heapnum_param:0, 1 target(s):
  - target: 000001A9F938F6D0 {0x0262a6eabc29 <SharedFunctionInfo assertStateId>}, bytecode size: 148
- candidate: JSCall node #329 with frequency 0.996561, has_heapnum_param:0, 1 target(s):
  - target: 000001A9F938F6D0 {0x0262a6eabc29 <SharedFunctionInfo assertStateId>}, bytecode size: 148
- candidate: JSCall node #25 with frequency 0.998288, has_heapnum_param:0, 1 target(s):
  - target: 000001A9B8C36038 {0x0262a6eabfd1 <SharedFunctionInfo transition>}, bytecode size: 136, existing opt code's inlined bytecode size: 94
Inlining 000001A9B8AC4918 {0x01a5184dd5d1 <SharedFunctionInfo assertSupportIndex>} into 000001A9B8C35C08 {0x01a5184e40a1 <SharedFunctionInfo checkedTransition>}
Inlining small function(s) at call site #271:JSCall
Inlining 000001A9F94A5BA8 {0x01a5184faab1 <SharedFunctionInfo rankAt>} into 000001A9F94F5BA8 {0x0262a6eac019 <SharedFunctionInfo frontierBoundCode>}
Budget used: 844/920 -- 3 candidate(s) for inlining:
- candidate: JSCall node #450 with frequency 0.996561, has_heapnum_param:0, 1 target(s):
  - target: 000001A9F938F6D0 {0x0262a6eabc29 <SharedFunctionInfo assertStateId>}, bytecode size: 148
- candidate: JSCall node #329 with frequency 0.996561, has_heapnum_param:0, 1 target(s):
  - target: 000001A9F938F6D0 {0x0262a6eabc29 <SharedFunctionInfo assertStateId>}, bytecode size: 148
- candidate: JSCall node #25 with frequency 0.998288, has_heapnum_param:0, 1 target(s):
  - target: 000001A9B8C36038 {0x0262a6eabfd1 <SharedFunctionInfo transition>}, bytecode size: 136, existing opt code's inlined bytecode size: 94
Considering 000001A9B8A83538 {0x01a5184dd5d1 <SharedFunctionInfo assertSupportIndex>} for inlining with 000001A9B8A83680 {0x02d511c2e351 <FeedbackVector[12]>}
Considering 000001A9F94A5CF8 {0x02d511c2b919 <SharedFunctionInfo pool.isEmpty>} for inlining with 000001A9B8A84B58 {0x03748003cb51 <FeedbackVector[2]>}
Considering 000001A9F94A5CF8 {0x02d511c2b919 <SharedFunctionInfo pool.isEmpty>} for inlining with 000001A9B8A84B58 {0x03748003cb51 <FeedbackVector[2]>}
Considering 000001A9F94A5E38 {0x0262a6ea3179 <SharedFunctionInfo moverNoWin>} for inlining with 000001A9B8A852F0 {0x03748003f4a1 <FeedbackVector[8]>}
Budget used: 351/920 -- 5 candidate(s) for inlining:
- candidate: JSCall node #373 with frequency 0.996381, has_heapnum_param:0, 1 target(s):
  - target: 000001A9F94A5E38 {0x0262a6ea3179 <SharedFunctionInfo moverNoWin>}, bytecode size: 35
- candidate: JSCall node #475 with frequency 0.994508, has_heapnum_param:0, 1 target(s):
  - target: 000001A9B8A83538 {0x01a5184dd5d1 <SharedFunctionInfo assertSupportIndex>}, bytecode size: 71
- candidate: JSCall node #339 with frequency 0.996381, has_heapnum_param:0, 1 target(s):
  - target: 000001A9F94A5CF8 {0x02d511c2b919 <SharedFunctionInfo pool.isEmpty>}, bytecode size: 17, existing opt code's inlined bytecode size: 76
- candidate: JSCall node #322 with frequency 0.996381, has_heapnum_param:0, 1 target(s):
  - target: 000001A9F94A5CF8 {0x02d511c2b919 <SharedFunctionInfo pool.isEmpty>}, bytecode size: 17, existing opt code's inlined bytecode size: 76
- candidate: JSCall node #248 with frequency 0.996381, has_heapnum_param:0, 1 target(s):
  - target: 000001A9F94A5AA0 {0x02d511c28379 <SharedFunctionInfo writeStateParts>}, bytecode size: 139, existing opt code's inlined bytecode size: 50
Inlining 000001A9F94A5E38 {0x0262a6ea3179 <SharedFunctionInfo moverNoWin>} into 000001A9F94F5BA8 {0x0262a6eac019 <SharedFunctionInfo frontierBoundCode>}
Considering 000001A9B8A853B0 {0x01a5184faa69 <SharedFunctionInfo hasEvenColumnRemainders>} for inlining with 000001A9B8A87900 {0x03748003f449 <FeedbackVector[5]>}
Considering 000001A9B8A85498 {0x02d511c2bc59 <SharedFunctionInfo everyTermInMask>} for inlining with 000001A9B8A87D48 {0x03748003c831 <FeedbackVector[40]>}
Budget used: 386/920 -- 5 candidate(s) for inlining:
- candidate: JSCall node #475 with frequency 0.994508, has_heapnum_param:0, 1 target(s):
  - target: 000001A9B8A83538 {0x01a5184dd5d1 <SharedFunctionInfo assertSupportIndex>}, bytecode size: 71
- candidate: JSCall node #339 with frequency 0.996381, has_heapnum_param:0, 1 target(s):
  - target: 000001A9F94A5CF8 {0x02d511c2b919 <SharedFunctionInfo pool.isEmpty>}, bytecode size: 17, existing opt code's inlined bytecode size: 76
- candidate: JSCall node #322 with frequency 0.996381, has_heapnum_param:0, 1 target(s):
  - target: 000001A9F94A5CF8 {0x02d511c2b919 <SharedFunctionInfo pool.isEmpty>}, bytecode size: 17, existing opt code's inlined bytecode size: 76
- candidate: JSCall node #559 with frequency 0.994626, has_heapnum_param:0, 1 target(s):
  - target: 000001A9B8A853B0 {0x01a5184faa69 <SharedFunctionInfo hasEvenColumnRemainders>}, bytecode size: 43, existing opt code's inlined bytecode size: 71
- candidate: JSCall node #248 with frequency 0.996381, has_heapnum_param:0, 1 target(s):
  - target: 000001A9F94A5AA0 {0x02d511c28379 <SharedFunctionInfo writeStateParts>}, bytecode size: 139, existing opt code's inlined bytecode size: 50
Inlining 000001A9B8A83538 {0x01a5184dd5d1 <SharedFunctionInfo assertSupportIndex>} into 000001A9F94F5BA8 {0x0262a6eac019 <SharedFunctionInfo frontierBoundCode>}
Budget used: 457/920 -- 4 candidate(s) for inlining:
- candidate: JSCall node #339 with frequency 0.996381, has_heapnum_param:0, 1 target(s):
  - target: 000001A9F94A5CF8 {0x02d511c2b919 <SharedFunctionInfo pool.isEmpty>}, bytecode size: 17, existing opt code's inlined bytecode size: 76
- candidate: JSCall node #322 with frequency 0.996381, has_heapnum_param:0, 1 target(s):
  - target: 000001A9F94A5CF8 {0x02d511c2b919 <SharedFunctionInfo pool.isEmpty>}, bytecode size: 17, existing opt code's inlined bytecode size: 76
- candidate: JSCall node #559 with frequency 0.994626, has_heapnum_param:0, 1 target(s):
  - target: 000001A9B8A853B0 {0x01a5184faa69 <SharedFunctionInfo hasEvenColumnRemainders>}, bytecode size: 43, existing opt code's inlined bytecode size: 71
- candidate: JSCall node #248 with frequency 0.996381, has_heapnum_param:0, 1 target(s):
  - target: 000001A9F94A5AA0 {0x02d511c28379 <SharedFunctionInfo writeStateParts>}, bytecode size: 139, existing opt code's inlined bytecode size: 50
Inlining 000001A9F94A5CF8 {0x02d511c2b919 <SharedFunctionInfo pool.isEmpty>} into 000001A9F94F5BA8 {0x0262a6eac019 <SharedFunctionInfo frontierBoundCode>}
Considering 000001A9B8B8D278 {0x02d511c2b319 <SharedFunctionInfo assertClassId>} for inlining with 000001A9B8B8D320 {0x02dc5b63f7e1 <FeedbackVector[12]>}
Budget used: 474/920 -- 4 candidate(s) for inlining:
- candidate: JSCall node #668 with frequency 0.993997, has_heapnum_param:0, 1 target(s):
  - target: 000001A9B8B8D278 {0x02d511c2b319 <SharedFunctionInfo assertClassId>}, bytecode size: 76
- candidate: JSCall node #322 with frequency 0.996381, has_heapnum_param:0, 1 target(s):
  - target: 000001A9F94A5CF8 {0x02d511c2b919 <SharedFunctionInfo pool.isEmpty>}, bytecode size: 17, existing opt code's inlined bytecode size: 76
- candidate: JSCall node #559 with frequency 0.994626, has_heapnum_param:0, 1 target(s):
  - target: 000001A9B8A853B0 {0x01a5184faa69 <SharedFunctionInfo hasEvenColumnRemainders>}, bytecode size: 43, existing opt code's inlined bytecode size: 71
- candidate: JSCall node #248 with frequency 0.996381, has_heapnum_param:0, 1 target(s):
  - target: 000001A9F94A5AA0 {0x02d511c28379 <SharedFunctionInfo writeStateParts>}, bytecode size: 139, existing opt code's inlined bytecode size: 50
Inlining 000001A9B8B8D278 {0x02d511c2b319 <SharedFunctionInfo assertClassId>} into 000001A9F94F5BA8 {0x0262a6eac019 <SharedFunctionInfo frontierBoundCode>}
Budget used: 550/920 -- 3 candidate(s) for inlining:
- candidate: JSCall node #322 with frequency 0.996381, has_heapnum_param:0, 1 target(s):
  - target: 000001A9F94A5CF8 {0x02d511c2b919 <SharedFunctionInfo pool.isEmpty>}, bytecode size: 17, existing opt code's inlined bytecode size: 76
- candidate: JSCall node #559 with frequency 0.994626, has_heapnum_param:0, 1 target(s):
  - target: 000001A9B8A853B0 {0x01a5184faa69 <SharedFunctionInfo hasEvenColumnRemainders>}, bytecode size: 43, existing opt code's inlined bytecode size: 71
- candidate: JSCall node #248 with frequency 0.996381, has_heapnum_param:0, 1 target(s):
  - target: 000001A9F94A5AA0 {0x02d511c28379 <SharedFunctionInfo writeStateParts>}, bytecode size: 139, existing opt code's inlined bytecode size: 50
Inlining 000001A9F94A5CF8 {0x02d511c2b919 <SharedFunctionInfo pool.isEmpty>} into 000001A9F94F5BA8 {0x0262a6eac019 <SharedFunctionInfo frontierBoundCode>}
Considering 000001A9B8B8D278 {0x02d511c2b319 <SharedFunctionInfo assertClassId>} for inlining with 000001A9B8B8D320 {0x02dc5b63f7e1 <FeedbackVector[12]>}
Budget used: 567/920 -- 3 candidate(s) for inlining:
- candidate: JSCall node #767 with frequency 0.993997, has_heapnum_param:0, 1 target(s):
  - target: 000001A9B8B8D278 {0x02d511c2b319 <SharedFunctionInfo assertClassId>}, bytecode size: 76
- candidate: JSCall node #559 with frequency 0.994626, has_heapnum_param:0, 1 target(s):
  - target: 000001A9B8A853B0 {0x01a5184faa69 <SharedFunctionInfo hasEvenColumnRemainders>}, bytecode size: 43, existing opt code's inlined bytecode size: 71
- candidate: JSCall node #248 with frequency 0.996381, has_heapnum_param:0, 1 target(s):
  - target: 000001A9F94A5AA0 {0x02d511c28379 <SharedFunctionInfo writeStateParts>}, bytecode size: 139, existing opt code's inlined bytecode size: 50
Inlining 000001A9B8B8D278 {0x02d511c2b319 <SharedFunctionInfo assertClassId>} into 000001A9F94F5BA8 {0x0262a6eac019 <SharedFunctionInfo frontierBoundCode>}
Budget used: 643/920 -- 2 candidate(s) for inlining:
- candidate: JSCall node #559 with frequency 0.994626, has_heapnum_param:0, 1 target(s):
  - target: 000001A9B8A853B0 {0x01a5184faa69 <SharedFunctionInfo hasEvenColumnRemainders>}, bytecode size: 43, existing opt code's inlined bytecode size: 71
- candidate: JSCall node #248 with frequency 0.996381, has_heapnum_param:0, 1 target(s):
  - target: 000001A9F94A5AA0 {0x02d511c28379 <SharedFunctionInfo writeStateParts>}, bytecode size: 139, existing opt code's inlined bytecode size: 50
Inlining 000001A9B8A853B0 {0x01a5184faa69 <SharedFunctionInfo hasEvenColumnRemainders>} into 000001A9F94F5BA8 {0x0262a6eac019 <SharedFunctionInfo frontierBoundCode>}
Considering 000001A9B8A83538 {0x01a5184dd5d1 <SharedFunctionInfo assertSupportIndex>} for inlining with 000001A9B8A83680 {0x02d511c2e351 <FeedbackVector[12]>}
Budget used: 686/920 -- 2 candidate(s) for inlining:
- candidate: JSCall node #872 with frequency 0.992805, has_heapnum_param:0, 1 target(s):
  - target: 000001A9B8A83538 {0x01a5184dd5d1 <SharedFunctionInfo assertSupportIndex>}, bytecode size: 71
- candidate: JSCall node #248 with frequency 0.996381, has_heapnum_param:0, 1 target(s):
  - target: 000001A9F94A5AA0 {0x02d511c28379 <SharedFunctionInfo writeStateParts>}, bytecode size: 139, existing opt code's inlined bytecode size: 50
Inlining 000001A9B8A83538 {0x01a5184dd5d1 <SharedFunctionInfo assertSupportIndex>} into 000001A9F94F5BA8 {0x0262a6eac019 <SharedFunctionInfo frontierBoundCode>}
Budget used: 757/920 -- 1 candidate(s) for inlining:
- candidate: JSCall node #248 with frequency 0.996381, has_heapnum_param:0, 1 target(s):
  - target: 000001A9F94A5AA0 {0x02d511c28379 <SharedFunctionInfo writeStateParts>}, bytecode size: 139, existing opt code's inlined bytecode size: 50
Considering 000001A9F950A398 {0x0262a6eac061 <SharedFunctionInfo readInto>} for inlining with 000001A9B8AB0820 {0x0262a6eb5a79 <FeedbackVector[18]>}
Considering 000001A9F950A4C8 {0x01a5184d84e1 <SharedFunctionInfo assertWdlInterval>} for inlining with 000001A9B8AB20C0 {0x03748003d581 <FeedbackVector[19]>}
Budget used: 0/920 -- 1 candidate(s) for inlining:
- candidate: JSCall node #112 with frequency 1, has_heapnum_param:0, 1 target(s):
  - target: 000001A9F950A4C8 {0x01a5184d84e1 <SharedFunctionInfo assertWdlInterval>}, bytecode size: 183
Inlining 000001A9F950A4C8 {0x01a5184d84e1 <SharedFunctionInfo assertWdlInterval>} into 000001A9F9509C48 {0x01a5184ee7b9 <SharedFunctionInfo read>}
Considering 000001A9B8CF9A50 {0x0262a6eabc29 <SharedFunctionInfo assertStateId>} for inlining with 000001A9B8CFA1F0 {0x02d511c2e281 <FeedbackVector[20]>}
Considering 000001A9B8CFA038 {0x0262a6eabd01 <SharedFunctionInfo assertHandle>} for inlining with 000001A9B8CFAC50 {0x01c2eb145579 <FeedbackVector[16]>}
Budget used: 0/920 -- 2 candidate(s) for inlining:
- candidate: JSCall node #27 with frequency 0.997543, has_heapnum_param:0, 1 target(s):
  - target: 000001A9B8CFA038 {0x0262a6eabd01 <SharedFunctionInfo assertHandle>}, bytecode size: 121
- candidate: JSCall node #19 with frequency 0.997543, has_heapnum_param:0, 1 target(s):
  - target: 000001A9B8CF9A50 {0x0262a6eabc29 <SharedFunctionInfo assertStateId>}, bytecode size: 148
Inlining 000001A9B8CFA038 {0x0262a6eabd01 <SharedFunctionInfo assertHandle>} into 000001A9B8CF9830 {0x0262a6eabd49 <SharedFunctionInfo rememberHandle>}
Budget used: 121/920 -- 1 candidate(s) for inlining:
- candidate: JSCall node #19 with frequency 0.997543, has_heapnum_param:0, 1 target(s):
  - target: 000001A9B8CF9A50 {0x0262a6eabc29 <SharedFunctionInfo assertStateId>}, bytecode size: 148
Inlining 000001A9B8CF9A50 {0x0262a6eabc29 <SharedFunctionInfo assertStateId>} into 000001A9B8CF9830 {0x0262a6eabd49 <SharedFunctionInfo rememberHandle>}
Considering 000001A9B8CFFC88 {0x0262a6eac2e9 <SharedFunctionInfo proofKey>} for inlining with 000001A9B8D00898 {0x03748003f1f9 <FeedbackVector[2]>}
Considering 000001A9B8D000A8 {0x01a5184ee6e1 <SharedFunctionInfo assertKey>} for inlining with 000001A9B8D00CF8 {0x03748003f239 <FeedbackVector[11]>}
Budget used: 0/920 -- 2 candidate(s) for inlining:
- candidate: JSCall node #35 with frequency 0.998092, has_heapnum_param:0, 1 target(s):
  - target: 000001A9B8D000A8 {0x01a5184ee6e1 <SharedFunctionInfo assertKey>}, bytecode size: 80
- candidate: JSCall node #29 with frequency 0.998092, has_heapnum_param:0, 1 target(s):
  - target: 000001A9B8CFFC88 {0x0262a6eac2e9 <SharedFunctionInfo proofKey>}, bytecode size: 22, existing opt code's inlined bytecode size: 112
Inlining 000001A9B8D000A8 {0x01a5184ee6e1 <SharedFunctionInfo assertKey>} into 000001A9B8CFF858 {0x01a5184ee729 <SharedFunctionInfo probe>}
Considering 000001A9F9505E48 {0x027256ebcd71 <SharedFunctionInfo assertDescriptor>} for inlining with 000001A9F9443AB0 {0x03748003edb9 <FeedbackVector[38]>}
Budget used: 80/920 -- 1 candidate(s) for inlining:
- candidate: JSCall node #29 with frequency 0.998092, has_heapnum_param:0, 1 target(s):
  - target: 000001A9B8CFFC88 {0x0262a6eac2e9 <SharedFunctionInfo proofKey>}, bytecode size: 22, existing opt code's inlined bytecode size: 112
Inlining 000001A9B8CFFC88 {0x0262a6eac2e9 <SharedFunctionInfo proofKey>} into 000001A9B8CFF858 {0x01a5184ee729 <SharedFunctionInfo probe>}
Considering 000001A9F9506488 {0x0262a6eb0239 <SharedFunctionInfo bucketBase>} for inlining with 000001A9F9444D58 {0x03748003ef19 <FeedbackVector[8]>}
Inlining small function(s) at call site #46:JSCall
Considering 000001A9B8A8A668 {0x0262a6eabd91 <SharedFunctionInfo probeHandle>} for inlining with 000001A9B8A8A700 {0x03748003f161 <FeedbackVector[13]>}
Inlining 000001A9F9506488 {0x0262a6eb0239 <SharedFunctionInfo bucketBase>} into 000001A9F9505C28 {0x0262a6eb0791 <SharedFunctionInfo probe>}
Budget used: 102/920 -- 1 candidate(s) for inlining:
- candidate: JSCall node #159 with frequency 0.995681, has_heapnum_param:0, 1 target(s):
  - target: 000001A9B8A8A668 {0x0262a6eabd91 <SharedFunctionInfo probeHandle>}, bytecode size: 49
Inlining 000001A9B8A8A668 {0x0262a6eabd91 <SharedFunctionInfo probeHandle>} into 000001A9B8CFF858 {0x01a5184ee729 <SharedFunctionInfo probe>}
Considering 000001A9B8A8A808 {0x0262a6eabcb9 <SharedFunctionInfo descriptor>} for inlining with 000001A9B8A8B4A8 {0x03748003ebd9 <FeedbackVector[6]>}
Inlining small function(s) at call site #226:JSCall
Inlining 000001A9B8A8A808 {0x0262a6eabcb9 <SharedFunctionInfo descriptor>} into 000001A9B8CFF858 {0x01a5184ee729 <SharedFunctionInfo probe>}
Considering 000001A9B8A8B538 {0x0262a6eabc29 <SharedFunctionInfo assertStateId>} for inlining with 000001A9B8A8B6C8 {0x02d511c2e281 <FeedbackVector[20]>}
Considering 000001A9B8CED9F0 {0x0262a6eabc29 <SharedFunctionInfo assertStateId>} for inlining with 000001A9B8CEEDC8 {0x02d511c2e281 <FeedbackVector[20]>}
Considering 000001A9B8CEDFC8 {0x0262a6eabc71 <SharedFunctionInfo assertColumn>} for inlining with 000001A9B8CEEE28 {0x02d511c2e731 <FeedbackVector[12]>}
Cannot consider 000001A9F9507078 {0x02a17bc491e1 <FeedbackCell[many closures]>} for inlining (no feedback vector)
Considering 000001A9F9507140 {0x0262a6eb0749 <SharedFunctionInfo stableDescriptorHandle>} for inlining with 000001A9F9447048 {0x0262a6eb57b9 <FeedbackVector[29]>}
Cannot consider 000001A9B8CEE0C0 {0x01a5184fa0b1 <SharedFunctionInfo advance>} for inlining (reason: exceeds bytecode limit)
Budget used: 0/920 -- 2 candidate(s) for inlining:
- candidate: JSCall node #26 with frequency 0.99827, has_heapnum_param:0, 1 target(s):
  - target: 000001A9B8CEDFC8 {0x0262a6eabc71 <SharedFunctionInfo assertColumn>}, bytecode size: 94
- candidate: JSCall node #19 with frequency 0.99827, has_heapnum_param:0, 1 target(s):
  - target: 000001A9B8CED9F0 {0x0262a6eabc29 <SharedFunctionInfo assertStateId>}, bytecode size: 148
Inlining 000001A9B8CEDFC8 {0x0262a6eabc71 <SharedFunctionInfo assertColumn>} into 000001A9B8CED7D0 {0x0262a6eabfd1 <SharedFunctionInfo transition>}
Budget used: 94/920 -- 1 candidate(s) for inlining:
- candidate: JSCall node #19 with frequency 0.99827, has_heapnum_param:0, 1 target(s):
  - target: 000001A9B8CED9F0 {0x0262a6eabc29 <SharedFunctionInfo assertStateId>}, bytecode size: 148
Inlining 000001A9B8CED9F0 {0x0262a6eabc29 <SharedFunctionInfo assertStateId>} into 000001A9B8CED7D0 {0x0262a6eabfd1 <SharedFunctionInfo transition>}
Considering 000001A9B8A8B630 {0x0262a6eae221 <SharedFunctionInfo hotStateDescriptor>} for inlining with 000001A9F95180C8 {0x03748003e951 <FeedbackVector[75]>}
Considering 000001A9B8A8A8E0 {0x0262a6eb0791 <SharedFunctionInfo probe>} for inlining with 000001A9F9518118 {0x03748003ef89 <FeedbackVector[43]>}
Considering 000001A9B8A8A9A8 {0x0262a6eabd49 <SharedFunctionInfo rememberHandle>} for inlining with 000001A9F9518178 {0x03748003f111 <FeedbackVector[4]>}
Budget used: 151/920 -- 4 candidate(s) for inlining:
- candidate: JSCall node #237 with frequency 0.993276, has_heapnum_param:0, 1 target(s):
  - target: 000001A9B8A8A9A8 {0x0262a6eabd49 <SharedFunctionInfo rememberHandle>}, bytecode size: 40
- candidate: JSCall node #263 with frequency 0.991305, has_heapnum_param:0, 1 target(s):
  - target: 000001A9B8A8B538 {0x0262a6eabc29 <SharedFunctionInfo assertStateId>}, bytecode size: 148
- candidate: JSCall node #232 with frequency 0.993276, has_heapnum_param:0, 1 target(s):
  - target: 000001A9B8A8A8E0 {0x0262a6eb0791 <SharedFunctionInfo probe>}, bytecode size: 246, existing opt code's inlined bytecode size: 29
- candidate: JSCall node #283 with frequency 0.991305, has_heapnum_param:0, 1 target(s):
  - target: 000001A9B8A8B630 {0x0262a6eae221 <SharedFunctionInfo hotStateDescriptor>}, bytecode size: 370
Inlining 000001A9B8A8A9A8 {0x0262a6eabd49 <SharedFunctionInfo rememberHandle>} into 000001A9B8CFF858 {0x01a5184ee729 <SharedFunctionInfo probe>}
Budget used: 0/920 -- 1 candidate(s) for inlining:
- candidate: JSCall node #18 with frequency 0.999541, has_heapnum_param:0, 1 target(s):
  - target: 000001A9F9505E48 {0x027256ebcd71 <SharedFunctionInfo assertDescriptor>}, bytecode size: 281, existing opt code's inlined bytecode size: 342
Inlining 000001A9F9505E48 {0x027256ebcd71 <SharedFunctionInfo assertDescriptor>} into 000001A9F9505C28 {0x0262a6eb0791 <SharedFunctionInfo probe>}
Considering 000001A9F94F9FF8 {0x01a5184dd5d1 <SharedFunctionInfo assertSupportIndex>} for inlining with 000001A9F94FA560 {0x02d511c2e351 <FeedbackVector[12]>}
Budget used: 0/920 -- 1 candidate(s) for inlining:
- candidate: JSCall node #29 with frequency 0.998168, has_heapnum_param:0, 1 target(s):
  - target: 000001A9F94F9FF8 {0x01a5184dd5d1 <SharedFunctionInfo assertSupportIndex>}, bytecode size: 71
Inlining 000001A9F94F9FF8 {0x01a5184dd5d1 <SharedFunctionInfo assertSupportIndex>} into 000001A9F94F9BC8 {0x01a5184faa69 <SharedFunctionInfo hasEvenColumnRemainders>}
Considering 000001A9B8A8B538 {0x0262a6eabc29 <SharedFunctionInfo assertStateId>} for inlining with 000001A9B8A8B6C8 {0x02d511c2e281 <FeedbackVector[20]>}
Considering 000001A9F9518250 {0x0262a6eabd01 <SharedFunctionInfo assertHandle>} for inlining with 000001A9F9518308 {0x01c2eb145579 <FeedbackVector[16]>}
Considering 000001A9F96B3B78 {0x027256ebf371 <SharedFunctionInfo semanticQuotientP0Length>} for inlining with 000001A9F96B7890 {0x03748003ec39 <FeedbackVector[18]>}
Considering 000001A9F96B5450 {0x027256ebf3b9 <SharedFunctionInfo semanticQuotientP1Length>} for inlining with 000001A9F96B78F0 {0x03748003ecf9 <FeedbackVector[18]>}
Considering 000001A9F9507140 {0x0262a6eb0749 <SharedFunctionInfo stableDescriptorHandle>} for inlining with 000001A9F9447048 {0x0262a6eb57b9 <FeedbackVector[29]>}
Budget used: 281/920 -- 2 candidate(s) for inlining:
- candidate: JSCall node #621 with frequency 0.99763, has_heapnum_param:0, 1 target(s):
  - target: 000001A9F96B5450 {0x027256ebf3b9 <SharedFunctionInfo semanticQuotientP1Length>}, bytecode size: 91, existing opt code's inlined bytecode size: 80
- candidate: JSCall node #605 with frequency 0.99763, has_heapnum_param:0, 1 target(s):
  - target: 000001A9F96B3B78 {0x027256ebf371 <SharedFunctionInfo semanticQuotientP0Length>}, bytecode size: 91, existing opt code's inlined bytecode size: 80
Inlining 000001A9F96B5450 {0x027256ebf3b9 <SharedFunctionInfo semanticQuotientP1Length>} into 000001A9F9505C28 {0x0262a6eb0791 <SharedFunctionInfo probe>}
Considering 000001A9F96B7A50 {0x027256ebf569 <SharedFunctionInfo assertUint16Length>} for inlining with 000001A9F96B8090 {0x03748003d4f9 <FeedbackVector[11]>}
Budget used: 372/920 -- 2 candidate(s) for inlining:
- candidate: JSCall node #761 with frequency 0.995678, has_heapnum_param:0, 1 target(s):
  - target: 000001A9F96B7A50 {0x027256ebf569 <SharedFunctionInfo assertUint16Length>}, bytecode size: 80
- candidate: JSCall node #605 with frequency 0.99763, has_heapnum_param:0, 1 target(s):
  - target: 000001A9F96B3B78 {0x027256ebf371 <SharedFunctionInfo semanticQuotientP0Length>}, bytecode size: 91, existing opt code's inlined bytecode size: 80
Inlining 000001A9F96B7A50 {0x027256ebf569 <SharedFunctionInfo assertUint16Length>} into 000001A9F9505C28 {0x0262a6eb0791 <SharedFunctionInfo probe>}
Budget used: 191/920 -- 5 candidate(s) for inlining:
- candidate: JSCall node #313 with frequency 0.990835, has_heapnum_param:0, 1 target(s):
  - target: 000001A9F9518250 {0x0262a6eabd01 <SharedFunctionInfo assertHandle>}, bytecode size: 121
- candidate: JSCall node #263 with frequency 0.991305, has_heapnum_param:0, 1 target(s):
  - target: 000001A9B8A8B538 {0x0262a6eabc29 <SharedFunctionInfo assertStateId>}, bytecode size: 148
- candidate: JSCall node #305 with frequency 0.990835, has_heapnum_param:0, 1 target(s):
  - target: 000001A9B8A8B538 {0x0262a6eabc29 <SharedFunctionInfo assertStateId>}, bytecode size: 148
- candidate: JSCall node #232 with frequency 0.993276, has_heapnum_param:0, 1 target(s):
  - target: 000001A9B8A8A8E0 {0x0262a6eb0791 <SharedFunctionInfo probe>}, bytecode size: 246, existing opt code's inlined bytecode size: 29
- candidate: JSCall node #283 with frequency 0.991305, has_heapnum_param:0, 1 target(s):
  - target: 000001A9B8A8B630 {0x0262a6eae221 <SharedFunctionInfo hotStateDescriptor>}, bytecode size: 370
Inlining 000001A9F9518250 {0x0262a6eabd01 <SharedFunctionInfo assertHandle>} into 000001A9B8CFF858 {0x01a5184ee729 <SharedFunctionInfo probe>}
Budget used: 452/920 -- 1 candidate(s) for inlining:
- candidate: JSCall node #605 with frequency 0.99763, has_heapnum_param:0, 1 target(s):
  - target: 000001A9F96B3B78 {0x027256ebf371 <SharedFunctionInfo semanticQuotientP0Length>}, bytecode size: 91, existing opt code's inlined bytecode size: 80
Budget used: 312/920 -- 4 candidate(s) for inlining:
- candidate: JSCall node #263 with frequency 0.991305, has_heapnum_param:0, 1 target(s):
  - target: 000001A9B8A8B538 {0x0262a6eabc29 <SharedFunctionInfo assertStateId>}, bytecode size: 148
- candidate: JSCall node #305 with frequency 0.990835, has_heapnum_param:0, 1 target(s):
  - target: 000001A9B8A8B538 {0x0262a6eabc29 <SharedFunctionInfo assertStateId>}, bytecode size: 148
- candidate: JSCall node #232 with frequency 0.993276, has_heapnum_param:0, 1 target(s):
  - target: 000001A9B8A8A8E0 {0x0262a6eb0791 <SharedFunctionInfo probe>}, bytecode size: 246, existing opt code's inlined bytecode size: 29
- candidate: JSCall node #283 with frequency 0.991305, has_heapnum_param:0, 1 target(s):
  - target: 000001A9B8A8B630 {0x0262a6eae221 <SharedFunctionInfo hotStateDescriptor>}, bytecode size: 370
Inlining 000001A9B8A8B538 {0x0262a6eabc29 <SharedFunctionInfo assertStateId>} into 000001A9B8CFF858 {0x01a5184ee729 <SharedFunctionInfo probe>}
Budget used: 460/920 -- 3 candidate(s) for inlining:
- candidate: JSCall node #305 with frequency 0.990835, has_heapnum_param:0, 1 target(s):
  - target: 000001A9B8A8B538 {0x0262a6eabc29 <SharedFunctionInfo assertStateId>}, bytecode size: 148
- candidate: JSCall node #232 with frequency 0.993276, has_heapnum_param:0, 1 target(s):
  - target: 000001A9B8A8A8E0 {0x0262a6eb0791 <SharedFunctionInfo probe>}, bytecode size: 246, existing opt code's inlined bytecode size: 29
- candidate: JSCall node #283 with frequency 0.991305, has_heapnum_param:0, 1 target(s):
  - target: 000001A9B8A8B630 {0x0262a6eae221 <SharedFunctionInfo hotStateDescriptor>}, bytecode size: 370, existing opt code's inlined bytecode size: 493
Inlining 000001A9B8A8B538 {0x0262a6eabc29 <SharedFunctionInfo assertStateId>} into 000001A9B8CFF858 {0x01a5184ee729 <SharedFunctionInfo probe>}
Inlining 000001A9F96B3B78 {0x027256ebf371 <SharedFunctionInfo semanticQuotientP0Length>} into 000001A9F9505C28 {0x0262a6eb0791 <SharedFunctionInfo probe>}
Considering 000001A9B8D01AA8 {0x0262a6eb4039 <SharedFunctionInfo landingForLegalMove>} for inlining with 000001A9B8D02D58 {0x027256e955a1 <FeedbackVector[13]>}
Considering 000001A9F94FBE00 {0x02d511c2b3f1 <SharedFunctionInfo assertBits>} for inlining with 000001A9F96AE438 {0x03748003cc11 <FeedbackVector[10]>}
Considering 000001A9F96B7A50 {0x027256ebf569 <SharedFunctionInfo assertUint16Length>} for inlining with 000001A9F96B8090 {0x03748003d4f9 <FeedbackVector[11]>}
Budget used: 543/920 -- 1 candidate(s) for inlining:
- candidate: JSCall node #914 with frequency 0.995674, has_heapnum_param:0, 1 target(s):
  - target: 000001A9F96B7A50 {0x027256ebf569 <SharedFunctionInfo assertUint16Length>}, bytecode size: 80
Inlining 000001A9F96B7A50 {0x027256ebf569 <SharedFunctionInfo assertUint16Length>} into 000001A9F9505C28 {0x0262a6eb0791 <SharedFunctionInfo probe>}
Budget used: 608/920 -- 2 candidate(s) for inlining:
- candidate: JSCall node #232 with frequency 0.993276, has_heapnum_param:0, 1 target(s):
  - target: 000001A9B8A8A8E0 {0x0262a6eb0791 <SharedFunctionInfo probe>}, bytecode size: 246, existing opt code's inlined bytecode size: 29
- candidate: JSCall node #283 with frequency 0.991305, has_heapnum_param:0, 1 target(s):
  - target: 000001A9B8A8B630 {0x0262a6eae221 <SharedFunctionInfo hotStateDescriptor>}, bytecode size: 370, existing opt code's inlined bytecode size: 493
Cannot consider 000001A9B8D021B0 {0x0262a6ea1599 <SharedFunctionInfo advanceInto>} for inlining (reason: exceeds bytecode limit)
Budget used: 0/920 -- 1 candidate(s) for inlining:
- candidate: JSCall node #37 with frequency 0.998302, has_heapnum_param:0, 1 target(s):
  - target: 000001A9B8D01AA8 {0x0262a6eb4039 <SharedFunctionInfo landingForLegalMove>}, bytecode size: 95
Inlining 000001A9B8D01AA8 {0x0262a6eb4039 <SharedFunctionInfo landingForLegalMove>} into 000001A9B8D01878 {0x0262a6eb4081 <SharedFunctionInfo advanceFrontier>}
Considering 000001A9F94FC3F8 {0x01a5184e7a99 <SharedFunctionInfo popcount32>} for inlining with 000001A9F96AE690 {0x0262a6ea0101 <FeedbackVector[13]>}
Considering 000001A9F94A31C0 {0x0262a6eabf89 <SharedFunctionInfo landingCellAt>} for inlining with 000001A9F94A4BA8 {0x027256e954b9 <FeedbackVector[23]>}
Cannot consider 000001A9B8D021B0 {0x0262a6ea1599 <SharedFunctionInfo advanceInto>} for inlining (reason: exceeds bytecode limit)
Budget used: 95/920 -- 1 candidate(s) for inlining:
- candidate: JSCall node #118 with frequency 0.996604, has_heapnum_param:0, 1 target(s):
  - target: 000001A9F94A31C0 {0x0262a6eabf89 <SharedFunctionInfo landingCellAt>}, bytecode size: 125, existing opt code's inlined bytecode size: 579
Budget used: 0/920 -- 2 candidate(s) for inlining:
- candidate: JSCall node #70 with frequency 20.0774, has_heapnum_param:0, 1 target(s):
  - target: 000001A9F94FC3F8 {0x01a5184e7a99 <SharedFunctionInfo popcount32>}, bytecode size: 86
- candidate: JSCall node #19 with frequency 0.996774, has_heapnum_param:0, 1 target(s):
  - target: 000001A9F94FBE00 {0x02d511c2b3f1 <SharedFunctionInfo assertBits>}, bytecode size: 55
Inlining 000001A9F94FC3F8 {0x01a5184e7a99 <SharedFunctionInfo popcount32>} into 000001A9F94FBBE0 {0x02d511c2b5e9 <SharedFunctionInfo computeClassMetadata>}
Budget used: 86/920 -- 1 candidate(s) for inlining:
- candidate: JSCall node #19 with frequency 0.996774, has_heapnum_param:0, 1 target(s):
  - target: 000001A9F94FBE00 {0x02d511c2b3f1 <SharedFunctionInfo assertBits>}, bytecode size: 55
Inlining 000001A9F94FBE00 {0x02d511c2b3f1 <SharedFunctionInfo assertBits>} into 000001A9F94FBBE0 {0x02d511c2b5e9 <SharedFunctionInfo computeClassMetadata>}
Cannot consider 000001A9F94FA338 {0x02a17bc491e1 <FeedbackCell[many closures]>} for inlining (no feedback vector)
Considering 000001A9F94F9E00 {0x0262a6eadfe1 <SharedFunctionInfo assertClassId>} for inlining with 000001A9F94FB290 {0x03748003c751 <FeedbackVector[22]>}
Cannot consider 000001A9F94FAC38 {0x02d511c2baf1 <SharedFunctionInfo slot64WriteTermIds>} for inlining (reason: exceeds bytecode limit)
Budget used: 0/920 -- 1 candidate(s) for inlining:
- candidate: JSCall node #21 with frequency 0.998088, has_heapnum_param:0, 1 target(s):
  - target: 000001A9F94F9E00 {0x0262a6eadfe1 <SharedFunctionInfo assertClassId>}, bytecode size: 127, existing opt code's inlined bytecode size: 5
Inlining 000001A9F94F9E00 {0x0262a6eadfe1 <SharedFunctionInfo assertClassId>} into 000001A9F94F9BE0 {0x0262a6eae101 <SharedFunctionInfo writeClassTerms>}
Considering 000001A9F94454F8 {0x02d511c2b799 <SharedFunctionInfo get>} for inlining with 000001A9F9445668 {0x01c2eb1665c9 <FeedbackVector[0]>}
Inlining small function(s) at call site #320:JSCall
Inlining 000001A9F94454F8 {0x02d511c2b799 <SharedFunctionInfo get>} into 000001A9F94F9BE0 {0x0262a6eae101 <SharedFunctionInfo writeClassTerms>}
Considering 000001A9F94F8448 {0x01a5184e4299 <SharedFunctionInfo legalProofHint>} for inlining with 000001A9F94452A0 {0x01c2eb145699 <FeedbackVector[7]>}
Considering 000001A9F94F8568 {0x0262a6eb4f79 <SharedFunctionInfo>} for inlining with 000001A9F9445300 {0x027256e95741 <FeedbackVector[13]>}
Considering 000001A9F94F9040 {0x0262a6eb4039 <SharedFunctionInfo landingForLegalMove>} for inlining with 000001A9F9445360 {0x027256e955a1 <FeedbackVector[13]>}
Considering 000001A9F94F9148 {0x0262a6ea1671 <SharedFunctionInfo valueAtStack>} for inlining with 000001A9F9445780 {0x02d511c2e629 <FeedbackVector[27]>}
Considering 000001A9F94F9220 {0x01a5184e4209 <SharedFunctionInfo assertFrontierScore>} for inlining with 000001A9F94457E0 {0x027256e957d9 <FeedbackVector[11]>}
Considering 000001A9F9443A88 {0x01a5184e4251 <SharedFunctionInfo frontierComesBefore>} for inlining with 000001A9F9445FC0 {0x027256e95861 <FeedbackVector[0]>}
Budget used: 0/920 -- 6 candidate(s) for inlining:
- candidate: JSCall node #321 with frequency 11.7787, has_heapnum_param:0, 1 target(s):
  - target: 000001A9F9443A88 {0x01a5184e4251 <SharedFunctionInfo frontierComesBefore>}, bytecode size: 47
- candidate: JSCall node #232 with frequency 6.81148, has_heapnum_param:0, 1 target(s):
  - target: 000001A9F94F9220 {0x01a5184e4209 <SharedFunctionInfo assertFrontierScore>}, bytecode size: 80
- candidate: JSCall node #168 with frequency 6.81148, has_heapnum_param:0, 1 target(s):
  - target: 000001A9F94F9040 {0x0262a6eb4039 <SharedFunctionInfo landingForLegalMove>}, bytecode size: 95
- candidate: JSCall node #134 with frequency 0.991803, has_heapnum_param:0, 1 target(s):
  - target: 000001A9F94F8448 {0x01a5184e4299 <SharedFunctionInfo legalProofHint>}, bytecode size: 31
- candidate: JSCall node #223 with frequency 6.81148, has_heapnum_param:0, 1 target(s):
  - target: 000001A9F94F9148 {0x0262a6ea1671 <SharedFunctionInfo valueAtStack>}, bytecode size: 148, existing opt code's inlined bytecode size: 331
- candidate: JSCall node #156 with frequency 6.94262, has_heapnum_param:0, 1 target(s):
  - target: 000001A9F94F8568 {0x0262a6eb4f79 <SharedFunctionInfo>}, bytecode size: 96, existing opt code's inlined bytecode size: 643
Inlining 000001A9F9443A88 {0x01a5184e4251 <SharedFunctionInfo frontierComesBefore>} into 000001A9F94F7BD0 {0x0262a6eb40c9 <SharedFunctionInfo prepareMoves>}
Budget used: 47/920 -- 5 candidate(s) for inlining:
- candidate: JSCall node #232 with frequency 6.81148, has_heapnum_param:0, 1 target(s):
  - target: 000001A9F94F9220 {0x01a5184e4209 <SharedFunctionInfo assertFrontierScore>}, bytecode size: 80
- candidate: JSCall node #168 with frequency 6.81148, has_heapnum_param:0, 1 target(s):
  - target: 000001A9F94F9040 {0x0262a6eb4039 <SharedFunctionInfo landingForLegalMove>}, bytecode size: 95
- candidate: JSCall node #134 with frequency 0.991803, has_heapnum_param:0, 1 target(s):
  - target: 000001A9F94F8448 {0x01a5184e4299 <SharedFunctionInfo legalProofHint>}, bytecode size: 31
- candidate: JSCall node #223 with frequency 6.81148, has_heapnum_param:0, 1 target(s):
  - target: 000001A9F94F9148 {0x0262a6ea1671 <SharedFunctionInfo valueAtStack>}, bytecode size: 148, existing opt code's inlined bytecode size: 331
- candidate: JSCall node #156 with frequency 6.94262, has_heapnum_param:0, 1 target(s):
  - target: 000001A9F94F8568 {0x0262a6eb4f79 <SharedFunctionInfo>}, bytecode size: 96, existing opt code's inlined bytecode size: 643
Inlining 000001A9F94F9220 {0x01a5184e4209 <SharedFunctionInfo assertFrontierScore>} into 000001A9F94F7BD0 {0x0262a6eb40c9 <SharedFunctionInfo prepareMoves>}
Budget used: 127/920 -- 4 candidate(s) for inlining:
- candidate: JSCall node #168 with frequency 6.81148, has_heapnum_param:0, 1 target(s):
  - target: 000001A9F94F9040 {0x0262a6eb4039 <SharedFunctionInfo landingForLegalMove>}, bytecode size: 95
- candidate: JSCall node #134 with frequency 0.991803, has_heapnum_param:0, 1 target(s):
  - target: 000001A9F94F8448 {0x01a5184e4299 <SharedFunctionInfo legalProofHint>}, bytecode size: 31
- candidate: JSCall node #223 with frequency 6.81148, has_heapnum_param:0, 1 target(s):
  - target: 000001A9F94F9148 {0x0262a6ea1671 <SharedFunctionInfo valueAtStack>}, bytecode size: 148, existing opt code's inlined bytecode size: 331
- candidate: JSCall node #156 with frequency 6.94262, has_heapnum_param:0, 1 target(s):
  - target: 000001A9F94F8568 {0x0262a6eb4f79 <SharedFunctionInfo>}, bytecode size: 96, existing opt code's inlined bytecode size: 643
Inlining 000001A9F94F9040 {0x0262a6eb4039 <SharedFunctionInfo landingForLegalMove>} into 000001A9F94F7BD0 {0x0262a6eb40c9 <SharedFunctionInfo prepareMoves>}
Considering 000001A9F953D348 {0x0262a6eabf89 <SharedFunctionInfo landingCellAt>} for inlining with 000001A9F953D448 {0x027256e954b9 <FeedbackVector[23]>}
Budget used: 222/920 -- 4 candidate(s) for inlining:
- candidate: JSCall node #134 with frequency 0.991803, has_heapnum_param:0, 1 target(s):
  - target: 000001A9F94F8448 {0x01a5184e4299 <SharedFunctionInfo legalProofHint>}, bytecode size: 31
- candidate: JSCall node #223 with frequency 6.81148, has_heapnum_param:0, 1 target(s):
  - target: 000001A9F94F9148 {0x0262a6ea1671 <SharedFunctionInfo valueAtStack>}, bytecode size: 148, existing opt code's inlined bytecode size: 331
- candidate: JSCall node #698 with frequency 6.79989, has_heapnum_param:0, 1 target(s):
  - target: 000001A9F953D348 {0x0262a6eabf89 <SharedFunctionInfo landingCellAt>}, bytecode size: 125, existing opt code's inlined bytecode size: 579
- candidate: JSCall node #156 with frequency 6.94262, has_heapnum_param:0, 1 target(s):
  - target: 000001A9F94F8568 {0x0262a6eb4f79 <SharedFunctionInfo>}, bytecode size: 96, existing opt code's inlined bytecode size: 643
Inlining 000001A9F94F8448 {0x01a5184e4299 <SharedFunctionInfo legalProofHint>} into 000001A9F94F7BD0 {0x0262a6eb40c9 <SharedFunctionInfo prepareMoves>}
Budget used: 253/920 -- 3 candidate(s) for inlining:
- candidate: JSCall node #223 with frequency 6.81148, has_heapnum_param:0, 1 target(s):
  - target: 000001A9F94F9148 {0x0262a6ea1671 <SharedFunctionInfo valueAtStack>}, bytecode size: 148, existing opt code's inlined bytecode size: 331
- candidate: JSCall node #698 with frequency 6.79989, has_heapnum_param:0, 1 target(s):
  - target: 000001A9F953D348 {0x0262a6eabf89 <SharedFunctionInfo landingCellAt>}, bytecode size: 125, existing opt code's inlined bytecode size: 579
- candidate: JSCall node #156 with frequency 6.94262, has_heapnum_param:0, 1 target(s):
  - target: 000001A9F94F8568 {0x0262a6eb4f79 <SharedFunctionInfo>}, bytecode size: 96, existing opt code's inlined bytecode size: 643
Inlining 000001A9F94F9148 {0x0262a6ea1671 <SharedFunctionInfo valueAtStack>} into 000001A9F94F7BD0 {0x0262a6eb40c9 <SharedFunctionInfo prepareMoves>}
Considering 000001A9F953D798 {0x01a5184d9959 <SharedFunctionInfo assertWordRange>} for inlining with 000001A9F953E0F8 {0x027256e95309 <FeedbackVector[23]>}
Considering 000001A9F953D870 {0x01a5184d98c9 <SharedFunctionInfo assertPlayer>} for inlining with 000001A9F953E158 {0x027256e95659 <FeedbackVector[5]>}
Considering 000001A9F953D938 {0x01a5184d9911 <SharedFunctionInfo assertCell>} for inlining with 000001A9F953E1B8 {0x0262a6ea1f21 <FeedbackVector[14]>}
Considering 000001A9F94F5DD0 {0x01a5184f9f49 <SharedFunctionInfo assertStateId>} for inlining with 000001A9B8B6E3A0 {0x03748003f771 <FeedbackVector[13]>}
Considering 000001A9F953DB70 {0x01a5184d9881 <SharedFunctionInfo popcount32>} for inlining with 000001A9F953EDE8 {0x02d511c2e509 <FeedbackVector[13]>}
Considering 000001A9F94F6518 {0x01a5184e5ac9 <SharedFunctionInfo edgeAt>} for inlining with 000001A9B8A89938 {0x01c2eb144739 <FeedbackVector[14]>}
Budget used: 401/920 -- 6 candidate(s) for inlining:
- candidate: JSCall node #899 with frequency 20.3665, has_heapnum_param:0, 1 target(s):
  - target: 000001A9F953DB70 {0x01a5184d9881 <SharedFunctionInfo popcount32>}, bytecode size: 86
- candidate: JSCall node #838 with frequency 6.78885, has_heapnum_param:0, 1 target(s):
  - target: 000001A9F953D870 {0x01a5184d98c9 <SharedFunctionInfo assertPlayer>}, bytecode size: 39
- candidate: JSCall node #845 with frequency 6.78885, has_heapnum_param:0, 1 target(s):
  - target: 000001A9F953D938 {0x01a5184d9911 <SharedFunctionInfo assertCell>}, bytecode size: 75
- candidate: JSCall node #830 with frequency 6.78885, has_heapnum_param:0, 1 target(s):
  - target: 000001A9F953D798 {0x01a5184d9959 <SharedFunctionInfo assertWordRange>}, bytecode size: 131
- candidate: JSCall node #698 with frequency 6.79989, has_heapnum_param:0, 1 target(s):
  - target: 000001A9F953D348 {0x0262a6eabf89 <SharedFunctionInfo landingCellAt>}, bytecode size: 125, existing opt code's inlined bytecode size: 579
- candidate: JSCall node #156 with frequency 6.94262, has_heapnum_param:0, 1 target(s):
  - target: 000001A9F94F8568 {0x0262a6eb4f79 <SharedFunctionInfo>}, bytecode size: 96, existing opt code's inlined bytecode size: 643
Inlining 000001A9F953DB70 {0x01a5184d9881 <SharedFunctionInfo popcount32>} into 000001A9F94F7BD0 {0x0262a6eb40c9 <SharedFunctionInfo prepareMoves>}
Considering 000001A9F94F70B0 {0x02d511c28139 <SharedFunctionInfo supportAt>} for inlining with 000001A9B8A8A798 {0x02d511c2e5a1 <FeedbackVector[11]>}
Budget used: 487/920 -- 5 candidate(s) for inlining:
- candidate: JSCall node #838 with frequency 6.78885, has_heapnum_param:0, 1 target(s):
  - target: 000001A9F953D870 {0x01a5184d98c9 <SharedFunctionInfo assertPlayer>}, bytecode size: 39
- candidate: JSCall node #845 with frequency 6.78885, has_heapnum_param:0, 1 target(s):
  - target: 000001A9F953D938 {0x01a5184d9911 <SharedFunctionInfo assertCell>}, bytecode size: 75
- candidate: JSCall node #830 with frequency 6.78885, has_heapnum_param:0, 1 target(s):
  - target: 000001A9F953D798 {0x01a5184d9959 <SharedFunctionInfo assertWordRange>}, bytecode size: 131
- candidate: JSCall node #698 with frequency 6.79989, has_heapnum_param:0, 1 target(s):
  - target: 000001A9F953D348 {0x0262a6eabf89 <SharedFunctionInfo landingCellAt>}, bytecode size: 125, existing opt code's inlined bytecode size: 579
- candidate: JSCall node #156 with frequency 6.94262, has_heapnum_param:0, 1 target(s):
  - target: 000001A9F94F8568 {0x0262a6eb4f79 <SharedFunctionInfo>}, bytecode size: 96, existing opt code's inlined bytecode size: 643
Inlining 000001A9F953D870 {0x01a5184d98c9 <SharedFunctionInfo assertPlayer>} into 000001A9F94F7BD0 {0x0262a6eb40c9 <SharedFunctionInfo prepareMoves>}
Considering 000001A9F94F71A8 {0x01a5184faaf9 <SharedFunctionInfo landingAt>} for inlining with 000001A9B8A8AC78 {0x02d511c2e851 <FeedbackVector[12]>}
Budget used: 526/920 -- 4 candidate(s) for inlining:
- candidate: JSCall node #845 with frequency 6.78885, has_heapnum_param:0, 1 target(s):
  - target: 000001A9F953D938 {0x01a5184d9911 <SharedFunctionInfo assertCell>}, bytecode size: 75
- candidate: JSCall node #830 with frequency 6.78885, has_heapnum_param:0, 1 target(s):
  - target: 000001A9F953D798 {0x01a5184d9959 <SharedFunctionInfo assertWordRange>}, bytecode size: 131
- candidate: JSCall node #698 with frequency 6.79989, has_heapnum_param:0, 1 target(s):
  - target: 000001A9F953D348 {0x0262a6eabf89 <SharedFunctionInfo landingCellAt>}, bytecode size: 125, existing opt code's inlined bytecode size: 579
- candidate: JSCall node #156 with frequency 6.94262, has_heapnum_param:0, 1 target(s):
  - target: 000001A9F94F8568 {0x0262a6eb4f79 <SharedFunctionInfo>}, bytecode size: 96, existing opt code's inlined bytecode size: 643
Considering 000001A9F94F7290 {0x01a5184faab1 <SharedFunctionInfo rankAt>} for inlining with 000001A9B8A8B4A8 {0x027256e95459 <FeedbackVector[6]>}
Inlining 000001A9F953D938 {0x01a5184d9911 <SharedFunctionInfo assertCell>} into 000001A9F94F7BD0 {0x0262a6eb40c9 <SharedFunctionInfo prepareMoves>}
Inlining small function(s) at call site #204:JSCall
Inlining 000001A9F94F7290 {0x01a5184faab1 <SharedFunctionInfo rankAt>} into 000001A9F94F5BB0 {0x01a5184fa0b1 <SharedFunctionInfo advance>}
Budget used: 601/920 -- 3 candidate(s) for inlining:
- candidate: JSCall node #830 with frequency 6.78885, has_heapnum_param:0, 1 target(s):
  - target: 000001A9F953D798 {0x01a5184d9959 <SharedFunctionInfo assertWordRange>}, bytecode size: 131
- candidate: JSCall node #698 with frequency 6.79989, has_heapnum_param:0, 1 target(s):
  - target: 000001A9F953D348 {0x0262a6eabf89 <SharedFunctionInfo landingCellAt>}, bytecode size: 125, existing opt code's inlined bytecode size: 579
- candidate: JSCall node #156 with frequency 6.94262, has_heapnum_param:0, 1 target(s):
  - target: 000001A9F94F8568 {0x0262a6eb4f79 <SharedFunctionInfo>}, bytecode size: 96, existing opt code's inlined bytecode size: 643
Inlining 000001A9F953D798 {0x01a5184d9959 <SharedFunctionInfo assertWordRange>} into 000001A9F94F7BD0 {0x0262a6eb40c9 <SharedFunctionInfo prepareMoves>}
Considering 000001A9B8A8B538 {0x01a5184dd5d1 <SharedFunctionInfo assertSupportIndex>} for inlining with 000001A9B8A8B680 {0x02d511c2e351 <FeedbackVector[12]>}
Considering 000001A9B8B6C708 {0x02d511c28211 <SharedFunctionInfo p0At>} for inlining with 000001A9B8A8BC70 {0x01c2eb1447d9 <FeedbackVector[20]>}
Considering 000001A9B8B6D3E0 {0x02d511c282e9 <SharedFunctionInfo p1At>} for inlining with 000001A9B8A8BFA0 {0x01c2eb1448a9 <FeedbackVector[13]>}
Budget used: 732/920 -- 2 candidate(s) for inlining:
- candidate: JSCall node #698 with frequency 6.79989, has_heapnum_param:0, 1 target(s):
  - target: 000001A9F953D348 {0x0262a6eabf89 <SharedFunctionInfo landingCellAt>}, bytecode size: 125, existing opt code's inlined bytecode size: 579
- candidate: JSCall node #156 with frequency 6.94262, has_heapnum_param:0, 1 target(s):
  - target: 000001A9F94F8568 {0x0262a6eb4f79 <SharedFunctionInfo>}, bytecode size: 96, existing opt code's inlined bytecode size: 643
Cannot consider 000001A9B8B6DCF8 {0x02d511c2bbc9 <SharedFunctionInfo ownTransitionSlot64>} for inlining (reason: exceeds bytecode limit)
Considering 000001A9B8A8CAF0 {0x02d511c2b799 <SharedFunctionInfo get>} for inlining with 000001A9B8A8CC60 {0x01c2eb1665c9 <FeedbackVector[0]>}
Inlining small function(s) at call site #696:JSCall
Inlining 000001A9B8A8CAF0 {0x02d511c2b799 <SharedFunctionInfo get>} into 000001A9F94F5BB0 {0x01a5184fa0b1 <SharedFunctionInfo advance>}
Cannot consider 000001A9B8B6DE68 {0x02d511c2bc11 <SharedFunctionInfo blockTransitionSlot64Direct>} for inlining (reason: exceeds bytecode limit)
Considering 000001A9B8A8CAF0 {0x02d511c2b799 <SharedFunctionInfo get>} for inlining with 000001A9B8A8CC60 {0x01c2eb1665c9 <FeedbackVector[0]>}
Inlining small function(s) at call site #725:JSCall
Inlining 000001A9B8A8CAF0 {0x02d511c2b799 <SharedFunctionInfo get>} into 000001A9F94F5BB0 {0x01a5184fa0b1 <SharedFunctionInfo advance>}
Considering 000001A9B8B6DF98 {0x01a5184fab41 <SharedFunctionInfo childAt>} for inlining with 000001A9B8A8DA58 {0x01c2eb1449d9 <FeedbackVector[13]>}
Cannot consider 000001A9B8B6E0E8 {0x01a5184e5a81 <SharedFunctionInfo intern>} for inlining (reason: exceeds bytecode limit)
Cannot consider 000001A9B8B6E0E8 {0x01a5184e5a81 <SharedFunctionInfo intern>} for inlining (reason: exceeds bytecode limit)
Considering 000001A9B8B6E208 {0x01a5184e5b11 <SharedFunctionInfo setEdge>} for inlining with 000001A9B8C4F8C0 {0x01c2eb144ab1 <FeedbackVector[26]>}
Budget used: 0/920 -- 9 candidate(s) for inlining:
- candidate: JSCall node #95 with frequency 0.999118, has_heapnum_param:0, 1 target(s):
  - target: 000001A9F94F6518 {0x01a5184e5ac9 <SharedFunctionInfo edgeAt>}, bytecode size: 58
- candidate: JSCall node #19 with frequency 0.999118, has_heapnum_param:0, 1 target(s):
  - target: 000001A9F94F5DD0 {0x01a5184f9f49 <SharedFunctionInfo assertStateId>}, bytecode size: 82
- candidate: JSCall node #615 with frequency 0.853771, has_heapnum_param:0, 1 target(s):
  - target: 000001A9B8A8B538 {0x01a5184dd5d1 <SharedFunctionInfo assertSupportIndex>}, bytecode size: 71
- candidate: JSCall node #162 with frequency 0.855379, has_heapnum_param:0, 1 target(s):
  - target: 000001A9F94F70B0 {0x02d511c28139 <SharedFunctionInfo supportAt>}, bytecode size: 54, existing opt code's inlined bytecode size: 50
- candidate: JSCall node #228 with frequency 0.855379, has_heapnum_param:0, 1 target(s):
  - target: 000001A9B8B6D3E0 {0x02d511c282e9 <SharedFunctionInfo p1At>}, bytecode size: 65, existing opt code's inlined bytecode size: 50
- candidate: JSCall node #561 with frequency 0.855379, has_heapnum_param:0, 1 target(s):
  - target: 000001A9B8B6E208 {0x01a5184e5b11 <SharedFunctionInfo setEdge>}, bytecode size: 125
- candidate: JSCall node #216 with frequency 0.855379, has_heapnum_param:0, 1 target(s):
  - target: 000001A9B8B6C708 {0x02d511c28211 <SharedFunctionInfo p0At>}, bytecode size: 100, existing opt code's inlined bytecode size: 50
- candidate: JSCall node #182 with frequency 0.855379, has_heapnum_param:0, 1 target(s):
  - target: 000001A9F94F71A8 {0x01a5184faaf9 <SharedFunctionInfo landingAt>}, bytecode size: 91, existing opt code's inlined bytecode size: 142
- candidate: JSCall node #459 with frequency 0.855379, has_heapnum_param:0, 1 target(s):
  - target: 000001A9B8B6DF98 {0x01a5184fab41 <SharedFunctionInfo childAt>}, bytecode size: 93, existing opt code's inlined bytecode size: 142
Inlining 000001A9F94F6518 {0x01a5184e5ac9 <SharedFunctionInfo edgeAt>} into 000001A9F94F5BB0 {0x01a5184fa0b1 <SharedFunctionInfo advance>}
Considering 000001A9B8C4F950 {0x01a5184e5961 <SharedFunctionInfo #assertEdge>} for inlining with 000001A9B8C54E58 {0x03748003d6d1 <FeedbackVector[16]>}
Budget used: 58/920 -- 9 candidate(s) for inlining:
- candidate: JSCall node #19 with frequency 0.999118, has_heapnum_param:0, 1 target(s):
  - target: 000001A9F94F5DD0 {0x01a5184f9f49 <SharedFunctionInfo assertStateId>}, bytecode size: 82
- candidate: JSCall node #615 with frequency 0.853771, has_heapnum_param:0, 1 target(s):
  - target: 000001A9B8A8B538 {0x01a5184dd5d1 <SharedFunctionInfo assertSupportIndex>}, bytecode size: 71
- candidate: JSCall node #769 with frequency 0.997413, has_heapnum_param:0, 1 target(s):
  - target: 000001A9B8C4F950 {0x01a5184e5961 <SharedFunctionInfo #assertEdge>}, bytecode size: 69, existing opt code's inlined bytecode size: 50
- candidate: JSCall node #162 with frequency 0.855379, has_heapnum_param:0, 1 target(s):
  - target: 000001A9F94F70B0 {0x02d511c28139 <SharedFunctionInfo supportAt>}, bytecode size: 54, existing opt code's inlined bytecode size: 50
- candidate: JSCall node #228 with frequency 0.855379, has_heapnum_param:0, 1 target(s):
  - target: 000001A9B8B6D3E0 {0x02d511c282e9 <SharedFunctionInfo p1At>}, bytecode size: 65, existing opt code's inlined bytecode size: 50
- candidate: JSCall node #561 with frequency 0.855379, has_heapnum_param:0, 1 target(s):
  - target: 000001A9B8B6E208 {0x01a5184e5b11 <SharedFunctionInfo setEdge>}, bytecode size: 125
- candidate: JSCall node #216 with frequency 0.855379, has_heapnum_param:0, 1 target(s):
  - target: 000001A9B8B6C708 {0x02d511c28211 <SharedFunctionInfo p0At>}, bytecode size: 100, existing opt code's inlined bytecode size: 50
- candidate: JSCall node #182 with frequency 0.855379, has_heapnum_param:0, 1 target(s):
  - target: 000001A9F94F71A8 {0x01a5184faaf9 <SharedFunctionInfo landingAt>}, bytecode size: 91, existing opt code's inlined bytecode size: 142
- candidate: JSCall node #459 with frequency 0.855379, has_heapnum_param:0, 1 target(s):
  - target: 000001A9B8B6DF98 {0x01a5184fab41 <SharedFunctionInfo childAt>}, bytecode size: 93, existing opt code's inlined bytecode size: 142
Inlining 000001A9F94F5DD0 {0x01a5184f9f49 <SharedFunctionInfo assertStateId>} into 000001A9F94F5BB0 {0x01a5184fa0b1 <SharedFunctionInfo advance>}
Budget used: 140/920 -- 8 candidate(s) for inlining:
- candidate: JSCall node #615 with frequency 0.853771, has_heapnum_param:0, 1 target(s):
  - target: 000001A9B8A8B538 {0x01a5184dd5d1 <SharedFunctionInfo assertSupportIndex>}, bytecode size: 71
- candidate: JSCall node #769 with frequency 0.997413, has_heapnum_param:0, 1 target(s):
  - target: 000001A9B8C4F950 {0x01a5184e5961 <SharedFunctionInfo #assertEdge>}, bytecode size: 69, existing opt code's inlined bytecode size: 50
- candidate: JSCall node #162 with frequency 0.855379, has_heapnum_param:0, 1 target(s):
  - target: 000001A9F94F70B0 {0x02d511c28139 <SharedFunctionInfo supportAt>}, bytecode size: 54, existing opt code's inlined bytecode size: 50
- candidate: JSCall node #228 with frequency 0.855379, has_heapnum_param:0, 1 target(s):
  - target: 000001A9B8B6D3E0 {0x02d511c282e9 <SharedFunctionInfo p1At>}, bytecode size: 65, existing opt code's inlined bytecode size: 50
- candidate: JSCall node #561 with frequency 0.855379, has_heapnum_param:0, 1 target(s):
  - target: 000001A9B8B6E208 {0x01a5184e5b11 <SharedFunctionInfo setEdge>}, bytecode size: 125
- candidate: JSCall node #216 with frequency 0.855379, has_heapnum_param:0, 1 target(s):
  - target: 000001A9B8B6C708 {0x02d511c28211 <SharedFunctionInfo p0At>}, bytecode size: 100, existing opt code's inlined bytecode size: 50
- candidate: JSCall node #182 with frequency 0.855379, has_heapnum_param:0, 1 target(s):
  - target: 000001A9F94F71A8 {0x01a5184faaf9 <SharedFunctionInfo landingAt>}, bytecode size: 91, existing opt code's inlined bytecode size: 142
- candidate: JSCall node #459 with frequency 0.855379, has_heapnum_param:0, 1 target(s):
  - target: 000001A9B8B6DF98 {0x01a5184fab41 <SharedFunctionInfo childAt>}, bytecode size: 93, existing opt code's inlined bytecode size: 142
Inlining 000001A9B8A8B538 {0x01a5184dd5d1 <SharedFunctionInfo assertSupportIndex>} into 000001A9F94F5BB0 {0x01a5184fa0b1 <SharedFunctionInfo advance>}
Budget used: 211/920 -- 7 candidate(s) for inlining:
- candidate: JSCall node #769 with frequency 0.997413, has_heapnum_param:0, 1 target(s):
  - target: 000001A9B8C4F950 {0x01a5184e5961 <SharedFunctionInfo #assertEdge>}, bytecode size: 69, existing opt code's inlined bytecode size: 50
- candidate: JSCall node #162 with frequency 0.855379, has_heapnum_param:0, 1 target(s):
  - target: 000001A9F94F70B0 {0x02d511c28139 <SharedFunctionInfo supportAt>}, bytecode size: 54, existing opt code's inlined bytecode size: 50
- candidate: JSCall node #228 with frequency 0.855379, has_heapnum_param:0, 1 target(s):
  - target: 000001A9B8B6D3E0 {0x02d511c282e9 <SharedFunctionInfo p1At>}, bytecode size: 65, existing opt code's inlined bytecode size: 50
- candidate: JSCall node #561 with frequency 0.855379, has_heapnum_param:0, 1 target(s):
  - target: 000001A9B8B6E208 {0x01a5184e5b11 <SharedFunctionInfo setEdge>}, bytecode size: 125
- candidate: JSCall node #216 with frequency 0.855379, has_heapnum_param:0, 1 target(s):
  - target: 000001A9B8B6C708 {0x02d511c28211 <SharedFunctionInfo p0At>}, bytecode size: 100, existing opt code's inlined bytecode size: 50
- candidate: JSCall node #182 with frequency 0.855379, has_heapnum_param:0, 1 target(s):
  - target: 000001A9F94F71A8 {0x01a5184faaf9 <SharedFunctionInfo landingAt>}, bytecode size: 91, existing opt code's inlined bytecode size: 142
- candidate: JSCall node #459 with frequency 0.855379, has_heapnum_param:0, 1 target(s):
  - target: 000001A9B8B6DF98 {0x01a5184fab41 <SharedFunctionInfo childAt>}, bytecode size: 93, existing opt code's inlined bytecode size: 142
Inlining 000001A9B8C4F950 {0x01a5184e5961 <SharedFunctionInfo #assertEdge>} into 000001A9F94F5BB0 {0x01a5184fa0b1 <SharedFunctionInfo advance>}
Considering 000001A9B8C1E0B8 {0x01a5184e5841 <SharedFunctionInfo #assertState>} for inlining with 000001A9B8C1E378 {0x02dc5b63ff29 <FeedbackVector[12]>}
Budget used: 280/920 -- 7 candidate(s) for inlining:
- candidate: JSCall node #975 with frequency 0.995815, has_heapnum_param:0, 1 target(s):
  - target: 000001A9B8C1E0B8 {0x01a5184e5841 <SharedFunctionInfo #assertState>}, bytecode size: 50
- candidate: JSCall node #162 with frequency 0.855379, has_heapnum_param:0, 1 target(s):
  - target: 000001A9F94F70B0 {0x02d511c28139 <SharedFunctionInfo supportAt>}, bytecode size: 54, existing opt code's inlined bytecode size: 50
- candidate: JSCall node #228 with frequency 0.855379, has_heapnum_param:0, 1 target(s):
  - target: 000001A9B8B6D3E0 {0x02d511c282e9 <SharedFunctionInfo p1At>}, bytecode size: 65, existing opt code's inlined bytecode size: 50
- candidate: JSCall node #561 with frequency 0.855379, has_heapnum_param:0, 1 target(s):
  - target: 000001A9B8B6E208 {0x01a5184e5b11 <SharedFunctionInfo setEdge>}, bytecode size: 125
- candidate: JSCall node #216 with frequency 0.855379, has_heapnum_param:0, 1 target(s):
  - target: 000001A9B8B6C708 {0x02d511c28211 <SharedFunctionInfo p0At>}, bytecode size: 100, existing opt code's inlined bytecode size: 50
- candidate: JSCall node #182 with frequency 0.855379, has_heapnum_param:0, 1 target(s):
  - target: 000001A9F94F71A8 {0x01a5184faaf9 <SharedFunctionInfo landingAt>}, bytecode size: 91, existing opt code's inlined bytecode size: 142
- candidate: JSCall node #459 with frequency 0.855379, has_heapnum_param:0, 1 target(s):
  - target: 000001A9B8B6DF98 {0x01a5184fab41 <SharedFunctionInfo childAt>}, bytecode size: 93, existing opt code's inlined bytecode size: 142
Inlining 000001A9B8C1E0B8 {0x01a5184e5841 <SharedFunctionInfo #assertState>} into 000001A9F94F5BB0 {0x01a5184fa0b1 <SharedFunctionInfo advance>}
Budget used: 330/920 -- 6 candidate(s) for inlining:
- candidate: JSCall node #162 with frequency 0.855379, has_heapnum_param:0, 1 target(s):
  - target: 000001A9F94F70B0 {0x02d511c28139 <SharedFunctionInfo supportAt>}, bytecode size: 54, existing opt code's inlined bytecode size: 50
- candidate: JSCall node #228 with frequency 0.855379, has_heapnum_param:0, 1 target(s):
  - target: 000001A9B8B6D3E0 {0x02d511c282e9 <SharedFunctionInfo p1At>}, bytecode size: 65, existing opt code's inlined bytecode size: 50
- candidate: JSCall node #561 with frequency 0.855379, has_heapnum_param:0, 1 target(s):
  - target: 000001A9B8B6E208 {0x01a5184e5b11 <SharedFunctionInfo setEdge>}, bytecode size: 125
- candidate: JSCall node #216 with frequency 0.855379, has_heapnum_param:0, 1 target(s):
  - target: 000001A9B8B6C708 {0x02d511c28211 <SharedFunctionInfo p0At>}, bytecode size: 100, existing opt code's inlined bytecode size: 50
- candidate: JSCall node #182 with frequency 0.855379, has_heapnum_param:0, 1 target(s):
  - target: 000001A9F94F71A8 {0x01a5184faaf9 <SharedFunctionInfo landingAt>}, bytecode size: 91, existing opt code's inlined bytecode size: 142
- candidate: JSCall node #459 with frequency 0.855379, has_heapnum_param:0, 1 target(s):
  - target: 000001A9B8B6DF98 {0x01a5184fab41 <SharedFunctionInfo childAt>}, bytecode size: 93, existing opt code's inlined bytecode size: 142
Inlining 000001A9F94F70B0 {0x02d511c28139 <SharedFunctionInfo supportAt>} into 000001A9F94F5BB0 {0x01a5184fa0b1 <SharedFunctionInfo advance>}
Considering 000001A9B8C1E0B8 {0x01a5184e5841 <SharedFunctionInfo #assertState>} for inlining with 000001A9B8C1E378 {0x02dc5b63ff29 <FeedbackVector[12]>}
Budget used: 384/920 -- 6 candidate(s) for inlining:
- candidate: JSCall node #1107 with frequency 0.853824, has_heapnum_param:0, 1 target(s):
  - target: 000001A9B8C1E0B8 {0x01a5184e5841 <SharedFunctionInfo #assertState>}, bytecode size: 50
- candidate: JSCall node #228 with frequency 0.855379, has_heapnum_param:0, 1 target(s):
  - target: 000001A9B8B6D3E0 {0x02d511c282e9 <SharedFunctionInfo p1At>}, bytecode size: 65, existing opt code's inlined bytecode size: 50
- candidate: JSCall node #561 with frequency 0.855379, has_heapnum_param:0, 1 target(s):
  - target: 000001A9B8B6E208 {0x01a5184e5b11 <SharedFunctionInfo setEdge>}, bytecode size: 125
- candidate: JSCall node #216 with frequency 0.855379, has_heapnum_param:0, 1 target(s):
  - target: 000001A9B8B6C708 {0x02d511c28211 <SharedFunctionInfo p0At>}, bytecode size: 100, existing opt code's inlined bytecode size: 50
- candidate: JSCall node #182 with frequency 0.855379, has_heapnum_param:0, 1 target(s):
  - target: 000001A9F94F71A8 {0x01a5184faaf9 <SharedFunctionInfo landingAt>}, bytecode size: 91, existing opt code's inlined bytecode size: 142
- candidate: JSCall node #459 with frequency 0.855379, has_heapnum_param:0, 1 target(s):
  - target: 000001A9B8B6DF98 {0x01a5184fab41 <SharedFunctionInfo childAt>}, bytecode size: 93, existing opt code's inlined bytecode size: 142
Inlining 000001A9B8C1E0B8 {0x01a5184e5841 <SharedFunctionInfo #assertState>} into 000001A9F94F5BB0 {0x01a5184fa0b1 <SharedFunctionInfo advance>}
Budget used: 434/920 -- 5 candidate(s) for inlining:
- candidate: JSCall node #228 with frequency 0.855379, has_heapnum_param:0, 1 target(s):
  - target: 000001A9B8B6D3E0 {0x02d511c282e9 <SharedFunctionInfo p1At>}, bytecode size: 65, existing opt code's inlined bytecode size: 50
- candidate: JSCall node #561 with frequency 0.855379, has_heapnum_param:0, 1 target(s):
  - target: 000001A9B8B6E208 {0x01a5184e5b11 <SharedFunctionInfo setEdge>}, bytecode size: 125
- candidate: JSCall node #216 with frequency 0.855379, has_heapnum_param:0, 1 target(s):
  - target: 000001A9B8B6C708 {0x02d511c28211 <SharedFunctionInfo p0At>}, bytecode size: 100, existing opt code's inlined bytecode size: 50
- candidate: JSCall node #182 with frequency 0.855379, has_heapnum_param:0, 1 target(s):
  - target: 000001A9F94F71A8 {0x01a5184faaf9 <SharedFunctionInfo landingAt>}, bytecode size: 91, existing opt code's inlined bytecode size: 142
- candidate: JSCall node #459 with frequency 0.855379, has_heapnum_param:0, 1 target(s):
  - target: 000001A9B8B6DF98 {0x01a5184fab41 <SharedFunctionInfo childAt>}, bytecode size: 93, existing opt code's inlined bytecode size: 142
Inlining 000001A9B8B6D3E0 {0x02d511c282e9 <SharedFunctionInfo p1At>} into 000001A9F94F5BB0 {0x01a5184fa0b1 <SharedFunctionInfo advance>}
Considering 000001A9B8C1E0B8 {0x01a5184e5841 <SharedFunctionInfo #assertState>} for inlining with 000001A9B8C1E378 {0x02dc5b63ff29 <FeedbackVector[12]>}
Budget used: 499/920 -- 5 candidate(s) for inlining:
- candidate: JSCall node #1232 with frequency 0.853835, has_heapnum_param:0, 1 target(s):
  - target: 000001A9B8C1E0B8 {0x01a5184e5841 <SharedFunctionInfo #assertState>}, bytecode size: 50
- candidate: JSCall node #561 with frequency 0.855379, has_heapnum_param:0, 1 target(s):
  - target: 000001A9B8B6E208 {0x01a5184e5b11 <SharedFunctionInfo setEdge>}, bytecode size: 125
- candidate: JSCall node #216 with frequency 0.855379, has_heapnum_param:0, 1 target(s):
  - target: 000001A9B8B6C708 {0x02d511c28211 <SharedFunctionInfo p0At>}, bytecode size: 100, existing opt code's inlined bytecode size: 50
- candidate: JSCall node #182 with frequency 0.855379, has_heapnum_param:0, 1 target(s):
  - target: 000001A9F94F71A8 {0x01a5184faaf9 <SharedFunctionInfo landingAt>}, bytecode size: 91, existing opt code's inlined bytecode size: 142
- candidate: JSCall node #459 with frequency 0.855379, has_heapnum_param:0, 1 target(s):
  - target: 000001A9B8B6DF98 {0x01a5184fab41 <SharedFunctionInfo childAt>}, bytecode size: 93, existing opt code's inlined bytecode size: 142
Inlining 000001A9B8C1E0B8 {0x01a5184e5841 <SharedFunctionInfo #assertState>} into 000001A9F94F5BB0 {0x01a5184fa0b1 <SharedFunctionInfo advance>}
Budget used: 549/920 -- 4 candidate(s) for inlining:
- candidate: JSCall node #561 with frequency 0.855379, has_heapnum_param:0, 1 target(s):
  - target: 000001A9B8B6E208 {0x01a5184e5b11 <SharedFunctionInfo setEdge>}, bytecode size: 125
- candidate: JSCall node #216 with frequency 0.855379, has_heapnum_param:0, 1 target(s):
  - target: 000001A9B8B6C708 {0x02d511c28211 <SharedFunctionInfo p0At>}, bytecode size: 100, existing opt code's inlined bytecode size: 50
- candidate: JSCall node #182 with frequency 0.855379, has_heapnum_param:0, 1 target(s):
  - target: 000001A9F94F71A8 {0x01a5184faaf9 <SharedFunctionInfo landingAt>}, bytecode size: 91, existing opt code's inlined bytecode size: 142
- candidate: JSCall node #459 with frequency 0.855379, has_heapnum_param:0, 1 target(s):
  - target: 000001A9B8B6DF98 {0x01a5184fab41 <SharedFunctionInfo childAt>}, bytecode size: 93, existing opt code's inlined bytecode size: 142
Inlining 000001A9B8B6E208 {0x01a5184e5b11 <SharedFunctionInfo setEdge>} into 000001A9F94F5BB0 {0x01a5184fa0b1 <SharedFunctionInfo advance>}
Considering 000001A9B8C4F950 {0x01a5184e5961 <SharedFunctionInfo #assertEdge>} for inlining with 000001A9B8C54E58 {0x03748003d6d1 <FeedbackVector[16]>}
Budget used: 674/920 -- 4 candidate(s) for inlining:
- candidate: JSCall node #1369 with frequency 0.853846, has_heapnum_param:0, 1 target(s):
  - target: 000001A9B8C4F950 {0x01a5184e5961 <SharedFunctionInfo #assertEdge>}, bytecode size: 69, existing opt code's inlined bytecode size: 50
- candidate: JSCall node #216 with frequency 0.855379, has_heapnum_param:0, 1 target(s):
  - target: 000001A9B8B6C708 {0x02d511c28211 <SharedFunctionInfo p0At>}, bytecode size: 100, existing opt code's inlined bytecode size: 50
- candidate: JSCall node #182 with frequency 0.855379, has_heapnum_param:0, 1 target(s):
  - target: 000001A9F94F71A8 {0x01a5184faaf9 <SharedFunctionInfo landingAt>}, bytecode size: 91, existing opt code's inlined bytecode size: 142
- candidate: JSCall node #459 with frequency 0.855379, has_heapnum_param:0, 1 target(s):
  - target: 000001A9B8B6DF98 {0x01a5184fab41 <SharedFunctionInfo childAt>}, bytecode size: 93, existing opt code's inlined bytecode size: 142
Inlining 000001A9B8C4F950 {0x01a5184e5961 <SharedFunctionInfo #assertEdge>} into 000001A9F94F5BB0 {0x01a5184fa0b1 <SharedFunctionInfo advance>}
Considering 000001A9B8C1E0B8 {0x01a5184e5841 <SharedFunctionInfo #assertState>} for inlining with 000001A9B8C1E378 {0x02dc5b63ff29 <FeedbackVector[12]>}
Budget used: 743/920 -- 4 candidate(s) for inlining:
- candidate: JSCall node #1508 with frequency 0.852478, has_heapnum_param:0, 1 target(s):
  - target: 000001A9B8C1E0B8 {0x01a5184e5841 <SharedFunctionInfo #assertState>}, bytecode size: 50
- candidate: JSCall node #216 with frequency 0.855379, has_heapnum_param:0, 1 target(s):
  - target: 000001A9B8B6C708 {0x02d511c28211 <SharedFunctionInfo p0At>}, bytecode size: 100, existing opt code's inlined bytecode size: 50
- candidate: JSCall node #182 with frequency 0.855379, has_heapnum_param:0, 1 target(s):
  - target: 000001A9F94F71A8 {0x01a5184faaf9 <SharedFunctionInfo landingAt>}, bytecode size: 91, existing opt code's inlined bytecode size: 142
- candidate: JSCall node #459 with frequency 0.855379, has_heapnum_param:0, 1 target(s):
  - target: 000001A9B8B6DF98 {0x01a5184fab41 <SharedFunctionInfo childAt>}, bytecode size: 93, existing opt code's inlined bytecode size: 142
Inlining 000001A9B8C1E0B8 {0x01a5184e5841 <SharedFunctionInfo #assertState>} into 000001A9F94F5BB0 {0x01a5184fa0b1 <SharedFunctionInfo advance>}
Budget used: 793/920 -- 3 candidate(s) for inlining:
- candidate: JSCall node #216 with frequency 0.855379, has_heapnum_param:0, 1 target(s):
  - target: 000001A9B8B6C708 {0x02d511c28211 <SharedFunctionInfo p0At>}, bytecode size: 100, existing opt code's inlined bytecode size: 50
- candidate: JSCall node #182 with frequency 0.855379, has_heapnum_param:0, 1 target(s):
  - target: 000001A9F94F71A8 {0x01a5184faaf9 <SharedFunctionInfo landingAt>}, bytecode size: 91, existing opt code's inlined bytecode size: 142
- candidate: JSCall node #459 with frequency 0.855379, has_heapnum_param:0, 1 target(s):
  - target: 000001A9B8B6DF98 {0x01a5184fab41 <SharedFunctionInfo childAt>}, bytecode size: 93, existing opt code's inlined bytecode size: 142
Considering 000001A9F94F9DE8 {0x01a5184e5841 <SharedFunctionInfo #assertState>} for inlining with 000001A9B8B44818 {0x02dc5b63ff29 <FeedbackVector[12]>}
Budget used: 0/920 -- 1 candidate(s) for inlining:
- candidate: JSCall node #25 with frequency 0.998195, has_heapnum_param:0, 1 target(s):
  - target: 000001A9F94F9DE8 {0x01a5184e5841 <SharedFunctionInfo #assertState>}, bytecode size: 50
Inlining 000001A9F94F9DE8 {0x01a5184e5841 <SharedFunctionInfo #assertState>} into 000001A9F94F9BC8 {0x02d511c28211 <SharedFunctionInfo p0At>}
Considering 000001A9F94F7FF0 {0x01a5184dd5d1 <SharedFunctionInfo assertSupportIndex>} for inlining with 000001A9F94F90D0 {0x02d511c2e351 <FeedbackVector[12]>}
Considering 000001A9F94F83D8 {0x01a5184dd619 <SharedFunctionInfo assertSupportColumn>} for inlining with 000001A9F94F9140 {0x02d511c2e7c1 <FeedbackVector[12]>}
Budget used: 0/920 -- 2 candidate(s) for inlining:
- candidate: JSCall node #46 with frequency 0.998217, has_heapnum_param:0, 1 target(s):
  - target: 000001A9F94F83D8 {0x01a5184dd619 <SharedFunctionInfo assertSupportColumn>}, bytecode size: 71
- candidate: JSCall node #30 with frequency 0.998217, has_heapnum_param:0, 1 target(s):
  - target: 000001A9F94F7FF0 {0x01a5184dd5d1 <SharedFunctionInfo assertSupportIndex>}, bytecode size: 71
Inlining 000001A9F94F83D8 {0x01a5184dd619 <SharedFunctionInfo assertSupportColumn>} into 000001A9F94F7BC0 {0x01a5184fab41 <SharedFunctionInfo childAt>}
Budget used: 71/920 -- 1 candidate(s) for inlining:
- candidate: JSCall node #30 with frequency 0.998217, has_heapnum_param:0, 1 target(s):
  - target: 000001A9F94F7FF0 {0x01a5184dd5d1 <SharedFunctionInfo assertSupportIndex>}, bytecode size: 71
Inlining 000001A9F94F7FF0 {0x01a5184dd5d1 <SharedFunctionInfo assertSupportIndex>} into 000001A9F94F7BC0 {0x01a5184fab41 <SharedFunctionInfo childAt>}
Considering 000001A9F94F8308 {0x02d511c28379 <SharedFunctionInfo writeStateParts>} for inlining with 000001A9F9849078 {0x03748003ca29 <FeedbackVector[31]>}
Considering 000001A9F94F8430 {0x02d511c2b919 <SharedFunctionInfo pool.isEmpty>} for inlining with 000001A9F984A1F0 {0x03748003cb51 <FeedbackVector[2]>}
Considering 000001A9F94F8F68 {0x01a5184faab1 <SharedFunctionInfo rankAt>} for inlining with 000001A9F984A7E8 {0x027256e95459 <FeedbackVector[6]>}
Inlining small function(s) at call site #134:JSCall
Inlining 000001A9F94F8F68 {0x01a5184faab1 <SharedFunctionInfo rankAt>} into 000001A9F94F7BB8 {0x01a5184fa0f9 <SharedFunctionInfo tacticalCode>}
Considering 000001A9F984A898 {0x01a5184dd5d1 <SharedFunctionInfo assertSupportIndex>} for inlining with 000001A9F984A9E0 {0x02d511c2e351 <FeedbackVector[12]>}
Considering 000001A9F94F9050 {0x02d511c2ba21 <SharedFunctionInfo pool.singletonWord>} for inlining with 000001A9B8A8AD08 {0x03748003cb91 <FeedbackVector[10]>}
Inlining small function(s) at call site #174:JSCall
Inlining 000001A9F94F9050 {0x02d511c2ba21 <SharedFunctionInfo pool.singletonWord>} into 000001A9F94F7BB8 {0x01a5184fa0f9 <SharedFunctionInfo tacticalCode>}
Considering 000001A9B8A8AD98 {0x02d511c2b319 <SharedFunctionInfo assertClassId>} for inlining with 000001A9B8A8AEA0 {0x02dc5b63f7e1 <FeedbackVector[12]>}
Considering 000001A9F94F9050 {0x02d511c2ba21 <SharedFunctionInfo pool.singletonWord>} for inlining with 000001A9B8A8AD08 {0x03748003cb91 <FeedbackVector[10]>}
Inlining small function(s) at call site #186:JSCall
Inlining 000001A9F94F9050 {0x02d511c2ba21 <SharedFunctionInfo pool.singletonWord>} into 000001A9F94F7BB8 {0x01a5184fa0f9 <SharedFunctionInfo tacticalCode>}
Considering 000001A9B8A8AD98 {0x02d511c2b319 <SharedFunctionInfo assertClassId>} for inlining with 000001A9B8A8AEA0 {0x02dc5b63f7e1 <FeedbackVector[12]>}
Considering 000001A9F94F9050 {0x02d511c2ba21 <SharedFunctionInfo pool.singletonWord>} for inlining with 000001A9B8A8AD08 {0x03748003cb91 <FeedbackVector[10]>}
Inlining small function(s) at call site #198:JSCall
Inlining 000001A9F94F9050 {0x02d511c2ba21 <SharedFunctionInfo pool.singletonWord>} into 000001A9F94F7BB8 {0x01a5184fa0f9 <SharedFunctionInfo tacticalCode>}
Considering 000001A9B8A8AD98 {0x02d511c2b319 <SharedFunctionInfo assertClassId>} for inlining with 000001A9B8A8AEA0 {0x02dc5b63f7e1 <FeedbackVector[12]>}
Considering 000001A9F94F9050 {0x02d511c2ba21 <SharedFunctionInfo pool.singletonWord>} for inlining with 000001A9B8A8AD08 {0x03748003cb91 <FeedbackVector[10]>}
Inlining small function(s) at call site #211:JSCall
Inlining 000001A9F94F9050 {0x02d511c2ba21 <SharedFunctionInfo pool.singletonWord>} into 000001A9F94F7BB8 {0x01a5184fa0f9 <SharedFunctionInfo tacticalCode>}
Considering 000001A9B8A8AD98 {0x02d511c2b319 <SharedFunctionInfo assertClassId>} for inlining with 000001A9B8A8AEA0 {0x02dc5b63f7e1 <FeedbackVector[12]>}
Considering 000001A9F9847490 {0x01a5184faaf9 <SharedFunctionInfo landingAt>} for inlining with 000001A9B8A8B968 {0x02d511c2e851 <FeedbackVector[12]>}
Budget used: 0/920 -- 8 candidate(s) for inlining:
- candidate: JSCall node #561 with frequency 0.997461, has_heapnum_param:0, 1 target(s):
  - target: 000001A9F984A898 {0x01a5184dd5d1 <SharedFunctionInfo assertSupportIndex>}, bytecode size: 71
- candidate: JSCall node #914 with frequency 0.997475, has_heapnum_param:0, 1 target(s):
  - target: 000001A9B8A8AD98 {0x02d511c2b319 <SharedFunctionInfo assertClassId>}, bytecode size: 76
- candidate: JSCall node #823 with frequency 0.997475, has_heapnum_param:0, 1 target(s):
  - target: 000001A9B8A8AD98 {0x02d511c2b319 <SharedFunctionInfo assertClassId>}, bytecode size: 76
- candidate: JSCall node #732 with frequency 0.997475, has_heapnum_param:0, 1 target(s):
  - target: 000001A9B8A8AD98 {0x02d511c2b319 <SharedFunctionInfo assertClassId>}, bytecode size: 76
- candidate: JSCall node #636 with frequency 0.997475, has_heapnum_param:0, 1 target(s):
  - target: 000001A9B8A8AD98 {0x02d511c2b319 <SharedFunctionInfo assertClassId>}, bytecode size: 76
- candidate: JSCall node #82 with frequency 0.999339, has_heapnum_param:0, 1 target(s):
  - target: 000001A9F94F8430 {0x02d511c2b919 <SharedFunctionInfo pool.isEmpty>}, bytecode size: 17, existing opt code's inlined bytecode size: 76
- candidate: JSCall node #42 with frequency 0.999339, has_heapnum_param:0, 1 target(s):
  - target: 000001A9F94F8308 {0x02d511c28379 <SharedFunctionInfo writeStateParts>}, bytecode size: 139, existing opt code's inlined bytecode size: 50
- candidate: JSCall node #352 with frequency 0.712492, has_heapnum_param:0, 1 target(s):
  - target: 000001A9F9847490 {0x01a5184faaf9 <SharedFunctionInfo landingAt>}, bytecode size: 91, existing opt code's inlined bytecode size: 142
Inlining 000001A9F984A898 {0x01a5184dd5d1 <SharedFunctionInfo assertSupportIndex>} into 000001A9F94F7BB8 {0x01a5184fa0f9 <SharedFunctionInfo tacticalCode>}
Budget used: 71/920 -- 7 candidate(s) for inlining:
- candidate: JSCall node #914 with frequency 0.997475, has_heapnum_param:0, 1 target(s):
  - target: 000001A9B8A8AD98 {0x02d511c2b319 <SharedFunctionInfo assertClassId>}, bytecode size: 76
- candidate: JSCall node #823 with frequency 0.997475, has_heapnum_param:0, 1 target(s):
  - target: 000001A9B8A8AD98 {0x02d511c2b319 <SharedFunctionInfo assertClassId>}, bytecode size: 76
- candidate: JSCall node #732 with frequency 0.997475, has_heapnum_param:0, 1 target(s):
  - target: 000001A9B8A8AD98 {0x02d511c2b319 <SharedFunctionInfo assertClassId>}, bytecode size: 76
- candidate: JSCall node #636 with frequency 0.997475, has_heapnum_param:0, 1 target(s):
  - target: 000001A9B8A8AD98 {0x02d511c2b319 <SharedFunctionInfo assertClassId>}, bytecode size: 76
- candidate: JSCall node #82 with frequency 0.999339, has_heapnum_param:0, 1 target(s):
  - target: 000001A9F94F8430 {0x02d511c2b919 <SharedFunctionInfo pool.isEmpty>}, bytecode size: 17, existing opt code's inlined bytecode size: 76
- candidate: JSCall node #42 with frequency 0.999339, has_heapnum_param:0, 1 target(s):
  - target: 000001A9F94F8308 {0x02d511c28379 <SharedFunctionInfo writeStateParts>}, bytecode size: 139, existing opt code's inlined bytecode size: 50
- candidate: JSCall node #352 with frequency 0.712492, has_heapnum_param:0, 1 target(s):
  - target: 000001A9F9847490 {0x01a5184faaf9 <SharedFunctionInfo landingAt>}, bytecode size: 91, existing opt code's inlined bytecode size: 142
Inlining 000001A9B8A8AD98 {0x02d511c2b319 <SharedFunctionInfo assertClassId>} into 000001A9F94F7BB8 {0x01a5184fa0f9 <SharedFunctionInfo tacticalCode>}
Budget used: 147/920 -- 6 candidate(s) for inlining:
- candidate: JSCall node #823 with frequency 0.997475, has_heapnum_param:0, 1 target(s):
  - target: 000001A9B8A8AD98 {0x02d511c2b319 <SharedFunctionInfo assertClassId>}, bytecode size: 76
- candidate: JSCall node #732 with frequency 0.997475, has_heapnum_param:0, 1 target(s):
  - target: 000001A9B8A8AD98 {0x02d511c2b319 <SharedFunctionInfo assertClassId>}, bytecode size: 76
- candidate: JSCall node #636 with frequency 0.997475, has_heapnum_param:0, 1 target(s):
  - target: 000001A9B8A8AD98 {0x02d511c2b319 <SharedFunctionInfo assertClassId>}, bytecode size: 76
- candidate: JSCall node #82 with frequency 0.999339, has_heapnum_param:0, 1 target(s):
  - target: 000001A9F94F8430 {0x02d511c2b919 <SharedFunctionInfo pool.isEmpty>}, bytecode size: 17, existing opt code's inlined bytecode size: 76
- candidate: JSCall node #42 with frequency 0.999339, has_heapnum_param:0, 1 target(s):
  - target: 000001A9F94F8308 {0x02d511c28379 <SharedFunctionInfo writeStateParts>}, bytecode size: 139, existing opt code's inlined bytecode size: 50
- candidate: JSCall node #352 with frequency 0.712492, has_heapnum_param:0, 1 target(s):
  - target: 000001A9F9847490 {0x01a5184faaf9 <SharedFunctionInfo landingAt>}, bytecode size: 91, existing opt code's inlined bytecode size: 142
Inlining 000001A9B8A8AD98 {0x02d511c2b319 <SharedFunctionInfo assertClassId>} into 000001A9F94F7BB8 {0x01a5184fa0f9 <SharedFunctionInfo tacticalCode>}
Budget used: 223/920 -- 5 candidate(s) for inlining:
- candidate: JSCall node #732 with frequency 0.997475, has_heapnum_param:0, 1 target(s):
  - target: 000001A9B8A8AD98 {0x02d511c2b319 <SharedFunctionInfo assertClassId>}, bytecode size: 76
- candidate: JSCall node #636 with frequency 0.997475, has_heapnum_param:0, 1 target(s):
  - target: 000001A9B8A8AD98 {0x02d511c2b319 <SharedFunctionInfo assertClassId>}, bytecode size: 76
- candidate: JSCall node #82 with frequency 0.999339, has_heapnum_param:0, 1 target(s):
  - target: 000001A9F94F8430 {0x02d511c2b919 <SharedFunctionInfo pool.isEmpty>}, bytecode size: 17, existing opt code's inlined bytecode size: 76
- candidate: JSCall node #42 with frequency 0.999339, has_heapnum_param:0, 1 target(s):
  - target: 000001A9F94F8308 {0x02d511c28379 <SharedFunctionInfo writeStateParts>}, bytecode size: 139, existing opt code's inlined bytecode size: 50
- candidate: JSCall node #352 with frequency 0.712492, has_heapnum_param:0, 1 target(s):
  - target: 000001A9F9847490 {0x01a5184faaf9 <SharedFunctionInfo landingAt>}, bytecode size: 91, existing opt code's inlined bytecode size: 142
Inlining 000001A9B8A8AD98 {0x02d511c2b319 <SharedFunctionInfo assertClassId>} into 000001A9F94F7BB8 {0x01a5184fa0f9 <SharedFunctionInfo tacticalCode>}
Budget used: 299/920 -- 4 candidate(s) for inlining:
- candidate: JSCall node #636 with frequency 0.997475, has_heapnum_param:0, 1 target(s):
  - target: 000001A9B8A8AD98 {0x02d511c2b319 <SharedFunctionInfo assertClassId>}, bytecode size: 76
- candidate: JSCall node #82 with frequency 0.999339, has_heapnum_param:0, 1 target(s):
  - target: 000001A9F94F8430 {0x02d511c2b919 <SharedFunctionInfo pool.isEmpty>}, bytecode size: 17, existing opt code's inlined bytecode size: 76
- candidate: JSCall node #42 with frequency 0.999339, has_heapnum_param:0, 1 target(s):
  - target: 000001A9F94F8308 {0x02d511c28379 <SharedFunctionInfo writeStateParts>}, bytecode size: 139, existing opt code's inlined bytecode size: 50
- candidate: JSCall node #352 with frequency 0.712492, has_heapnum_param:0, 1 target(s):
  - target: 000001A9F9847490 {0x01a5184faaf9 <SharedFunctionInfo landingAt>}, bytecode size: 91, existing opt code's inlined bytecode size: 142
Inlining 000001A9B8A8AD98 {0x02d511c2b319 <SharedFunctionInfo assertClassId>} into 000001A9F94F7BB8 {0x01a5184fa0f9 <SharedFunctionInfo tacticalCode>}
Budget used: 375/920 -- 3 candidate(s) for inlining:
- candidate: JSCall node #82 with frequency 0.999339, has_heapnum_param:0, 1 target(s):
  - target: 000001A9F94F8430 {0x02d511c2b919 <SharedFunctionInfo pool.isEmpty>}, bytecode size: 17, existing opt code's inlined bytecode size: 76
- candidate: JSCall node #42 with frequency 0.999339, has_heapnum_param:0, 1 target(s):
  - target: 000001A9F94F8308 {0x02d511c28379 <SharedFunctionInfo writeStateParts>}, bytecode size: 139, existing opt code's inlined bytecode size: 50
- candidate: JSCall node #352 with frequency 0.712492, has_heapnum_param:0, 1 target(s):
  - target: 000001A9F9847490 {0x01a5184faaf9 <SharedFunctionInfo landingAt>}, bytecode size: 91, existing opt code's inlined bytecode size: 142
Inlining 000001A9F94F8430 {0x02d511c2b919 <SharedFunctionInfo pool.isEmpty>} into 000001A9F94F7BB8 {0x01a5184fa0f9 <SharedFunctionInfo tacticalCode>}
Considering 000001A9B8A8AD98 {0x02d511c2b319 <SharedFunctionInfo assertClassId>} for inlining with 000001A9B8A8AEA0 {0x02dc5b63f7e1 <FeedbackVector[12]>}
Budget used: 392/920 -- 3 candidate(s) for inlining:
- candidate: JSCall node #1334 with frequency 0.996948, has_heapnum_param:0, 1 target(s):
  - target: 000001A9B8A8AD98 {0x02d511c2b319 <SharedFunctionInfo assertClassId>}, bytecode size: 76
- candidate: JSCall node #42 with frequency 0.999339, has_heapnum_param:0, 1 target(s):
  - target: 000001A9F94F8308 {0x02d511c28379 <SharedFunctionInfo writeStateParts>}, bytecode size: 139, existing opt code's inlined bytecode size: 50
- candidate: JSCall node #352 with frequency 0.712492, has_heapnum_param:0, 1 target(s):
  - target: 000001A9F9847490 {0x01a5184faaf9 <SharedFunctionInfo landingAt>}, bytecode size: 91, existing opt code's inlined bytecode size: 142
Inlining 000001A9B8A8AD98 {0x02d511c2b319 <SharedFunctionInfo assertClassId>} into 000001A9F94F7BB8 {0x01a5184fa0f9 <SharedFunctionInfo tacticalCode>}
Budget used: 468/920 -- 2 candidate(s) for inlining:
- candidate: JSCall node #42 with frequency 0.999339, has_heapnum_param:0, 1 target(s):
  - target: 000001A9F94F8308 {0x02d511c28379 <SharedFunctionInfo writeStateParts>}, bytecode size: 139, existing opt code's inlined bytecode size: 50
- candidate: JSCall node #352 with frequency 0.712492, has_heapnum_param:0, 1 target(s):
  - target: 000001A9F9847490 {0x01a5184faaf9 <SharedFunctionInfo landingAt>}, bytecode size: 91, existing opt code's inlined bytecode size: 142
Inlining 000001A9F94F8308 {0x02d511c28379 <SharedFunctionInfo writeStateParts>} into 000001A9F94F7BB8 {0x01a5184fa0f9 <SharedFunctionInfo tacticalCode>}
Considering 000001A9B8A8D360 {0x01a5184e5841 <SharedFunctionInfo #assertState>} for inlining with 000001A9B8A8FAF0 {0x02dc5b63ff29 <FeedbackVector[12]>}
Budget used: 607/920 -- 2 candidate(s) for inlining:
- candidate: JSCall node #1439 with frequency 0.998019, has_heapnum_param:0, 1 target(s):
  - target: 000001A9B8A8D360 {0x01a5184e5841 <SharedFunctionInfo #assertState>}, bytecode size: 50
- candidate: JSCall node #352 with frequency 0.712492, has_heapnum_param:0, 1 target(s):
  - target: 000001A9F9847490 {0x01a5184faaf9 <SharedFunctionInfo landingAt>}, bytecode size: 91, existing opt code's inlined bytecode size: 142
Inlining 000001A9B8A8D360 {0x01a5184e5841 <SharedFunctionInfo #assertState>} into 000001A9F94F7BB8 {0x01a5184fa0f9 <SharedFunctionInfo tacticalCode>}
Budget used: 657/920 -- 1 candidate(s) for inlining:
- candidate: JSCall node #352 with frequency 0.712492, has_heapnum_param:0, 1 target(s):
  - target: 000001A9F9847490 {0x01a5184faaf9 <SharedFunctionInfo landingAt>}, bytecode size: 91, existing opt code's inlined bytecode size: 142
Considering 000001A9F94FA458 {0x01a5184e5769 <SharedFunctionInfo mix>} for inlining with 000001A9F9276F28 {0x03748003db21 <FeedbackVector[16]>}
Budget used: 0/920 -- 1 candidate(s) for inlining:
- candidate: JSCall node #35 with frequency 1, has_heapnum_param:0, 1 target(s):
  - target: 000001A9F94FA458 {0x01a5184e5769 <SharedFunctionInfo mix>}, bytecode size: 78
Inlining 000001A9F94FA458 {0x01a5184e5769 <SharedFunctionInfo mix>} into 000001A9F94F9BD0 {0x01a5184e57b1 <SharedFunctionInfo pairHash>}
Considering 000001A9F94FA398 {0x01a5184ee729 <SharedFunctionInfo probe>} for inlining with 000001A9F92790A0 {0x03748003f2c1 <FeedbackVector[9]>}
Considering 000001A9F94FA480 {0x01a5184ee7b9 <SharedFunctionInfo read>} for inlining with 000001A9F92794D0 {0x03748003f339 <FeedbackVector[28]>}
Considering 000001A9F94FAFA0 {0x0262a6eb5101 <SharedFunctionInfo>} for inlining with 000001A9F9279AD8 {0x03748003f721 <FeedbackVector[4]>}
Cannot consider 000001A9F94FB188 {0x01a5184fa0f9 <SharedFunctionInfo tacticalCode>} for inlining (reason: exceeds bytecode limit)
Considering 000001A9F938E110 {0x01a5184d8601 <SharedFunctionInfo tacticalForcedColumn>} for inlining with 000001A9F9279F58 {0x01c2eb145629 <FeedbackVector[8]>}
Considering 000001A9F938E490 {0x0262a6eb4081 <SharedFunctionInfo advanceFrontier>} for inlining with 000001A9F9279FB8 {0x01c2eb1451f1 <FeedbackVector[10]>}
Considering 000001A9F938C808 {0x01a5184d8649 <SharedFunctionInfo assertTacticalCode>} for inlining with 000001A9F927A4C8 {0x01c2eb146169 <FeedbackVector[11]>}
Considering 000001A9F938E2B0 {0x0262a6eb3fa9 <SharedFunctionInfo transition>} for inlining with 000001A9F927DAB8 {0x01c2eb145121 <FeedbackVector[7]>}
Considering 000001A9F938E388 {0x01a5184e4011 <SharedFunctionInfo requireLegalTransition>} for inlining with 000001A9F927DB18 {0x01c2eb145189 <FeedbackVector[7]>}
Considering 000001A9F938E388 {0x01a5184e4011 <SharedFunctionInfo requireLegalTransition>} for inlining with 000001A9F927DB18 {0x01c2eb145189 <FeedbackVector[7]>}
Considering 000001A9F938C980 {0x01a5184ee891 <SharedFunctionInfo publishExact>} for inlining with 000001A9F927E868 {0x00f94a248c09 <FeedbackVector[8]>}
Cannot consider 000001A9F938E670 {0x0262a6eb40c9 <SharedFunctionInfo prepareMoves>} for inlining (reason: exceeds bytecode limit)
Considering 000001A9F938EB08 {0x01a5184d8499 <SharedFunctionInfo assertWdlValue>} for inlining with 000001A9F9847F28 {0x0374800179b1 <FeedbackVector[7]>}
Considering 000001A9F938EB08 {0x01a5184d8499 <SharedFunctionInfo assertWdlValue>} for inlining with 000001A9F9847F28 {0x0374800179b1 <FeedbackVector[7]>}
Considering 000001A9F938E2B0 {0x0262a6eb3fa9 <SharedFunctionInfo transition>} for inlining with 000001A9F927DAB8 {0x01c2eb145121 <FeedbackVector[7]>}
Considering 000001A9F938E388 {0x01a5184e4011 <SharedFunctionInfo requireLegalTransition>} for inlining with 000001A9F927DB18 {0x01c2eb145189 <FeedbackVector[7]>}
Considering 000001A9F938E490 {0x0262a6eb4081 <SharedFunctionInfo advanceFrontier>} for inlining with 000001A9F9279FB8 {0x01c2eb1451f1 <FeedbackVector[10]>}
Cannot consider 000001A9F94F9BE0 {0x0262a6eb4159 <SharedFunctionInfo searchNode>} for inlining (reason: exceeds bytecode limit)
Considering 000001A9F938ECB8 {0x0262a6eb4111 <SharedFunctionInfo publishResult>} for inlining with 000001A9F9848888 {0x00f94a25ef69 <FeedbackVector[14]>}
Budget used: 0/920 -- 8 candidate(s) for inlining:
- candidate: JSCall node #217 with frequency 1.02755, has_heapnum_param:0, 1 target(s):
  - target: 000001A9F94FAFA0 {0x0262a6eb5101 <SharedFunctionInfo>}, bytecode size: 31
- candidate: JSCall node #1175 with frequency 1.01503, has_heapnum_param:0, 1 target(s):
  - target: 000001A9F938E2B0 {0x0262a6eb3fa9 <SharedFunctionInfo transition>}, bytecode size: 40
- candidate: JSCall node #1183 with frequency 1.01503, has_heapnum_param:0, 1 target(s):
  - target: 000001A9F938E388 {0x01a5184e4011 <SharedFunctionInfo requireLegalTransition>}, bytecode size: 72, existing opt code's inlined bytecode size: 78
- candidate: JSCall node #1247 with frequency 1.01503, has_heapnum_param:0, 1 target(s):
  - target: 000001A9F938E490 {0x0262a6eb4081 <SharedFunctionInfo advanceFrontier>}, bytecode size: 71, existing opt code's inlined bytecode size: 95
- candidate: JSCall node #440 with frequency 1.02469, has_heapnum_param:0, 1 target(s):
  - target: 000001A9F938C808 {0x01a5184d8649 <SharedFunctionInfo assertTacticalCode>}, bytecode size: 151, existing opt code's inlined bytecode size: 47
- candidate: JSCall node #781 with frequency 0.177818, has_heapnum_param:0, 1 target(s):
  - target: 000001A9F938E110 {0x01a5184d8601 <SharedFunctionInfo tacticalForcedColumn>}, bytecode size: 45
- candidate: JSCall node #153 with frequency 1.02755, has_heapnum_param:0, 1 target(s):
  - target: 000001A9F94FA480 {0x01a5184ee7b9 <SharedFunctionInfo read>}, bytecode size: 157, existing opt code's inlined bytecode size: 183
- candidate: JSCall node #139 with frequency 1.02755, has_heapnum_param:0, 1 target(s):
  - target: 000001A9F94FA398 {0x01a5184ee729 <SharedFunctionInfo probe>}, bytecode size: 46, existing opt code's inlined bytecode size: 631
Inlining 000001A9F94FAFA0 {0x0262a6eb5101 <SharedFunctionInfo>} into 000001A9F94F9BE0 {0x0262a6eb4159 <SharedFunctionInfo searchNode>}
Considering 000001A9F9848B08 {0x0262a6eac019 <SharedFunctionInfo frontierBoundCode>} for inlining with 000001A9F9848B58 {0x03748003f649 <FeedbackVector[6]>}
Considering 000001A9F98489D0 {0x01a5184d8691 <SharedFunctionInfo applyFrontierBoundCode>} for inlining with 000001A9F984ABB8 {0x01c2eb1461f1 <FeedbackVector[38]>}
Budget used: 31/920 -- 9 candidate(s) for inlining:
- candidate: JSCall node #1175 with frequency 1.01503, has_heapnum_param:0, 1 target(s):
  - target: 000001A9F938E2B0 {0x0262a6eb3fa9 <SharedFunctionInfo transition>}, bytecode size: 40
- candidate: JSCall node #1183 with frequency 1.01503, has_heapnum_param:0, 1 target(s):
  - target: 000001A9F938E388 {0x01a5184e4011 <SharedFunctionInfo requireLegalTransition>}, bytecode size: 72, existing opt code's inlined bytecode size: 78
- candidate: JSCall node #1247 with frequency 1.01503, has_heapnum_param:0, 1 target(s):
  - target: 000001A9F938E490 {0x0262a6eb4081 <SharedFunctionInfo advanceFrontier>}, bytecode size: 71, existing opt code's inlined bytecode size: 95
- candidate: JSCall node #440 with frequency 1.02469, has_heapnum_param:0, 1 target(s):
  - target: 000001A9F938C808 {0x01a5184d8649 <SharedFunctionInfo assertTacticalCode>}, bytecode size: 151, existing opt code's inlined bytecode size: 47
- candidate: JSCall node #781 with frequency 0.177818, has_heapnum_param:0, 1 target(s):
  - target: 000001A9F938E110 {0x01a5184d8601 <SharedFunctionInfo tacticalForcedColumn>}, bytecode size: 45
- candidate: JSCall node #153 with frequency 1.02755, has_heapnum_param:0, 1 target(s):
  - target: 000001A9F94FA480 {0x01a5184ee7b9 <SharedFunctionInfo read>}, bytecode size: 157, existing opt code's inlined bytecode size: 183
- candidate: JSCall node #1657 with frequency 1.02502, has_heapnum_param:0, 1 target(s):
  - target: 000001A9F98489D0 {0x01a5184d8691 <SharedFunctionInfo applyFrontierBoundCode>}, bytecode size: 334, existing opt code's inlined bytecode size: 85
- candidate: JSCall node #139 with frequency 1.02755, has_heapnum_param:0, 1 target(s):
  - target: 000001A9F94FA398 {0x01a5184ee729 <SharedFunctionInfo probe>}, bytecode size: 46, existing opt code's inlined bytecode size: 631
- candidate: JSCall node #1652 with frequency 1.02502, has_heapnum_param:0, 1 target(s):
  - target: 000001A9F9848B08 {0x0262a6eac019 <SharedFunctionInfo frontierBoundCode>}, bytecode size: 31, existing opt code's inlined bytecode size: 799
Inlining 000001A9F938E2B0 {0x0262a6eb3fa9 <SharedFunctionInfo transition>} into 000001A9F94F9BE0 {0x0262a6eb4159 <SharedFunctionInfo searchNode>}
Considering 000001A9F984DCA0 {0x01a5184e40a1 <SharedFunctionInfo checkedTransition>} for inlining with 000001A9F984E280 {0x01c2eb145031 <FeedbackVector[24]>}
Budget used: 71/920 -- 9 candidate(s) for inlining:
- candidate: JSCall node #1183 with frequency 1.01503, has_heapnum_param:0, 1 target(s):
  - target: 000001A9F938E388 {0x01a5184e4011 <SharedFunctionInfo requireLegalTransition>}, bytecode size: 72, existing opt code's inlined bytecode size: 78
- candidate: JSCall node #1247 with frequency 1.01503, has_heapnum_param:0, 1 target(s):
  - target: 000001A9F938E490 {0x0262a6eb4081 <SharedFunctionInfo advanceFrontier>}, bytecode size: 71, existing opt code's inlined bytecode size: 95
- candidate: JSCall node #440 with frequency 1.02469, has_heapnum_param:0, 1 target(s):
  - target: 000001A9F938C808 {0x01a5184d8649 <SharedFunctionInfo assertTacticalCode>}, bytecode size: 151, existing opt code's inlined bytecode size: 47
- candidate: JSCall node #781 with frequency 0.177818, has_heapnum_param:0, 1 target(s):
  - target: 000001A9F938E110 {0x01a5184d8601 <SharedFunctionInfo tacticalForcedColumn>}, bytecode size: 45
- candidate: JSCall node #153 with frequency 1.02755, has_heapnum_param:0, 1 target(s):
  - target: 000001A9F94FA480 {0x01a5184ee7b9 <SharedFunctionInfo read>}, bytecode size: 157, existing opt code's inlined bytecode size: 183
- candidate: JSCall node #1657 with frequency 1.02502, has_heapnum_param:0, 1 target(s):
  - target: 000001A9F98489D0 {0x01a5184d8691 <SharedFunctionInfo applyFrontierBoundCode>}, bytecode size: 334, existing opt code's inlined bytecode size: 85
- candidate: JSCall node #139 with frequency 1.02755, has_heapnum_param:0, 1 target(s):
  - target: 000001A9F94FA398 {0x01a5184ee729 <SharedFunctionInfo probe>}, bytecode size: 46, existing opt code's inlined bytecode size: 631
- candidate: JSCall node #1652 with frequency 1.02502, has_heapnum_param:0, 1 target(s):
  - target: 000001A9F9848B08 {0x0262a6eac019 <SharedFunctionInfo frontierBoundCode>}, bytecode size: 31, existing opt code's inlined bytecode size: 799
- candidate: JSCall node #1712 with frequency 1.01322, has_heapnum_param:0, 1 target(s):
  - target: 000001A9F984DCA0 {0x01a5184e40a1 <SharedFunctionInfo checkedTransition>}, bytecode size: 165, existing opt code's inlined bytecode size: 844
Inlining 000001A9F938E388 {0x01a5184e4011 <SharedFunctionInfo requireLegalTransition>} into 000001A9F94F9BE0 {0x0262a6eb4159 <SharedFunctionInfo searchNode>}
Considering 000001A9F96A7F48 {0x01a5184e3fc9 <SharedFunctionInfo assertTransitionResult>} for inlining with 000001A9F96A8000 {0x03748003da59 <FeedbackVector[11]>}
Cannot consider 000001A9F94F9BE0 {0x0262a6eb4159 <SharedFunctionInfo searchNode>} for inlining (reason: exceeds bytecode limit)
Budget used: 143/920 -- 9 candidate(s) for inlining:
- candidate: JSCall node #1738 with frequency 1.0126, has_heapnum_param:0, 1 target(s):
  - target: 000001A9F96A7F48 {0x01a5184e3fc9 <SharedFunctionInfo assertTransitionResult>}, bytecode size: 78
- candidate: JSCall node #1247 with frequency 1.01503, has_heapnum_param:0, 1 target(s):
  - target: 000001A9F938E490 {0x0262a6eb4081 <SharedFunctionInfo advanceFrontier>}, bytecode size: 71, existing opt code's inlined bytecode size: 95
- candidate: JSCall node #440 with frequency 1.02469, has_heapnum_param:0, 1 target(s):
  - target: 000001A9F938C808 {0x01a5184d8649 <SharedFunctionInfo assertTacticalCode>}, bytecode size: 151, existing opt code's inlined bytecode size: 47
- candidate: JSCall node #781 with frequency 0.177818, has_heapnum_param:0, 1 target(s):
  - target: 000001A9F938E110 {0x01a5184d8601 <SharedFunctionInfo tacticalForcedColumn>}, bytecode size: 45
- candidate: JSCall node #153 with frequency 1.02755, has_heapnum_param:0, 1 target(s):
  - target: 000001A9F94FA480 {0x01a5184ee7b9 <SharedFunctionInfo read>}, bytecode size: 157, existing opt code's inlined bytecode size: 183
- candidate: JSCall node #1657 with frequency 1.02502, has_heapnum_param:0, 1 target(s):
  - target: 000001A9F98489D0 {0x01a5184d8691 <SharedFunctionInfo applyFrontierBoundCode>}, bytecode size: 334, existing opt code's inlined bytecode size: 85
- candidate: JSCall node #139 with frequency 1.02755, has_heapnum_param:0, 1 target(s):
  - target: 000001A9F94FA398 {0x01a5184ee729 <SharedFunctionInfo probe>}, bytecode size: 46, existing opt code's inlined bytecode size: 631
- candidate: JSCall node #1652 with frequency 1.02502, has_heapnum_param:0, 1 target(s):
  - target: 000001A9F9848B08 {0x0262a6eac019 <SharedFunctionInfo frontierBoundCode>}, bytecode size: 31, existing opt code's inlined bytecode size: 799
- candidate: JSCall node #1712 with frequency 1.01322, has_heapnum_param:0, 1 target(s):
  - target: 000001A9F984DCA0 {0x01a5184e40a1 <SharedFunctionInfo checkedTransition>}, bytecode size: 165, existing opt code's inlined bytecode size: 844
Inlining 000001A9F96A7F48 {0x01a5184e3fc9 <SharedFunctionInfo assertTransitionResult>} into 000001A9F94F9BE0 {0x0262a6eb4159 <SharedFunctionInfo searchNode>}
Budget used: 221/920 -- 8 candidate(s) for inlining:
- candidate: JSCall node #1247 with frequency 1.01503, has_heapnum_param:0, 1 target(s):
  - target: 000001A9F938E490 {0x0262a6eb4081 <SharedFunctionInfo advanceFrontier>}, bytecode size: 71, existing opt code's inlined bytecode size: 95
- candidate: JSCall node #440 with frequency 1.02469, has_heapnum_param:0, 1 target(s):
  - target: 000001A9F938C808 {0x01a5184d8649 <SharedFunctionInfo assertTacticalCode>}, bytecode size: 151, existing opt code's inlined bytecode size: 47
- candidate: JSCall node #781 with frequency 0.177818, has_heapnum_param:0, 1 target(s):
  - target: 000001A9F938E110 {0x01a5184d8601 <SharedFunctionInfo tacticalForcedColumn>}, bytecode size: 45
- candidate: JSCall node #153 with frequency 1.02755, has_heapnum_param:0, 1 target(s):
  - target: 000001A9F94FA480 {0x01a5184ee7b9 <SharedFunctionInfo read>}, bytecode size: 157, existing opt code's inlined bytecode size: 183
- candidate: JSCall node #1657 with frequency 1.02502, has_heapnum_param:0, 1 target(s):
  - target: 000001A9F98489D0 {0x01a5184d8691 <SharedFunctionInfo applyFrontierBoundCode>}, bytecode size: 334, existing opt code's inlined bytecode size: 85
- candidate: JSCall node #139 with frequency 1.02755, has_heapnum_param:0, 1 target(s):
  - target: 000001A9F94FA398 {0x01a5184ee729 <SharedFunctionInfo probe>}, bytecode size: 46, existing opt code's inlined bytecode size: 631
- candidate: JSCall node #1652 with frequency 1.02502, has_heapnum_param:0, 1 target(s):
  - target: 000001A9F9848B08 {0x0262a6eac019 <SharedFunctionInfo frontierBoundCode>}, bytecode size: 31, existing opt code's inlined bytecode size: 799
- candidate: JSCall node #1712 with frequency 1.01322, has_heapnum_param:0, 1 target(s):
  - target: 000001A9F984DCA0 {0x01a5184e40a1 <SharedFunctionInfo checkedTransition>}, bytecode size: 165, existing opt code's inlined bytecode size: 844
Inlining 000001A9F938E490 {0x0262a6eb4081 <SharedFunctionInfo advanceFrontier>} into 000001A9F94F9BE0 {0x0262a6eb4159 <SharedFunctionInfo searchNode>}
Considering 000001A9F96A8788 {0x0262a6eb4039 <SharedFunctionInfo landingForLegalMove>} for inlining with 000001A9F96A8A28 {0x027256e955a1 <FeedbackVector[13]>}
Cannot consider 000001A9F96A8980 {0x0262a6ea1599 <SharedFunctionInfo advanceInto>} for inlining (reason: exceeds bytecode limit)
Cannot consider 000001A9F94F9BE0 {0x0262a6eb4159 <SharedFunctionInfo searchNode>} for inlining (reason: exceeds bytecode limit)
Budget used: 292/920 -- 8 candidate(s) for inlining:
- candidate: JSCall node #1870 with frequency 1.0133, has_heapnum_param:0, 1 target(s):
  - target: 000001A9F96A8788 {0x0262a6eb4039 <SharedFunctionInfo landingForLegalMove>}, bytecode size: 95
- candidate: JSCall node #440 with frequency 1.02469, has_heapnum_param:0, 1 target(s):
  - target: 000001A9F938C808 {0x01a5184d8649 <SharedFunctionInfo assertTacticalCode>}, bytecode size: 151, existing opt code's inlined bytecode size: 47
- candidate: JSCall node #781 with frequency 0.177818, has_heapnum_param:0, 1 target(s):
  - target: 000001A9F938E110 {0x01a5184d8601 <SharedFunctionInfo tacticalForcedColumn>}, bytecode size: 45
- candidate: JSCall node #153 with frequency 1.02755, has_heapnum_param:0, 1 target(s):
  - target: 000001A9F94FA480 {0x01a5184ee7b9 <SharedFunctionInfo read>}, bytecode size: 157, existing opt code's inlined bytecode size: 183
- candidate: JSCall node #1657 with frequency 1.02502, has_heapnum_param:0, 1 target(s):
  - target: 000001A9F98489D0 {0x01a5184d8691 <SharedFunctionInfo applyFrontierBoundCode>}, bytecode size: 334, existing opt code's inlined bytecode size: 85
- candidate: JSCall node #139 with frequency 1.02755, has_heapnum_param:0, 1 target(s):
  - target: 000001A9F94FA398 {0x01a5184ee729 <SharedFunctionInfo probe>}, bytecode size: 46, existing opt code's inlined bytecode size: 631
- candidate: JSCall node #1652 with frequency 1.02502, has_heapnum_param:0, 1 target(s):
  - target: 000001A9F9848B08 {0x0262a6eac019 <SharedFunctionInfo frontierBoundCode>}, bytecode size: 31, existing opt code's inlined bytecode size: 799
- candidate: JSCall node #1712 with frequency 1.01322, has_heapnum_param:0, 1 target(s):
  - target: 000001A9F984DCA0 {0x01a5184e40a1 <SharedFunctionInfo checkedTransition>}, bytecode size: 165, existing opt code's inlined bytecode size: 844
Inlining 000001A9F96A8788 {0x0262a6eb4039 <SharedFunctionInfo landingForLegalMove>} into 000001A9F94F9BE0 {0x0262a6eb4159 <SharedFunctionInfo searchNode>}
Considering 000001A9F96A8FF8 {0x0262a6eabf89 <SharedFunctionInfo landingCellAt>} for inlining with 000001A9F96A90E8 {0x027256e954b9 <FeedbackVector[23]>}
Cannot consider 000001A9F96A8980 {0x0262a6ea1599 <SharedFunctionInfo advanceInto>} for inlining (reason: exceeds bytecode limit)
Budget used: 387/920 -- 8 candidate(s) for inlining:
- candidate: JSCall node #440 with frequency 1.02469, has_heapnum_param:0, 1 target(s):
  - target: 000001A9F938C808 {0x01a5184d8649 <SharedFunctionInfo assertTacticalCode>}, bytecode size: 151, existing opt code's inlined bytecode size: 47
- candidate: JSCall node #781 with frequency 0.177818, has_heapnum_param:0, 1 target(s):
  - target: 000001A9F938E110 {0x01a5184d8601 <SharedFunctionInfo tacticalForcedColumn>}, bytecode size: 45
- candidate: JSCall node #153 with frequency 1.02755, has_heapnum_param:0, 1 target(s):
  - target: 000001A9F94FA480 {0x01a5184ee7b9 <SharedFunctionInfo read>}, bytecode size: 157, existing opt code's inlined bytecode size: 183
- candidate: JSCall node #1657 with frequency 1.02502, has_heapnum_param:0, 1 target(s):
  - target: 000001A9F98489D0 {0x01a5184d8691 <SharedFunctionInfo applyFrontierBoundCode>}, bytecode size: 334, existing opt code's inlined bytecode size: 85
- candidate: JSCall node #139 with frequency 1.02755, has_heapnum_param:0, 1 target(s):
  - target: 000001A9F94FA398 {0x01a5184ee729 <SharedFunctionInfo probe>}, bytecode size: 46, existing opt code's inlined bytecode size: 631
- candidate: JSCall node #1948 with frequency 1.01158, has_heapnum_param:0, 1 target(s):
  - target: 000001A9F96A8FF8 {0x0262a6eabf89 <SharedFunctionInfo landingCellAt>}, bytecode size: 125, existing opt code's inlined bytecode size: 579
- candidate: JSCall node #1652 with frequency 1.02502, has_heapnum_param:0, 1 target(s):
  - target: 000001A9F9848B08 {0x0262a6eac019 <SharedFunctionInfo frontierBoundCode>}, bytecode size: 31, existing opt code's inlined bytecode size: 799
- candidate: JSCall node #1712 with frequency 1.01322, has_heapnum_param:0, 1 target(s):
  - target: 000001A9F984DCA0 {0x01a5184e40a1 <SharedFunctionInfo checkedTransition>}, bytecode size: 165, existing opt code's inlined bytecode size: 844
Inlining 000001A9F938C808 {0x01a5184d8649 <SharedFunctionInfo assertTacticalCode>} into 000001A9F94F9BE0 {0x0262a6eb4159 <SharedFunctionInfo searchNode>}
Considering 000001A9F96A93A8 {0x01a5184d8769 <SharedFunctionInfo assertTacticalColumns>} for inlining with 000001A9F96A9568 {0x03748003d669 <FeedbackVector[7]>}
Considering 000001A9F96A9480 {0x01a5184d8721 <SharedFunctionInfo assertInteger>} for inlining with 000001A9F96A95C8 {0x03748003c9a1 <FeedbackVector[11]>}
Budget used: 538/920 -- 9 candidate(s) for inlining:
- candidate: JSCall node #2031 with frequency 1.02378, has_heapnum_param:0, 1 target(s):
  - target: 000001A9F96A9480 {0x01a5184d8721 <SharedFunctionInfo assertInteger>}, bytecode size: 47
- candidate: JSCall node #2023 with frequency 1.02378, has_heapnum_param:0, 1 target(s):
  - target: 000001A9F96A93A8 {0x01a5184d8769 <SharedFunctionInfo assertTacticalColumns>}, bytecode size: 70, existing opt code's inlined bytecode size: 47
- candidate: JSCall node #781 with frequency 0.177818, has_heapnum_param:0, 1 target(s):
  - target: 000001A9F938E110 {0x01a5184d8601 <SharedFunctionInfo tacticalForcedColumn>}, bytecode size: 45
- candidate: JSCall node #153 with frequency 1.02755, has_heapnum_param:0, 1 target(s):
  - target: 000001A9F94FA480 {0x01a5184ee7b9 <SharedFunctionInfo read>}, bytecode size: 157, existing opt code's inlined bytecode size: 183
- candidate: JSCall node #1657 with frequency 1.02502, has_heapnum_param:0, 1 target(s):
  - target: 000001A9F98489D0 {0x01a5184d8691 <SharedFunctionInfo applyFrontierBoundCode>}, bytecode size: 334, existing opt code's inlined bytecode size: 85
- candidate: JSCall node #139 with frequency 1.02755, has_heapnum_param:0, 1 target(s):
  - target: 000001A9F94FA398 {0x01a5184ee729 <SharedFunctionInfo probe>}, bytecode size: 46, existing opt code's inlined bytecode size: 631
- candidate: JSCall node #1948 with frequency 1.01158, has_heapnum_param:0, 1 target(s):
  - target: 000001A9F96A8FF8 {0x0262a6eabf89 <SharedFunctionInfo landingCellAt>}, bytecode size: 125, existing opt code's inlined bytecode size: 579
- candidate: JSCall node #1652 with frequency 1.02502, has_heapnum_param:0, 1 target(s):
  - target: 000001A9F9848B08 {0x0262a6eac019 <SharedFunctionInfo frontierBoundCode>}, bytecode size: 31, existing opt code's inlined bytecode size: 799
- candidate: JSCall node #1712 with frequency 1.01322, has_heapnum_param:0, 1 target(s):
  - target: 000001A9F984DCA0 {0x01a5184e40a1 <SharedFunctionInfo checkedTransition>}, bytecode size: 165, existing opt code's inlined bytecode size: 844
Inlining 000001A9F96A9480 {0x01a5184d8721 <SharedFunctionInfo assertInteger>} into 000001A9F94F9BE0 {0x0262a6eb4159 <SharedFunctionInfo searchNode>}
Budget used: 585/920 -- 8 candidate(s) for inlining:
- candidate: JSCall node #2023 with frequency 1.02378, has_heapnum_param:0, 1 target(s):
  - target: 000001A9F96A93A8 {0x01a5184d8769 <SharedFunctionInfo assertTacticalColumns>}, bytecode size: 70, existing opt code's inlined bytecode size: 47
- candidate: JSCall node #781 with frequency 0.177818, has_heapnum_param:0, 1 target(s):
  - target: 000001A9F938E110 {0x01a5184d8601 <SharedFunctionInfo tacticalForcedColumn>}, bytecode size: 45
- candidate: JSCall node #153 with frequency 1.02755, has_heapnum_param:0, 1 target(s):
  - target: 000001A9F94FA480 {0x01a5184ee7b9 <SharedFunctionInfo read>}, bytecode size: 157, existing opt code's inlined bytecode size: 183
- candidate: JSCall node #1657 with frequency 1.02502, has_heapnum_param:0, 1 target(s):
  - target: 000001A9F98489D0 {0x01a5184d8691 <SharedFunctionInfo applyFrontierBoundCode>}, bytecode size: 334, existing opt code's inlined bytecode size: 85
- candidate: JSCall node #139 with frequency 1.02755, has_heapnum_param:0, 1 target(s):
  - target: 000001A9F94FA398 {0x01a5184ee729 <SharedFunctionInfo probe>}, bytecode size: 46, existing opt code's inlined bytecode size: 631
- candidate: JSCall node #1948 with frequency 1.01158, has_heapnum_param:0, 1 target(s):
  - target: 000001A9F96A8FF8 {0x0262a6eabf89 <SharedFunctionInfo landingCellAt>}, bytecode size: 125, existing opt code's inlined bytecode size: 579
- candidate: JSCall node #1652 with frequency 1.02502, has_heapnum_param:0, 1 target(s):
  - target: 000001A9F9848B08 {0x0262a6eac019 <SharedFunctionInfo frontierBoundCode>}, bytecode size: 31, existing opt code's inlined bytecode size: 799
- candidate: JSCall node #1712 with frequency 1.01322, has_heapnum_param:0, 1 target(s):
  - target: 000001A9F984DCA0 {0x01a5184e40a1 <SharedFunctionInfo checkedTransition>}, bytecode size: 165, existing opt code's inlined bytecode size: 844
Inlining 000001A9F96A93A8 {0x01a5184d8769 <SharedFunctionInfo assertTacticalColumns>} into 000001A9F94F9BE0 {0x0262a6eb4159 <SharedFunctionInfo searchNode>}
Considering 000001A9F96A9480 {0x01a5184d8721 <SharedFunctionInfo assertInteger>} for inlining with 000001A9F96A95C8 {0x03748003c9a1 <FeedbackVector[11]>}
Budget used: 655/920 -- 8 candidate(s) for inlining:
- candidate: JSCall node #2201 with frequency 1.02133, has_heapnum_param:0, 1 target(s):
  - target: 000001A9F96A9480 {0x01a5184d8721 <SharedFunctionInfo assertInteger>}, bytecode size: 47
- candidate: JSCall node #781 with frequency 0.177818, has_heapnum_param:0, 1 target(s):
  - target: 000001A9F938E110 {0x01a5184d8601 <SharedFunctionInfo tacticalForcedColumn>}, bytecode size: 45
- candidate: JSCall node #153 with frequency 1.02755, has_heapnum_param:0, 1 target(s):
  - target: 000001A9F94FA480 {0x01a5184ee7b9 <SharedFunctionInfo read>}, bytecode size: 157, existing opt code's inlined bytecode size: 183
- candidate: JSCall node #1657 with frequency 1.02502, has_heapnum_param:0, 1 target(s):
  - target: 000001A9F98489D0 {0x01a5184d8691 <SharedFunctionInfo applyFrontierBoundCode>}, bytecode size: 334, existing opt code's inlined bytecode size: 85
- candidate: JSCall node #139 with frequency 1.02755, has_heapnum_param:0, 1 target(s):
  - target: 000001A9F94FA398 {0x01a5184ee729 <SharedFunctionInfo probe>}, bytecode size: 46, existing opt code's inlined bytecode size: 631
- candidate: JSCall node #1948 with frequency 1.01158, has_heapnum_param:0, 1 target(s):
  - target: 000001A9F96A8FF8 {0x0262a6eabf89 <SharedFunctionInfo landingCellAt>}, bytecode size: 125, existing opt code's inlined bytecode size: 579
- candidate: JSCall node #1652 with frequency 1.02502, has_heapnum_param:0, 1 target(s):
  - target: 000001A9F9848B08 {0x0262a6eac019 <SharedFunctionInfo frontierBoundCode>}, bytecode size: 31, existing opt code's inlined bytecode size: 799
- candidate: JSCall node #1712 with frequency 1.01322, has_heapnum_param:0, 1 target(s):
  - target: 000001A9F984DCA0 {0x01a5184e40a1 <SharedFunctionInfo checkedTransition>}, bytecode size: 165, existing opt code's inlined bytecode size: 844
Inlining 000001A9F96A9480 {0x01a5184d8721 <SharedFunctionInfo assertInteger>} into 000001A9F94F9BE0 {0x0262a6eb4159 <SharedFunctionInfo searchNode>}
Budget used: 702/920 -- 7 candidate(s) for inlining:
- candidate: JSCall node #781 with frequency 0.177818, has_heapnum_param:0, 1 target(s):
  - target: 000001A9F938E110 {0x01a5184d8601 <SharedFunctionInfo tacticalForcedColumn>}, bytecode size: 45
- candidate: JSCall node #153 with frequency 1.02755, has_heapnum_param:0, 1 target(s):
  - target: 000001A9F94FA480 {0x01a5184ee7b9 <SharedFunctionInfo read>}, bytecode size: 157, existing opt code's inlined bytecode size: 183
- candidate: JSCall node #1657 with frequency 1.02502, has_heapnum_param:0, 1 target(s):
  - target: 000001A9F98489D0 {0x01a5184d8691 <SharedFunctionInfo applyFrontierBoundCode>}, bytecode size: 334, existing opt code's inlined bytecode size: 85
- candidate: JSCall node #139 with frequency 1.02755, has_heapnum_param:0, 1 target(s):
  - target: 000001A9F94FA398 {0x01a5184ee729 <SharedFunctionInfo probe>}, bytecode size: 46, existing opt code's inlined bytecode size: 631
- candidate: JSCall node #1948 with frequency 1.01158, has_heapnum_param:0, 1 target(s):
  - target: 000001A9F96A8FF8 {0x0262a6eabf89 <SharedFunctionInfo landingCellAt>}, bytecode size: 125, existing opt code's inlined bytecode size: 579
- candidate: JSCall node #1652 with frequency 1.02502, has_heapnum_param:0, 1 target(s):
  - target: 000001A9F9848B08 {0x0262a6eac019 <SharedFunctionInfo frontierBoundCode>}, bytecode size: 31, existing opt code's inlined bytecode size: 799
- candidate: JSCall node #1712 with frequency 1.01322, has_heapnum_param:0, 1 target(s):
  - target: 000001A9F984DCA0 {0x01a5184e40a1 <SharedFunctionInfo checkedTransition>}, bytecode size: 165, existing opt code's inlined bytecode size: 844
Inlining 000001A9F938E110 {0x01a5184d8601 <SharedFunctionInfo tacticalForcedColumn>} into 000001A9F94F9BE0 {0x0262a6eb4159 <SharedFunctionInfo searchNode>}
Considering 000001A9F96A93A8 {0x01a5184d8769 <SharedFunctionInfo assertTacticalColumns>} for inlining with 000001A9F96A9568 {0x03748003d669 <FeedbackVector[7]>}
Considering 000001A9F938E490 {0x0262a6eb4081 <SharedFunctionInfo advanceFrontier>} for inlining with 000001A9F9279FB8 {0x01c2eb1451f1 <FeedbackVector[10]>}
Considering 000001A9F938E2B0 {0x0262a6eb3fa9 <SharedFunctionInfo transition>} for inlining with 000001A9F927DAB8 {0x01c2eb145121 <FeedbackVector[7]>}
Considering 000001A9F938E388 {0x01a5184e4011 <SharedFunctionInfo requireLegalTransition>} for inlining with 000001A9F927DB18 {0x01c2eb145189 <FeedbackVector[7]>}
Budget used: 747/920 -- 7 candidate(s) for inlining:
- candidate: JSCall node #153 with frequency 1.02755, has_heapnum_param:0, 1 target(s):
  - target: 000001A9F94FA480 {0x01a5184ee7b9 <SharedFunctionInfo read>}, bytecode size: 157, existing opt code's inlined bytecode size: 183
- candidate: JSCall node #1657 with frequency 1.02502, has_heapnum_param:0, 1 target(s):
  - target: 000001A9F98489D0 {0x01a5184d8691 <SharedFunctionInfo applyFrontierBoundCode>}, bytecode size: 334, existing opt code's inlined bytecode size: 85
- candidate: JSCall node #139 with frequency 1.02755, has_heapnum_param:0, 1 target(s):
  - target: 000001A9F94FA398 {0x01a5184ee729 <SharedFunctionInfo probe>}, bytecode size: 46, existing opt code's inlined bytecode size: 631
- candidate: JSCall node #2311 with frequency 0.177467, has_heapnum_param:0, 1 target(s):
  - target: 000001A9F96A93A8 {0x01a5184d8769 <SharedFunctionInfo assertTacticalColumns>}, bytecode size: 70, existing opt code's inlined bytecode size: 47
- candidate: JSCall node #1948 with frequency 1.01158, has_heapnum_param:0, 1 target(s):
  - target: 000001A9F96A8FF8 {0x0262a6eabf89 <SharedFunctionInfo landingCellAt>}, bytecode size: 125, existing opt code's inlined bytecode size: 579
- candidate: JSCall node #1652 with frequency 1.02502, has_heapnum_param:0, 1 target(s):
  - target: 000001A9F9848B08 {0x0262a6eac019 <SharedFunctionInfo frontierBoundCode>}, bytecode size: 31, existing opt code's inlined bytecode size: 799
- candidate: JSCall node #1712 with frequency 1.01322, has_heapnum_param:0, 1 target(s):
  - target: 000001A9F984DCA0 {0x01a5184e40a1 <SharedFunctionInfo checkedTransition>}, bytecode size: 165, existing opt code's inlined bytecode size: 844
Inlining 000001A9F96A93A8 {0x01a5184d8769 <SharedFunctionInfo assertTacticalColumns>} into 000001A9F94F9BE0 {0x0262a6eb4159 <SharedFunctionInfo searchNode>}
Considering 000001A9F96A9480 {0x01a5184d8721 <SharedFunctionInfo assertInteger>} for inlining with 000001A9F96A95C8 {0x03748003c9a1 <FeedbackVector[11]>}
Considering 000001A9F9463060 {0x02d511c2b799 <SharedFunctionInfo get>} for inlining with 000001A9F94631B8 {0x01c2eb1665c9 <FeedbackVector[0]>}
Inlining small function(s) at call site #472:JSCall
Budget used: 817/920 -- 4 candidate(s) for inlining:
- candidate: JSCall node #2365 with frequency 0.177043, has_heapnum_param:0, 1 target(s):
  - target: 000001A9F96A9480 {0x01a5184d8721 <SharedFunctionInfo assertInteger>}, bytecode size: 47
- candidate: JSCall node #1948 with frequency 1.01158, has_heapnum_param:0, 1 target(s):
  - target: 000001A9F96A8FF8 {0x0262a6eabf89 <SharedFunctionInfo landingCellAt>}, bytecode size: 125, existing opt code's inlined bytecode size: 579
- candidate: JSCall node #1652 with frequency 1.02502, has_heapnum_param:0, 1 target(s):
  - target: 000001A9F9848B08 {0x0262a6eac019 <SharedFunctionInfo frontierBoundCode>}, bytecode size: 31, existing opt code's inlined bytecode size: 799
- candidate: JSCall node #1712 with frequency 1.01322, has_heapnum_param:0, 1 target(s):
  - target: 000001A9F984DCA0 {0x01a5184e40a1 <SharedFunctionInfo checkedTransition>}, bytecode size: 165, existing opt code's inlined bytecode size: 844
Inlining 000001A9F96A9480 {0x01a5184d8721 <SharedFunctionInfo assertInteger>} into 000001A9F94F9BE0 {0x0262a6eb4159 <SharedFunctionInfo searchNode>}
Inlining 000001A9F9463060 {0x02d511c2b799 <SharedFunctionInfo get>} into 000001A9F94FDBF8 {0x01a5184e5a81 <SharedFunctionInfo intern>}
Considering 000001A9F9463060 {0x02d511c2b799 <SharedFunctionInfo get>} for inlining with 000001A9F94631B8 {0x01c2eb1665c9 <FeedbackVector[0]>}
Inlining small function(s) at call site #506:JSCall
Budget used: 864/920 -- 3 candidate(s) for inlining:
- candidate: JSCall node #1948 with frequency 1.01158, has_heapnum_param:0, 1 target(s):
  - target: 000001A9F96A8FF8 {0x0262a6eabf89 <SharedFunctionInfo landingCellAt>}, bytecode size: 125, existing opt code's inlined bytecode size: 579
- candidate: JSCall node #1652 with frequency 1.02502, has_heapnum_param:0, 1 target(s):
  - target: 000001A9F9848B08 {0x0262a6eac019 <SharedFunctionInfo frontierBoundCode>}, bytecode size: 31, existing opt code's inlined bytecode size: 799
- candidate: JSCall node #1712 with frequency 1.01322, has_heapnum_param:0, 1 target(s):
  - target: 000001A9F984DCA0 {0x01a5184e40a1 <SharedFunctionInfo checkedTransition>}, bytecode size: 165, existing opt code's inlined bytecode size: 844
Inlining 000001A9F9463060 {0x02d511c2b799 <SharedFunctionInfo get>} into 000001A9F94FDBF8 {0x01a5184e5a81 <SharedFunctionInfo intern>}
Considering 000001A9F94FE568 {0x02d511c272b9 <SharedFunctionInfo low>} for inlining with 000001A9F96AEAB0 {0x03748003ded9 <FeedbackVector[3]>}
Inlining small function(s) at call site #187:JSCall
Inlining 000001A9F94FE568 {0x02d511c272b9 <SharedFunctionInfo low>} into 000001A9F94FDBF8 {0x01a5184e5a81 <SharedFunctionInfo intern>}
Considering 000001A9F94FEC40 {0x02d511c27301 <SharedFunctionInfo high>} for inlining with 000001A9F96AEF40 {0x03748003df21 <FeedbackVector[7]>}
Inlining small function(s) at call site #198:JSCall
Inlining 000001A9F94FEC40 {0x02d511c27301 <SharedFunctionInfo high>} into 000001A9F94FDBF8 {0x01a5184e5a81 <SharedFunctionInfo intern>}
Considering 000001A9F94605B8 {0x01a5184e57b1 <SharedFunctionInfo pairHash>} for inlining with 000001A9F96B1730 {0x03748003df89 <FeedbackVector[9]>}
Inlining small function(s) at call site #250:JSCall
Inlining 000001A9F94605B8 {0x01a5184e57b1 <SharedFunctionInfo pairHash>} into 000001A9F94FDBF8 {0x01a5184e5a81 <SharedFunctionInfo intern>}
Considering 000001A9F96B2918 {0x01a5184e5769 <SharedFunctionInfo mix>} for inlining with 000001A9F96B2E60 {0x03748003db21 <FeedbackVector[16]>}
Budget used: 0/920 -- 1 candidate(s) for inlining:
- candidate: JSCall node #684 with frequency 0.999122, has_heapnum_param:0, 1 target(s):
  - target: 000001A9F96B2918 {0x01a5184e5769 <SharedFunctionInfo mix>}, bytecode size: 78
Inlining 000001A9F96B2918 {0x01a5184e5769 <SharedFunctionInfo mix>} into 000001A9F94FDBF8 {0x01a5184e5a81 <SharedFunctionInfo intern>}
Considering 000001A9F9505E50 {0x01a5184d8769 <SharedFunctionInfo assertTacticalColumns>} for inlining with 000001A9F9507060 {0x03748003d669 <FeedbackVector[7]>}
Considering 000001A9F9506438 {0x01a5184d8721 <SharedFunctionInfo assertInteger>} for inlining with 000001A9F95070C0 {0x03748003c9a1 <FeedbackVector[11]>}
Budget used: 0/920 -- 2 candidate(s) for inlining:
- candidate: JSCall node #26 with frequency 0.999112, has_heapnum_param:0, 1 target(s):
  - target: 000001A9F9506438 {0x01a5184d8721 <SharedFunctionInfo assertInteger>}, bytecode size: 47
- candidate: JSCall node #19 with frequency 0.999112, has_heapnum_param:0, 1 target(s):
  - target: 000001A9F9505E50 {0x01a5184d8769 <SharedFunctionInfo assertTacticalColumns>}, bytecode size: 70, existing opt code's inlined bytecode size: 47
Inlining 000001A9F9506438 {0x01a5184d8721 <SharedFunctionInfo assertInteger>} into 000001A9F9505C30 {0x01a5184d8649 <SharedFunctionInfo assertTacticalCode>}
Budget used: 47/920 -- 1 candidate(s) for inlining:
- candidate: JSCall node #19 with frequency 0.999112, has_heapnum_param:0, 1 target(s):
  - target: 000001A9F9505E50 {0x01a5184d8769 <SharedFunctionInfo assertTacticalColumns>}, bytecode size: 70, existing opt code's inlined bytecode size: 47
Inlining 000001A9F9505E50 {0x01a5184d8769 <SharedFunctionInfo assertTacticalColumns>} into 000001A9F9505C30 {0x01a5184d8649 <SharedFunctionInfo assertTacticalCode>}
Considering 000001A9F9506438 {0x01a5184d8721 <SharedFunctionInfo assertInteger>} for inlining with 000001A9F95070C0 {0x03748003c9a1 <FeedbackVector[11]>}
Budget used: 117/920 -- 1 candidate(s) for inlining:
- candidate: JSCall node #205 with frequency 0.996727, has_heapnum_param:0, 1 target(s):
  - target: 000001A9F9506438 {0x01a5184d8721 <SharedFunctionInfo assertInteger>}, bytecode size: 47
Inlining 000001A9F9506438 {0x01a5184d8721 <SharedFunctionInfo assertInteger>} into 000001A9F9505C30 {0x01a5184d8649 <SharedFunctionInfo assertTacticalCode>}
Considering 000001A9F94F7E90 {0x027256ebf4d9 <SharedFunctionInfo mix32>} for inlining with 000001A9F94A3AA8 {0x02d511c3e9b1 <FeedbackVector[18]>}
Considering 000001A9F94F7E90 {0x027256ebf4d9 <SharedFunctionInfo mix32>} for inlining with 000001A9F94A3AA8 {0x02d511c3e9b1 <FeedbackVector[18]>}
Considering 000001A9F94F7E90 {0x027256ebf4d9 <SharedFunctionInfo mix32>} for inlining with 000001A9F94A3AA8 {0x02d511c3e9b1 <FeedbackVector[18]>}
Considering 000001A9F94F7E90 {0x027256ebf4d9 <SharedFunctionInfo mix32>} for inlining with 000001A9F94A3AA8 {0x02d511c3e9b1 <FeedbackVector[18]>}
Considering 000001A9F94F7E90 {0x027256ebf4d9 <SharedFunctionInfo mix32>} for inlining with 000001A9F94A3AA8 {0x02d511c3e9b1 <FeedbackVector[18]>}
Considering 000001A9F94F7E90 {0x027256ebf4d9 <SharedFunctionInfo mix32>} for inlining with 000001A9F94A3AA8 {0x02d511c3e9b1 <FeedbackVector[18]>}
Considering 000001A9F94F8FE8 {0x027256ebf761 <SharedFunctionInfo writeHash>} for inlining with 000001A9F94A43D0 {0x03748003ccb1 <FeedbackVector[37]>}
Budget used: 0/920 -- 7 candidate(s) for inlining:
- candidate: JSCall node #171 with frequency 0.998221, has_heapnum_param:0, 1 target(s):
  - target: 000001A9F94F7E90 {0x027256ebf4d9 <SharedFunctionInfo mix32>}, bytecode size: 88
- candidate: JSCall node #142 with frequency 0.998221, has_heapnum_param:1, 1 target(s):
  - target: 000001A9F94F7E90 {0x027256ebf4d9 <SharedFunctionInfo mix32>}, bytecode size: 88
- candidate: JSCall node #111 with frequency 0.998221, has_heapnum_param:1, 1 target(s):
  - target: 000001A9F94F7E90 {0x027256ebf4d9 <SharedFunctionInfo mix32>}, bytecode size: 88
- candidate: JSCall node #100 with frequency 0.998221, has_heapnum_param:0, 1 target(s):
  - target: 000001A9F94F7E90 {0x027256ebf4d9 <SharedFunctionInfo mix32>}, bytecode size: 88
- candidate: JSCall node #71 with frequency 0.998221, has_heapnum_param:1, 1 target(s):
  - target: 000001A9F94F7E90 {0x027256ebf4d9 <SharedFunctionInfo mix32>}, bytecode size: 88
- candidate: JSCall node #39 with frequency 0.998221, has_heapnum_param:1, 1 target(s):
  - target: 000001A9F94F7E90 {0x027256ebf4d9 <SharedFunctionInfo mix32>}, bytecode size: 88
- candidate: JSCall node #178 with frequency 0.998221, has_heapnum_param:0, 1 target(s):
  - target: 000001A9F94F8FE8 {0x027256ebf761 <SharedFunctionInfo writeHash>}, bytecode size: 149
Inlining 000001A9F94F7E90 {0x027256ebf4d9 <SharedFunctionInfo mix32>} into 000001A9F94F7BF0 {0x027256ebf1c1 <SharedFunctionInfo hashSemanticQuotientDescriptorPartsUnchecked>}
Budget used: 88/920 -- 6 candidate(s) for inlining:
- candidate: JSCall node #142 with frequency 0.998221, has_heapnum_param:1, 1 target(s):
  - target: 000001A9F94F7E90 {0x027256ebf4d9 <SharedFunctionInfo mix32>}, bytecode size: 88
- candidate: JSCall node #111 with frequency 0.998221, has_heapnum_param:1, 1 target(s):
  - target: 000001A9F94F7E90 {0x027256ebf4d9 <SharedFunctionInfo mix32>}, bytecode size: 88
- candidate: JSCall node #100 with frequency 0.998221, has_heapnum_param:0, 1 target(s):
  - target: 000001A9F94F7E90 {0x027256ebf4d9 <SharedFunctionInfo mix32>}, bytecode size: 88
- candidate: JSCall node #71 with frequency 0.998221, has_heapnum_param:1, 1 target(s):
  - target: 000001A9F94F7E90 {0x027256ebf4d9 <SharedFunctionInfo mix32>}, bytecode size: 88
- candidate: JSCall node #39 with frequency 0.998221, has_heapnum_param:1, 1 target(s):
  - target: 000001A9F94F7E90 {0x027256ebf4d9 <SharedFunctionInfo mix32>}, bytecode size: 88
- candidate: JSCall node #178 with frequency 0.998221, has_heapnum_param:0, 1 target(s):
  - target: 000001A9F94F8FE8 {0x027256ebf761 <SharedFunctionInfo writeHash>}, bytecode size: 149
Inlining 000001A9F94F7E90 {0x027256ebf4d9 <SharedFunctionInfo mix32>} into 000001A9F94F7BF0 {0x027256ebf1c1 <SharedFunctionInfo hashSemanticQuotientDescriptorPartsUnchecked>}
Budget used: 176/920 -- 5 candidate(s) for inlining:
- candidate: JSCall node #111 with frequency 0.998221, has_heapnum_param:1, 1 target(s):
  - target: 000001A9F94F7E90 {0x027256ebf4d9 <SharedFunctionInfo mix32>}, bytecode size: 88
- candidate: JSCall node #100 with frequency 0.998221, has_heapnum_param:0, 1 target(s):
  - target: 000001A9F94F7E90 {0x027256ebf4d9 <SharedFunctionInfo mix32>}, bytecode size: 88
- candidate: JSCall node #71 with frequency 0.998221, has_heapnum_param:1, 1 target(s):
  - target: 000001A9F94F7E90 {0x027256ebf4d9 <SharedFunctionInfo mix32>}, bytecode size: 88
- candidate: JSCall node #39 with frequency 0.998221, has_heapnum_param:1, 1 target(s):
  - target: 000001A9F94F7E90 {0x027256ebf4d9 <SharedFunctionInfo mix32>}, bytecode size: 88
- candidate: JSCall node #178 with frequency 0.998221, has_heapnum_param:0, 1 target(s):
  - target: 000001A9F94F8FE8 {0x027256ebf761 <SharedFunctionInfo writeHash>}, bytecode size: 149
Inlining 000001A9F94F7E90 {0x027256ebf4d9 <SharedFunctionInfo mix32>} into 000001A9F94F7BF0 {0x027256ebf1c1 <SharedFunctionInfo hashSemanticQuotientDescriptorPartsUnchecked>}
Budget used: 264/920 -- 4 candidate(s) for inlining:
- candidate: JSCall node #100 with frequency 0.998221, has_heapnum_param:0, 1 target(s):
  - target: 000001A9F94F7E90 {0x027256ebf4d9 <SharedFunctionInfo mix32>}, bytecode size: 88
- candidate: JSCall node #71 with frequency 0.998221, has_heapnum_param:1, 1 target(s):
  - target: 000001A9F94F7E90 {0x027256ebf4d9 <SharedFunctionInfo mix32>}, bytecode size: 88
- candidate: JSCall node #39 with frequency 0.998221, has_heapnum_param:1, 1 target(s):
  - target: 000001A9F94F7E90 {0x027256ebf4d9 <SharedFunctionInfo mix32>}, bytecode size: 88
- candidate: JSCall node #178 with frequency 0.998221, has_heapnum_param:0, 1 target(s):
  - target: 000001A9F94F8FE8 {0x027256ebf761 <SharedFunctionInfo writeHash>}, bytecode size: 149
Inlining 000001A9F94F7E90 {0x027256ebf4d9 <SharedFunctionInfo mix32>} into 000001A9F94F7BF0 {0x027256ebf1c1 <SharedFunctionInfo hashSemanticQuotientDescriptorPartsUnchecked>}
Budget used: 352/920 -- 3 candidate(s) for inlining:
- candidate: JSCall node #71 with frequency 0.998221, has_heapnum_param:1, 1 target(s):
  - target: 000001A9F94F7E90 {0x027256ebf4d9 <SharedFunctionInfo mix32>}, bytecode size: 88
- candidate: JSCall node #39 with frequency 0.998221, has_heapnum_param:1, 1 target(s):
  - target: 000001A9F94F7E90 {0x027256ebf4d9 <SharedFunctionInfo mix32>}, bytecode size: 88
- candidate: JSCall node #178 with frequency 0.998221, has_heapnum_param:0, 1 target(s):
  - target: 000001A9F94F8FE8 {0x027256ebf761 <SharedFunctionInfo writeHash>}, bytecode size: 149
Inlining 000001A9F94F7E90 {0x027256ebf4d9 <SharedFunctionInfo mix32>} into 000001A9F94F7BF0 {0x027256ebf1c1 <SharedFunctionInfo hashSemanticQuotientDescriptorPartsUnchecked>}
Budget used: 440/920 -- 2 candidate(s) for inlining:
- candidate: JSCall node #39 with frequency 0.998221, has_heapnum_param:1, 1 target(s):
  - target: 000001A9F94F7E90 {0x027256ebf4d9 <SharedFunctionInfo mix32>}, bytecode size: 88
- candidate: JSCall node #178 with frequency 0.998221, has_heapnum_param:0, 1 target(s):
  - target: 000001A9F94F8FE8 {0x027256ebf761 <SharedFunctionInfo writeHash>}, bytecode size: 149
Inlining 000001A9F94F7E90 {0x027256ebf4d9 <SharedFunctionInfo mix32>} into 000001A9F94F7BF0 {0x027256ebf1c1 <SharedFunctionInfo hashSemanticQuotientDescriptorPartsUnchecked>}
Budget used: 528/920 -- 1 candidate(s) for inlining:
- candidate: JSCall node #178 with frequency 0.998221, has_heapnum_param:0, 1 target(s):
  - target: 000001A9F94F8FE8 {0x027256ebf761 <SharedFunctionInfo writeHash>}, bytecode size: 149
Inlining 000001A9F94F8FE8 {0x027256ebf761 <SharedFunctionInfo writeHash>} into 000001A9F94F7BF0 {0x027256ebf1c1 <SharedFunctionInfo hashSemanticQuotientDescriptorPartsUnchecked>}
Cannot consider 000001A9F94F8588 {0x02a17bc491e1 <FeedbackCell[many closures]>} for inlining (no feedback vector)
Considering 000001A9F94F5DE0 {0x01a5184d86d9 <SharedFunctionInfo assertProofReadTarget>} for inlining with 000001A9F94F7068 {0x03748003f6a9 <FeedbackVector[9]>}
Considering 000001A9F94F63C8 {0x01a5184d8721 <SharedFunctionInfo assertInteger>} for inlining with 000001A9F94F70C8 {0x03748003c9a1 <FeedbackVector[11]>}
Considering 000001A9F94F64A0 {0x01a5184d84e1 <SharedFunctionInfo assertWdlInterval>} for inlining with 000001A9F94F7128 {0x03748003d581 <FeedbackVector[19]>}
Budget used: 0/920 -- 3 candidate(s) for inlining:
- candidate: JSCall node #22 with frequency 0.99957, has_heapnum_param:0, 1 target(s):
  - target: 000001A9F94F5DE0 {0x01a5184d86d9 <SharedFunctionInfo assertProofReadTarget>}, bytecode size: 38
- candidate: JSCall node #29 with frequency 0.99957, has_heapnum_param:0, 1 target(s):
  - target: 000001A9F94F63C8 {0x01a5184d8721 <SharedFunctionInfo assertInteger>}, bytecode size: 47
- candidate: JSCall node #37 with frequency 0.99957, has_heapnum_param:0, 1 target(s):
  - target: 000001A9F94F64A0 {0x01a5184d84e1 <SharedFunctionInfo assertWdlInterval>}, bytecode size: 183
Inlining 000001A9F94F5DE0 {0x01a5184d86d9 <SharedFunctionInfo assertProofReadTarget>} into 000001A9F94F5BC0 {0x01a5184d8691 <SharedFunctionInfo applyFrontierBoundCode>}
Budget used: 38/920 -- 2 candidate(s) for inlining:
- candidate: JSCall node #29 with frequency 0.99957, has_heapnum_param:0, 1 target(s):
  - target: 000001A9F94F63C8 {0x01a5184d8721 <SharedFunctionInfo assertInteger>}, bytecode size: 47
- candidate: JSCall node #37 with frequency 0.99957, has_heapnum_param:0, 1 target(s):
  - target: 000001A9F94F64A0 {0x01a5184d84e1 <SharedFunctionInfo assertWdlInterval>}, bytecode size: 183
Inlining 000001A9F94F63C8 {0x01a5184d8721 <SharedFunctionInfo assertInteger>} into 000001A9F94F5BC0 {0x01a5184d8691 <SharedFunctionInfo applyFrontierBoundCode>}
Budget used: 85/920 -- 1 candidate(s) for inlining:
- candidate: JSCall node #37 with frequency 0.99957, has_heapnum_param:0, 1 target(s):
  - target: 000001A9F94F64A0 {0x01a5184d84e1 <SharedFunctionInfo assertWdlInterval>}, bytecode size: 183
Inlining 000001A9F94F64A0 {0x01a5184d84e1 <SharedFunctionInfo assertWdlInterval>} into 000001A9F94F5BC0 {0x01a5184d8691 <SharedFunctionInfo applyFrontierBoundCode>}
Considering 000001A9B8C4DC58 {0x02d511c28379 <SharedFunctionInfo writeStateParts>} for inlining with 000001A9F94A50E0 {0x03748003ca29 <FeedbackVector[31]>}
Considering 000001A9B8C4DD80 {0x02d511c2b919 <SharedFunctionInfo pool.isEmpty>} for inlining with 000001A9F94A6258 {0x03748003cb51 <FeedbackVector[2]>}
Considering 000001A9B8C4E8B8 {0x01a5184faab1 <SharedFunctionInfo rankAt>} for inlining with 000001A9F94A6850 {0x027256e95459 <FeedbackVector[6]>}
Inlining small function(s) at call site #134:JSCall
Inlining 000001A9B8C4E8B8 {0x01a5184faab1 <SharedFunctionInfo rankAt>} into 000001A9B8C4D508 {0x01a5184fa0f9 <SharedFunctionInfo tacticalCode>}
Considering 000001A9F94A6900 {0x01a5184dd5d1 <SharedFunctionInfo assertSupportIndex>} for inlining with 000001A9F94A6A48 {0x02d511c2e351 <FeedbackVector[12]>}
Considering 000001A9B8C4E9A0 {0x02d511c2ba21 <SharedFunctionInfo pool.singletonWord>} for inlining with 000001A9F9849B88 {0x03748003cb91 <FeedbackVector[10]>}
Inlining small function(s) at call site #174:JSCall
Inlining 000001A9B8C4E9A0 {0x02d511c2ba21 <SharedFunctionInfo pool.singletonWord>} into 000001A9B8C4D508 {0x01a5184fa0f9 <SharedFunctionInfo tacticalCode>}
Considering 000001A9F9849C18 {0x02d511c2b319 <SharedFunctionInfo assertClassId>} for inlining with 000001A9F9849D20 {0x02dc5b63f7e1 <FeedbackVector[12]>}
Considering 000001A9B8C4E9A0 {0x02d511c2ba21 <SharedFunctionInfo pool.singletonWord>} for inlining with 000001A9F9849B88 {0x03748003cb91 <FeedbackVector[10]>}
Inlining small function(s) at call site #186:JSCall
Inlining 000001A9B8C4E9A0 {0x02d511c2ba21 <SharedFunctionInfo pool.singletonWord>} into 000001A9B8C4D508 {0x01a5184fa0f9 <SharedFunctionInfo tacticalCode>}
Considering 000001A9F9849C18 {0x02d511c2b319 <SharedFunctionInfo assertClassId>} for inlining with 000001A9F9849D20 {0x02dc5b63f7e1 <FeedbackVector[12]>}
Considering 000001A9B8C4E9A0 {0x02d511c2ba21 <SharedFunctionInfo pool.singletonWord>} for inlining with 000001A9F9849B88 {0x03748003cb91 <FeedbackVector[10]>}
Inlining small function(s) at call site #198:JSCall
Inlining 000001A9B8C4E9A0 {0x02d511c2ba21 <SharedFunctionInfo pool.singletonWord>} into 000001A9B8C4D508 {0x01a5184fa0f9 <SharedFunctionInfo tacticalCode>}
Considering 000001A9F9849C18 {0x02d511c2b319 <SharedFunctionInfo assertClassId>} for inlining with 000001A9F9849D20 {0x02dc5b63f7e1 <FeedbackVector[12]>}
Considering 000001A9B8C4E9A0 {0x02d511c2ba21 <SharedFunctionInfo pool.singletonWord>} for inlining with 000001A9F9849B88 {0x03748003cb91 <FeedbackVector[10]>}
Inlining small function(s) at call site #211:JSCall
Inlining 000001A9B8C4E9A0 {0x02d511c2ba21 <SharedFunctionInfo pool.singletonWord>} into 000001A9B8C4D508 {0x01a5184fa0f9 <SharedFunctionInfo tacticalCode>}
Considering 000001A9F9849C18 {0x02d511c2b319 <SharedFunctionInfo assertClassId>} for inlining with 000001A9F9849D20 {0x02dc5b63f7e1 <FeedbackVector[12]>}
Considering 000001A9F94A34C0 {0x01a5184faaf9 <SharedFunctionInfo landingAt>} for inlining with 000001A9F984A7E8 {0x02d511c2e851 <FeedbackVector[12]>}
Budget used: 0/920 -- 8 candidate(s) for inlining:
- candidate: JSCall node #565 with frequency 0.997708, has_heapnum_param:0, 1 target(s):
  - target: 000001A9F94A6900 {0x01a5184dd5d1 <SharedFunctionInfo assertSupportIndex>}, bytecode size: 71
- candidate: JSCall node #918 with frequency 0.997722, has_heapnum_param:0, 1 target(s):
  - target: 000001A9F9849C18 {0x02d511c2b319 <SharedFunctionInfo assertClassId>}, bytecode size: 76
- candidate: JSCall node #827 with frequency 0.997722, has_heapnum_param:0, 1 target(s):
  - target: 000001A9F9849C18 {0x02d511c2b319 <SharedFunctionInfo assertClassId>}, bytecode size: 76
- candidate: JSCall node #736 with frequency 0.997722, has_heapnum_param:0, 1 target(s):
  - target: 000001A9F9849C18 {0x02d511c2b319 <SharedFunctionInfo assertClassId>}, bytecode size: 76
- candidate: JSCall node #640 with frequency 0.997722, has_heapnum_param:0, 1 target(s):
  - target: 000001A9F9849C18 {0x02d511c2b319 <SharedFunctionInfo assertClassId>}, bytecode size: 76
- candidate: JSCall node #82 with frequency 0.999587, has_heapnum_param:0, 1 target(s):
  - target: 000001A9B8C4DD80 {0x02d511c2b919 <SharedFunctionInfo pool.isEmpty>}, bytecode size: 17, existing opt code's inlined bytecode size: 76
- candidate: JSCall node #42 with frequency 0.999587, has_heapnum_param:0, 1 target(s):
  - target: 000001A9B8C4DC58 {0x02d511c28379 <SharedFunctionInfo writeStateParts>}, bytecode size: 139, existing opt code's inlined bytecode size: 50
- candidate: JSCall node #352 with frequency 0.608337, has_heapnum_param:0, 1 target(s):
  - target: 000001A9F94A34C0 {0x01a5184faaf9 <SharedFunctionInfo landingAt>}, bytecode size: 91, existing opt code's inlined bytecode size: 142
Inlining 000001A9F94A6900 {0x01a5184dd5d1 <SharedFunctionInfo assertSupportIndex>} into 000001A9B8C4D508 {0x01a5184fa0f9 <SharedFunctionInfo tacticalCode>}
Budget used: 71/920 -- 7 candidate(s) for inlining:
- candidate: JSCall node #918 with frequency 0.997722, has_heapnum_param:0, 1 target(s):
  - target: 000001A9F9849C18 {0x02d511c2b319 <SharedFunctionInfo assertClassId>}, bytecode size: 76
- candidate: JSCall node #827 with frequency 0.997722, has_heapnum_param:0, 1 target(s):
  - target: 000001A9F9849C18 {0x02d511c2b319 <SharedFunctionInfo assertClassId>}, bytecode size: 76
- candidate: JSCall node #736 with frequency 0.997722, has_heapnum_param:0, 1 target(s):
  - target: 000001A9F9849C18 {0x02d511c2b319 <SharedFunctionInfo assertClassId>}, bytecode size: 76
- candidate: JSCall node #640 with frequency 0.997722, has_heapnum_param:0, 1 target(s):
  - target: 000001A9F9849C18 {0x02d511c2b319 <SharedFunctionInfo assertClassId>}, bytecode size: 76
- candidate: JSCall node #82 with frequency 0.999587, has_heapnum_param:0, 1 target(s):
  - target: 000001A9B8C4DD80 {0x02d511c2b919 <SharedFunctionInfo pool.isEmpty>}, bytecode size: 17, existing opt code's inlined bytecode size: 76
- candidate: JSCall node #42 with frequency 0.999587, has_heapnum_param:0, 1 target(s):
  - target: 000001A9B8C4DC58 {0x02d511c28379 <SharedFunctionInfo writeStateParts>}, bytecode size: 139, existing opt code's inlined bytecode size: 50
- candidate: JSCall node #352 with frequency 0.608337, has_heapnum_param:0, 1 target(s):
  - target: 000001A9F94A34C0 {0x01a5184faaf9 <SharedFunctionInfo landingAt>}, bytecode size: 91, existing opt code's inlined bytecode size: 142
Inlining 000001A9F9849C18 {0x02d511c2b319 <SharedFunctionInfo assertClassId>} into 000001A9B8C4D508 {0x01a5184fa0f9 <SharedFunctionInfo tacticalCode>}
Budget used: 147/920 -- 6 candidate(s) for inlining:
- candidate: JSCall node #827 with frequency 0.997722, has_heapnum_param:0, 1 target(s):
  - target: 000001A9F9849C18 {0x02d511c2b319 <SharedFunctionInfo assertClassId>}, bytecode size: 76
- candidate: JSCall node #736 with frequency 0.997722, has_heapnum_param:0, 1 target(s):
  - target: 000001A9F9849C18 {0x02d511c2b319 <SharedFunctionInfo assertClassId>}, bytecode size: 76
- candidate: JSCall node #640 with frequency 0.997722, has_heapnum_param:0, 1 target(s):
  - target: 000001A9F9849C18 {0x02d511c2b319 <SharedFunctionInfo assertClassId>}, bytecode size: 76
- candidate: JSCall node #82 with frequency 0.999587, has_heapnum_param:0, 1 target(s):
  - target: 000001A9B8C4DD80 {0x02d511c2b919 <SharedFunctionInfo pool.isEmpty>}, bytecode size: 17, existing opt code's inlined bytecode size: 76
- candidate: JSCall node #42 with frequency 0.999587, has_heapnum_param:0, 1 target(s):
  - target: 000001A9B8C4DC58 {0x02d511c28379 <SharedFunctionInfo writeStateParts>}, bytecode size: 139, existing opt code's inlined bytecode size: 50
- candidate: JSCall node #352 with frequency 0.608337, has_heapnum_param:0, 1 target(s):
  - target: 000001A9F94A34C0 {0x01a5184faaf9 <SharedFunctionInfo landingAt>}, bytecode size: 91, existing opt code's inlined bytecode size: 142
Inlining 000001A9F9849C18 {0x02d511c2b319 <SharedFunctionInfo assertClassId>} into 000001A9B8C4D508 {0x01a5184fa0f9 <SharedFunctionInfo tacticalCode>}
Budget used: 223/920 -- 5 candidate(s) for inlining:
- candidate: JSCall node #736 with frequency 0.997722, has_heapnum_param:0, 1 target(s):
  - target: 000001A9F9849C18 {0x02d511c2b319 <SharedFunctionInfo assertClassId>}, bytecode size: 76
- candidate: JSCall node #640 with frequency 0.997722, has_heapnum_param:0, 1 target(s):
  - target: 000001A9F9849C18 {0x02d511c2b319 <SharedFunctionInfo assertClassId>}, bytecode size: 76
- candidate: JSCall node #82 with frequency 0.999587, has_heapnum_param:0, 1 target(s):
  - target: 000001A9B8C4DD80 {0x02d511c2b919 <SharedFunctionInfo pool.isEmpty>}, bytecode size: 17, existing opt code's inlined bytecode size: 76
- candidate: JSCall node #42 with frequency 0.999587, has_heapnum_param:0, 1 target(s):
  - target: 000001A9B8C4DC58 {0x02d511c28379 <SharedFunctionInfo writeStateParts>}, bytecode size: 139, existing opt code's inlined bytecode size: 50
- candidate: JSCall node #352 with frequency 0.608337, has_heapnum_param:0, 1 target(s):
  - target: 000001A9F94A34C0 {0x01a5184faaf9 <SharedFunctionInfo landingAt>}, bytecode size: 91, existing opt code's inlined bytecode size: 142
Inlining 000001A9F9849C18 {0x02d511c2b319 <SharedFunctionInfo assertClassId>} into 000001A9B8C4D508 {0x01a5184fa0f9 <SharedFunctionInfo tacticalCode>}
Budget used: 299/920 -- 4 candidate(s) for inlining:
- candidate: JSCall node #640 with frequency 0.997722, has_heapnum_param:0, 1 target(s):
  - target: 000001A9F9849C18 {0x02d511c2b319 <SharedFunctionInfo assertClassId>}, bytecode size: 76
- candidate: JSCall node #82 with frequency 0.999587, has_heapnum_param:0, 1 target(s):
  - target: 000001A9B8C4DD80 {0x02d511c2b919 <SharedFunctionInfo pool.isEmpty>}, bytecode size: 17, existing opt code's inlined bytecode size: 76
- candidate: JSCall node #42 with frequency 0.999587, has_heapnum_param:0, 1 target(s):
  - target: 000001A9B8C4DC58 {0x02d511c28379 <SharedFunctionInfo writeStateParts>}, bytecode size: 139, existing opt code's inlined bytecode size: 50
- candidate: JSCall node #352 with frequency 0.608337, has_heapnum_param:0, 1 target(s):
  - target: 000001A9F94A34C0 {0x01a5184faaf9 <SharedFunctionInfo landingAt>}, bytecode size: 91, existing opt code's inlined bytecode size: 142
Inlining 000001A9F9849C18 {0x02d511c2b319 <SharedFunctionInfo assertClassId>} into 000001A9B8C4D508 {0x01a5184fa0f9 <SharedFunctionInfo tacticalCode>}
Budget used: 375/920 -- 3 candidate(s) for inlining:
- candidate: JSCall node #82 with frequency 0.999587, has_heapnum_param:0, 1 target(s):
  - target: 000001A9B8C4DD80 {0x02d511c2b919 <SharedFunctionInfo pool.isEmpty>}, bytecode size: 17, existing opt code's inlined bytecode size: 76
- candidate: JSCall node #42 with frequency 0.999587, has_heapnum_param:0, 1 target(s):
  - target: 000001A9B8C4DC58 {0x02d511c28379 <SharedFunctionInfo writeStateParts>}, bytecode size: 139, existing opt code's inlined bytecode size: 50
- candidate: JSCall node #352 with frequency 0.608337, has_heapnum_param:0, 1 target(s):
  - target: 000001A9F94A34C0 {0x01a5184faaf9 <SharedFunctionInfo landingAt>}, bytecode size: 91, existing opt code's inlined bytecode size: 142
Inlining 000001A9B8C4DD80 {0x02d511c2b919 <SharedFunctionInfo pool.isEmpty>} into 000001A9B8C4D508 {0x01a5184fa0f9 <SharedFunctionInfo tacticalCode>}
Considering 000001A9F9849C18 {0x02d511c2b319 <SharedFunctionInfo assertClassId>} for inlining with 000001A9F9849D20 {0x02dc5b63f7e1 <FeedbackVector[12]>}
Budget used: 392/920 -- 3 candidate(s) for inlining:
- candidate: JSCall node #1338 with frequency 0.997196, has_heapnum_param:0, 1 target(s):
  - target: 000001A9F9849C18 {0x02d511c2b319 <SharedFunctionInfo assertClassId>}, bytecode size: 76
- candidate: JSCall node #42 with frequency 0.999587, has_heapnum_param:0, 1 target(s):
  - target: 000001A9B8C4DC58 {0x02d511c28379 <SharedFunctionInfo writeStateParts>}, bytecode size: 139, existing opt code's inlined bytecode size: 50
- candidate: JSCall node #352 with frequency 0.608337, has_heapnum_param:0, 1 target(s):
  - target: 000001A9F94A34C0 {0x01a5184faaf9 <SharedFunctionInfo landingAt>}, bytecode size: 91, existing opt code's inlined bytecode size: 142
Inlining 000001A9F9849C18 {0x02d511c2b319 <SharedFunctionInfo assertClassId>} into 000001A9B8C4D508 {0x01a5184fa0f9 <SharedFunctionInfo tacticalCode>}
Budget used: 468/920 -- 2 candidate(s) for inlining:
- candidate: JSCall node #42 with frequency 0.999587, has_heapnum_param:0, 1 target(s):
  - target: 000001A9B8C4DC58 {0x02d511c28379 <SharedFunctionInfo writeStateParts>}, bytecode size: 139, existing opt code's inlined bytecode size: 50
- candidate: JSCall node #352 with frequency 0.608337, has_heapnum_param:0, 1 target(s):
  - target: 000001A9F94A34C0 {0x01a5184faaf9 <SharedFunctionInfo landingAt>}, bytecode size: 91, existing opt code's inlined bytecode size: 142
Inlining 000001A9B8C4DC58 {0x02d511c28379 <SharedFunctionInfo writeStateParts>} into 000001A9B8C4D508 {0x01a5184fa0f9 <SharedFunctionInfo tacticalCode>}
Considering 000001A9F984C1E0 {0x01a5184e5841 <SharedFunctionInfo #assertState>} for inlining with 000001A9F984E970 {0x02dc5b63ff29 <FeedbackVector[12]>}
Budget used: 607/920 -- 2 candidate(s) for inlining:
- candidate: JSCall node #1443 with frequency 0.998267, has_heapnum_param:0, 1 target(s):
  - target: 000001A9F984C1E0 {0x01a5184e5841 <SharedFunctionInfo #assertState>}, bytecode size: 50
- candidate: JSCall node #352 with frequency 0.608337, has_heapnum_param:0, 1 target(s):
  - target: 000001A9F94A34C0 {0x01a5184faaf9 <SharedFunctionInfo landingAt>}, bytecode size: 91, existing opt code's inlined bytecode size: 142
Inlining 000001A9F984C1E0 {0x01a5184e5841 <SharedFunctionInfo #assertState>} into 000001A9B8C4D508 {0x01a5184fa0f9 <SharedFunctionInfo tacticalCode>}
Budget used: 657/920 -- 1 candidate(s) for inlining:
- candidate: JSCall node #352 with frequency 0.608337, has_heapnum_param:0, 1 target(s):
  - target: 000001A9F94A34C0 {0x01a5184faaf9 <SharedFunctionInfo landingAt>}, bytecode size: 91, existing opt code's inlined bytecode size: 142
Considering 000001A9B8C49CB8 {0x01a5184ee729 <SharedFunctionInfo probe>} for inlining with 000001A9F9335310 {0x03748003f2c1 <FeedbackVector[9]>}
Considering 000001A9B8C49DA0 {0x01a5184ee7b9 <SharedFunctionInfo read>} for inlining with 000001A9F9335740 {0x03748003f339 <FeedbackVector[28]>}
Considering 000001A9B8C4A8C0 {0x0262a6eb5101 <SharedFunctionInfo>} for inlining with 000001A9F9335D48 {0x03748003f721 <FeedbackVector[4]>}
Cannot consider 000001A9B8C4AAA8 {0x01a5184fa0f9 <SharedFunctionInfo tacticalCode>} for inlining (reason: exceeds bytecode limit)
Considering 000001A9B8C6AC28 {0x01a5184d8601 <SharedFunctionInfo tacticalForcedColumn>} for inlining with 000001A9F93361C8 {0x01c2eb145629 <FeedbackVector[8]>}
Considering 000001A9B8C6AFA8 {0x0262a6eb4081 <SharedFunctionInfo advanceFrontier>} for inlining with 000001A9F9336228 {0x01c2eb1451f1 <FeedbackVector[10]>}
Considering 000001A9B8C69238 {0x01a5184d8649 <SharedFunctionInfo assertTacticalCode>} for inlining with 000001A9F9336738 {0x01c2eb146169 <FeedbackVector[11]>}
Considering 000001A9B8C6ADC8 {0x0262a6eb3fa9 <SharedFunctionInfo transition>} for inlining with 000001A9F9339D28 {0x01c2eb145121 <FeedbackVector[7]>}
Considering 000001A9B8C6AEA0 {0x01a5184e4011 <SharedFunctionInfo requireLegalTransition>} for inlining with 000001A9F9339D88 {0x01c2eb145189 <FeedbackVector[7]>}
Considering 000001A9B8C6AEA0 {0x01a5184e4011 <SharedFunctionInfo requireLegalTransition>} for inlining with 000001A9F9339D88 {0x01c2eb145189 <FeedbackVector[7]>}
Considering 000001A9B8C69330 {0x01a5184d85b9 <SharedFunctionInfo tacticalImmediateColumn>} for inlining with 000001A9F933A9C0 {0x0262a6eb5fe9 <FeedbackVector[7]>}
Considering 000001A9B8C69330 {0x01a5184d85b9 <SharedFunctionInfo tacticalImmediateColumn>} for inlining with 000001A9F933A9C0 {0x0262a6eb5fe9 <FeedbackVector[7]>}
Considering 000001A9B8C693F8 {0x01a5184ee891 <SharedFunctionInfo publishExact>} for inlining with 000001A9F933AA20 {0x00f94a248c09 <FeedbackVector[8]>}
Considering 000001A9B8C693F8 {0x01a5184ee891 <SharedFunctionInfo publishExact>} for inlining with 000001A9F933AA20 {0x00f94a248c09 <FeedbackVector[8]>}
Cannot consider 000001A9B8C6B188 {0x0262a6eb40c9 <SharedFunctionInfo prepareMoves>} for inlining (reason: exceeds bytecode limit)
Considering 000001A9B8C6B620 {0x01a5184d8499 <SharedFunctionInfo assertWdlValue>} for inlining with 000001A9F9364370 {0x0374800179b1 <FeedbackVector[7]>}
Considering 000001A9B8C6B620 {0x01a5184d8499 <SharedFunctionInfo assertWdlValue>} for inlining with 000001A9F9364370 {0x0374800179b1 <FeedbackVector[7]>}
Considering 000001A9B8C6ADC8 {0x0262a6eb3fa9 <SharedFunctionInfo transition>} for inlining with 000001A9F9339D28 {0x01c2eb145121 <FeedbackVector[7]>}
Considering 000001A9B8C6AEA0 {0x01a5184e4011 <SharedFunctionInfo requireLegalTransition>} for inlining with 000001A9F9339D88 {0x01c2eb145189 <FeedbackVector[7]>}
Considering 000001A9B8C6AFA8 {0x0262a6eb4081 <SharedFunctionInfo advanceFrontier>} for inlining with 000001A9F9336228 {0x01c2eb1451f1 <FeedbackVector[10]>}
Cannot consider 000001A9B8C49500 {0x0262a6eb4159 <SharedFunctionInfo searchNode>} for inlining (reason: exceeds bytecode limit)
Considering 000001A9B8C6CFD0 {0x0262a6eb4111 <SharedFunctionInfo publishResult>} for inlining with 000001A9F9364CD0 {0x00f94a25ef69 <FeedbackVector[14]>}
Budget used: 0/920 -- 8 candidate(s) for inlining:
- candidate: JSCall node #217 with frequency 1.02558, has_heapnum_param:0, 1 target(s):
  - target: 000001A9B8C4A8C0 {0x0262a6eb5101 <SharedFunctionInfo>}, bytecode size: 31
- candidate: JSCall node #1196 with frequency 1.01505, has_heapnum_param:0, 1 target(s):
  - target: 000001A9B8C6ADC8 {0x0262a6eb3fa9 <SharedFunctionInfo transition>}, bytecode size: 40
- candidate: JSCall node #1204 with frequency 1.01505, has_heapnum_param:0, 1 target(s):
  - target: 000001A9B8C6AEA0 {0x01a5184e4011 <SharedFunctionInfo requireLegalTransition>}, bytecode size: 72, existing opt code's inlined bytecode size: 78
- candidate: JSCall node #1268 with frequency 1.01505, has_heapnum_param:0, 1 target(s):
  - target: 000001A9B8C6AFA8 {0x0262a6eb4081 <SharedFunctionInfo advanceFrontier>}, bytecode size: 71, existing opt code's inlined bytecode size: 95
- candidate: JSCall node #440 with frequency 1.02332, has_heapnum_param:0, 1 target(s):
  - target: 000001A9B8C69238 {0x01a5184d8649 <SharedFunctionInfo assertTacticalCode>}, bytecode size: 151, existing opt code's inlined bytecode size: 47
- candidate: JSCall node #802 with frequency 0.174022, has_heapnum_param:0, 1 target(s):
  - target: 000001A9B8C6AC28 {0x01a5184d8601 <SharedFunctionInfo tacticalForcedColumn>}, bytecode size: 45
- candidate: JSCall node #153 with frequency 1.02558, has_heapnum_param:0, 1 target(s):
  - target: 000001A9B8C49DA0 {0x01a5184ee7b9 <SharedFunctionInfo read>}, bytecode size: 157, existing opt code's inlined bytecode size: 183
- candidate: JSCall node #139 with frequency 1.02558, has_heapnum_param:0, 1 target(s):
  - target: 000001A9B8C49CB8 {0x01a5184ee729 <SharedFunctionInfo probe>}, bytecode size: 46, existing opt code's inlined bytecode size: 631
Inlining 000001A9B8C4A8C0 {0x0262a6eb5101 <SharedFunctionInfo>} into 000001A9B8C49500 {0x0262a6eb4159 <SharedFunctionInfo searchNode>}
Considering 000001A9F9364F50 {0x0262a6eac019 <SharedFunctionInfo frontierBoundCode>} for inlining with 000001A9F9366FA0 {0x03748003f649 <FeedbackVector[6]>}
Considering 000001A9F9364E18 {0x01a5184d8691 <SharedFunctionInfo applyFrontierBoundCode>} for inlining with 000001A9F936A000 {0x01c2eb1461f1 <FeedbackVector[38]>}
Budget used: 31/920 -- 9 candidate(s) for inlining:
- candidate: JSCall node #1196 with frequency 1.01505, has_heapnum_param:0, 1 target(s):
  - target: 000001A9B8C6ADC8 {0x0262a6eb3fa9 <SharedFunctionInfo transition>}, bytecode size: 40
- candidate: JSCall node #1204 with frequency 1.01505, has_heapnum_param:0, 1 target(s):
  - target: 000001A9B8C6AEA0 {0x01a5184e4011 <SharedFunctionInfo requireLegalTransition>}, bytecode size: 72, existing opt code's inlined bytecode size: 78
- candidate: JSCall node #1268 with frequency 1.01505, has_heapnum_param:0, 1 target(s):
  - target: 000001A9B8C6AFA8 {0x0262a6eb4081 <SharedFunctionInfo advanceFrontier>}, bytecode size: 71, existing opt code's inlined bytecode size: 95
- candidate: JSCall node #440 with frequency 1.02332, has_heapnum_param:0, 1 target(s):
  - target: 000001A9B8C69238 {0x01a5184d8649 <SharedFunctionInfo assertTacticalCode>}, bytecode size: 151, existing opt code's inlined bytecode size: 47
- candidate: JSCall node #802 with frequency 0.174022, has_heapnum_param:0, 1 target(s):
  - target: 000001A9B8C6AC28 {0x01a5184d8601 <SharedFunctionInfo tacticalForcedColumn>}, bytecode size: 45
- candidate: JSCall node #153 with frequency 1.02558, has_heapnum_param:0, 1 target(s):
  - target: 000001A9B8C49DA0 {0x01a5184ee7b9 <SharedFunctionInfo read>}, bytecode size: 157, existing opt code's inlined bytecode size: 183
- candidate: JSCall node #1683 with frequency 1.02305, has_heapnum_param:0, 1 target(s):
  - target: 000001A9F9364E18 {0x01a5184d8691 <SharedFunctionInfo applyFrontierBoundCode>}, bytecode size: 334, existing opt code's inlined bytecode size: 268
- candidate: JSCall node #139 with frequency 1.02558, has_heapnum_param:0, 1 target(s):
  - target: 000001A9B8C49CB8 {0x01a5184ee729 <SharedFunctionInfo probe>}, bytecode size: 46, existing opt code's inlined bytecode size: 631
- candidate: JSCall node #1678 with frequency 1.02305, has_heapnum_param:0, 1 target(s):
  - target: 000001A9F9364F50 {0x0262a6eac019 <SharedFunctionInfo frontierBoundCode>}, bytecode size: 31, existing opt code's inlined bytecode size: 799
Inlining 000001A9B8C6ADC8 {0x0262a6eb3fa9 <SharedFunctionInfo transition>} into 000001A9B8C49500 {0x0262a6eb4159 <SharedFunctionInfo searchNode>}
Considering 000001A9B8BC27C8 {0x01a5184e40a1 <SharedFunctionInfo checkedTransition>} for inlining with 000001A9B8BC2DA8 {0x01c2eb145031 <FeedbackVector[24]>}
Budget used: 71/920 -- 9 candidate(s) for inlining:
- candidate: JSCall node #1204 with frequency 1.01505, has_heapnum_param:0, 1 target(s):
  - target: 000001A9B8C6AEA0 {0x01a5184e4011 <SharedFunctionInfo requireLegalTransition>}, bytecode size: 72, existing opt code's inlined bytecode size: 78
- candidate: JSCall node #1268 with frequency 1.01505, has_heapnum_param:0, 1 target(s):
  - target: 000001A9B8C6AFA8 {0x0262a6eb4081 <SharedFunctionInfo advanceFrontier>}, bytecode size: 71, existing opt code's inlined bytecode size: 95
- candidate: JSCall node #440 with frequency 1.02332, has_heapnum_param:0, 1 target(s):
  - target: 000001A9B8C69238 {0x01a5184d8649 <SharedFunctionInfo assertTacticalCode>}, bytecode size: 151, existing opt code's inlined bytecode size: 47
- candidate: JSCall node #802 with frequency 0.174022, has_heapnum_param:0, 1 target(s):
  - target: 000001A9B8C6AC28 {0x01a5184d8601 <SharedFunctionInfo tacticalForcedColumn>}, bytecode size: 45
- candidate: JSCall node #153 with frequency 1.02558, has_heapnum_param:0, 1 target(s):
  - target: 000001A9B8C49DA0 {0x01a5184ee7b9 <SharedFunctionInfo read>}, bytecode size: 157, existing opt code's inlined bytecode size: 183
- candidate: JSCall node #1683 with frequency 1.02305, has_heapnum_param:0, 1 target(s):
  - target: 000001A9F9364E18 {0x01a5184d8691 <SharedFunctionInfo applyFrontierBoundCode>}, bytecode size: 334, existing opt code's inlined bytecode size: 268
- candidate: JSCall node #139 with frequency 1.02558, has_heapnum_param:0, 1 target(s):
  - target: 000001A9B8C49CB8 {0x01a5184ee729 <SharedFunctionInfo probe>}, bytecode size: 46, existing opt code's inlined bytecode size: 631
- candidate: JSCall node #1678 with frequency 1.02305, has_heapnum_param:0, 1 target(s):
  - target: 000001A9F9364F50 {0x0262a6eac019 <SharedFunctionInfo frontierBoundCode>}, bytecode size: 31, existing opt code's inlined bytecode size: 799
- candidate: JSCall node #1738 with frequency 1.01324, has_heapnum_param:0, 1 target(s):
  - target: 000001A9B8BC27C8 {0x01a5184e40a1 <SharedFunctionInfo checkedTransition>}, bytecode size: 165, existing opt code's inlined bytecode size: 844
Inlining 000001A9B8C6AEA0 {0x01a5184e4011 <SharedFunctionInfo requireLegalTransition>} into 000001A9B8C49500 {0x0262a6eb4159 <SharedFunctionInfo searchNode>}
Considering 000001A9B8BC2E38 {0x01a5184e3fc9 <SharedFunctionInfo assertTransitionResult>} for inlining with 000001A9B8BC2EF0 {0x03748003da59 <FeedbackVector[11]>}
Cannot consider 000001A9B8C49500 {0x0262a6eb4159 <SharedFunctionInfo searchNode>} for inlining (reason: exceeds bytecode limit)
Budget used: 143/920 -- 9 candidate(s) for inlining:
- candidate: JSCall node #1764 with frequency 1.01262, has_heapnum_param:0, 1 target(s):
  - target: 000001A9B8BC2E38 {0x01a5184e3fc9 <SharedFunctionInfo assertTransitionResult>}, bytecode size: 78
- candidate: JSCall node #1268 with frequency 1.01505, has_heapnum_param:0, 1 target(s):
  - target: 000001A9B8C6AFA8 {0x0262a6eb4081 <SharedFunctionInfo advanceFrontier>}, bytecode size: 71, existing opt code's inlined bytecode size: 95
- candidate: JSCall node #440 with frequency 1.02332, has_heapnum_param:0, 1 target(s):
  - target: 000001A9B8C69238 {0x01a5184d8649 <SharedFunctionInfo assertTacticalCode>}, bytecode size: 151, existing opt code's inlined bytecode size: 47
- candidate: JSCall node #802 with frequency 0.174022, has_heapnum_param:0, 1 target(s):
  - target: 000001A9B8C6AC28 {0x01a5184d8601 <SharedFunctionInfo tacticalForcedColumn>}, bytecode size: 45
- candidate: JSCall node #153 with frequency 1.02558, has_heapnum_param:0, 1 target(s):
  - target: 000001A9B8C49DA0 {0x01a5184ee7b9 <SharedFunctionInfo read>}, bytecode size: 157, existing opt code's inlined bytecode size: 183
- candidate: JSCall node #1683 with frequency 1.02305, has_heapnum_param:0, 1 target(s):
  - target: 000001A9F9364E18 {0x01a5184d8691 <SharedFunctionInfo applyFrontierBoundCode>}, bytecode size: 334, existing opt code's inlined bytecode size: 268
- candidate: JSCall node #139 with frequency 1.02558, has_heapnum_param:0, 1 target(s):
  - target: 000001A9B8C49CB8 {0x01a5184ee729 <SharedFunctionInfo probe>}, bytecode size: 46, existing opt code's inlined bytecode size: 631
- candidate: JSCall node #1678 with frequency 1.02305, has_heapnum_param:0, 1 target(s):
  - target: 000001A9F9364F50 {0x0262a6eac019 <SharedFunctionInfo frontierBoundCode>}, bytecode size: 31, existing opt code's inlined bytecode size: 799
- candidate: JSCall node #1738 with frequency 1.01324, has_heapnum_param:0, 1 target(s):
  - target: 000001A9B8BC27C8 {0x01a5184e40a1 <SharedFunctionInfo checkedTransition>}, bytecode size: 165, existing opt code's inlined bytecode size: 844
Inlining 000001A9B8BC2E38 {0x01a5184e3fc9 <SharedFunctionInfo assertTransitionResult>} into 000001A9B8C49500 {0x0262a6eb4159 <SharedFunctionInfo searchNode>}
Budget used: 221/920 -- 8 candidate(s) for inlining:
- candidate: JSCall node #1268 with frequency 1.01505, has_heapnum_param:0, 1 target(s):
  - target: 000001A9B8C6AFA8 {0x0262a6eb4081 <SharedFunctionInfo advanceFrontier>}, bytecode size: 71, existing opt code's inlined bytecode size: 95
- candidate: JSCall node #440 with frequency 1.02332, has_heapnum_param:0, 1 target(s):
  - target: 000001A9B8C69238 {0x01a5184d8649 <SharedFunctionInfo assertTacticalCode>}, bytecode size: 151, existing opt code's inlined bytecode size: 47
- candidate: JSCall node #802 with frequency 0.174022, has_heapnum_param:0, 1 target(s):
  - target: 000001A9B8C6AC28 {0x01a5184d8601 <SharedFunctionInfo tacticalForcedColumn>}, bytecode size: 45
- candidate: JSCall node #153 with frequency 1.02558, has_heapnum_param:0, 1 target(s):
  - target: 000001A9B8C49DA0 {0x01a5184ee7b9 <SharedFunctionInfo read>}, bytecode size: 157, existing opt code's inlined bytecode size: 183
- candidate: JSCall node #1683 with frequency 1.02305, has_heapnum_param:0, 1 target(s):
  - target: 000001A9F9364E18 {0x01a5184d8691 <SharedFunctionInfo applyFrontierBoundCode>}, bytecode size: 334, existing opt code's inlined bytecode size: 268
- candidate: JSCall node #139 with frequency 1.02558, has_heapnum_param:0, 1 target(s):
  - target: 000001A9B8C49CB8 {0x01a5184ee729 <SharedFunctionInfo probe>}, bytecode size: 46, existing opt code's inlined bytecode size: 631
- candidate: JSCall node #1678 with frequency 1.02305, has_heapnum_param:0, 1 target(s):
  - target: 000001A9F9364F50 {0x0262a6eac019 <SharedFunctionInfo frontierBoundCode>}, bytecode size: 31, existing opt code's inlined bytecode size: 799
- candidate: JSCall node #1738 with frequency 1.01324, has_heapnum_param:0, 1 target(s):
  - target: 000001A9B8BC27C8 {0x01a5184e40a1 <SharedFunctionInfo checkedTransition>}, bytecode size: 165, existing opt code's inlined bytecode size: 844
Inlining 000001A9B8C6AFA8 {0x0262a6eb4081 <SharedFunctionInfo advanceFrontier>} into 000001A9B8C49500 {0x0262a6eb4159 <SharedFunctionInfo searchNode>}
Considering 000001A9B8BC3678 {0x0262a6eb4039 <SharedFunctionInfo landingForLegalMove>} for inlining with 000001A9B8BC3918 {0x027256e955a1 <FeedbackVector[13]>}
Cannot consider 000001A9B8BC3870 {0x0262a6ea1599 <SharedFunctionInfo advanceInto>} for inlining (reason: exceeds bytecode limit)
Cannot consider 000001A9B8C49500 {0x0262a6eb4159 <SharedFunctionInfo searchNode>} for inlining (reason: exceeds bytecode limit)
Budget used: 292/920 -- 8 candidate(s) for inlining:
- candidate: JSCall node #1896 with frequency 1.01332, has_heapnum_param:0, 1 target(s):
  - target: 000001A9B8BC3678 {0x0262a6eb4039 <SharedFunctionInfo landingForLegalMove>}, bytecode size: 95
- candidate: JSCall node #440 with frequency 1.02332, has_heapnum_param:0, 1 target(s):
  - target: 000001A9B8C69238 {0x01a5184d8649 <SharedFunctionInfo assertTacticalCode>}, bytecode size: 151, existing opt code's inlined bytecode size: 47
- candidate: JSCall node #802 with frequency 0.174022, has_heapnum_param:0, 1 target(s):
  - target: 000001A9B8C6AC28 {0x01a5184d8601 <SharedFunctionInfo tacticalForcedColumn>}, bytecode size: 45
- candidate: JSCall node #153 with frequency 1.02558, has_heapnum_param:0, 1 target(s):
  - target: 000001A9B8C49DA0 {0x01a5184ee7b9 <SharedFunctionInfo read>}, bytecode size: 157, existing opt code's inlined bytecode size: 183
- candidate: JSCall node #1683 with frequency 1.02305, has_heapnum_param:0, 1 target(s):
  - target: 000001A9F9364E18 {0x01a5184d8691 <SharedFunctionInfo applyFrontierBoundCode>}, bytecode size: 334, existing opt code's inlined bytecode size: 268
- candidate: JSCall node #139 with frequency 1.02558, has_heapnum_param:0, 1 target(s):
  - target: 000001A9B8C49CB8 {0x01a5184ee729 <SharedFunctionInfo probe>}, bytecode size: 46, existing opt code's inlined bytecode size: 631
- candidate: JSCall node #1678 with frequency 1.02305, has_heapnum_param:0, 1 target(s):
  - target: 000001A9F9364F50 {0x0262a6eac019 <SharedFunctionInfo frontierBoundCode>}, bytecode size: 31, existing opt code's inlined bytecode size: 799
- candidate: JSCall node #1738 with frequency 1.01324, has_heapnum_param:0, 1 target(s):
  - target: 000001A9B8BC27C8 {0x01a5184e40a1 <SharedFunctionInfo checkedTransition>}, bytecode size: 165, existing opt code's inlined bytecode size: 844
Inlining 000001A9B8BC3678 {0x0262a6eb4039 <SharedFunctionInfo landingForLegalMove>} into 000001A9B8C49500 {0x0262a6eb4159 <SharedFunctionInfo searchNode>}
Considering 000001A9B8BC3EE8 {0x0262a6eabf89 <SharedFunctionInfo landingCellAt>} for inlining with 000001A9B8BC3FD8 {0x027256e954b9 <FeedbackVector[23]>}
Cannot consider 000001A9B8BC3870 {0x0262a6ea1599 <SharedFunctionInfo advanceInto>} for inlining (reason: exceeds bytecode limit)
Budget used: 387/920 -- 8 candidate(s) for inlining:
- candidate: JSCall node #440 with frequency 1.02332, has_heapnum_param:0, 1 target(s):
  - target: 000001A9B8C69238 {0x01a5184d8649 <SharedFunctionInfo assertTacticalCode>}, bytecode size: 151, existing opt code's inlined bytecode size: 47
- candidate: JSCall node #802 with frequency 0.174022, has_heapnum_param:0, 1 target(s):
  - target: 000001A9B8C6AC28 {0x01a5184d8601 <SharedFunctionInfo tacticalForcedColumn>}, bytecode size: 45
- candidate: JSCall node #153 with frequency 1.02558, has_heapnum_param:0, 1 target(s):
  - target: 000001A9B8C49DA0 {0x01a5184ee7b9 <SharedFunctionInfo read>}, bytecode size: 157, existing opt code's inlined bytecode size: 183
- candidate: JSCall node #1683 with frequency 1.02305, has_heapnum_param:0, 1 target(s):
  - target: 000001A9F9364E18 {0x01a5184d8691 <SharedFunctionInfo applyFrontierBoundCode>}, bytecode size: 334, existing opt code's inlined bytecode size: 268
- candidate: JSCall node #139 with frequency 1.02558, has_heapnum_param:0, 1 target(s):
  - target: 000001A9B8C49CB8 {0x01a5184ee729 <SharedFunctionInfo probe>}, bytecode size: 46, existing opt code's inlined bytecode size: 631
- candidate: JSCall node #1974 with frequency 1.0116, has_heapnum_param:0, 1 target(s):
  - target: 000001A9B8BC3EE8 {0x0262a6eabf89 <SharedFunctionInfo landingCellAt>}, bytecode size: 125, existing opt code's inlined bytecode size: 579
- candidate: JSCall node #1678 with frequency 1.02305, has_heapnum_param:0, 1 target(s):
  - target: 000001A9F9364F50 {0x0262a6eac019 <SharedFunctionInfo frontierBoundCode>}, bytecode size: 31, existing opt code's inlined bytecode size: 799
- candidate: JSCall node #1738 with frequency 1.01324, has_heapnum_param:0, 1 target(s):
  - target: 000001A9B8BC27C8 {0x01a5184e40a1 <SharedFunctionInfo checkedTransition>}, bytecode size: 165, existing opt code's inlined bytecode size: 844
Inlining 000001A9B8C69238 {0x01a5184d8649 <SharedFunctionInfo assertTacticalCode>} into 000001A9B8C49500 {0x0262a6eb4159 <SharedFunctionInfo searchNode>}
Considering 000001A9B8BC4298 {0x01a5184d8769 <SharedFunctionInfo assertTacticalColumns>} for inlining with 000001A9B8BC4470 {0x03748003d669 <FeedbackVector[7]>}
Considering 000001A9B8BC4370 {0x01a5184d8721 <SharedFunctionInfo assertInteger>} for inlining with 000001A9B8BC44D0 {0x03748003c9a1 <FeedbackVector[11]>}
Considering 000001A9B8C69330 {0x01a5184d85b9 <SharedFunctionInfo tacticalImmediateColumn>} for inlining with 000001A9F933A9C0 {0x0262a6eb5fe9 <FeedbackVector[7]>}
Considering 000001A9B8C69330 {0x01a5184d85b9 <SharedFunctionInfo tacticalImmediateColumn>} for inlining with 000001A9F933A9C0 {0x0262a6eb5fe9 <FeedbackVector[7]>}
Budget used: 538/920 -- 9 candidate(s) for inlining:
- candidate: JSCall node #2057 with frequency 1.02313, has_heapnum_param:0, 1 target(s):
  - target: 000001A9B8BC4370 {0x01a5184d8721 <SharedFunctionInfo assertInteger>}, bytecode size: 47
- candidate: JSCall node #2049 with frequency 1.02313, has_heapnum_param:0, 1 target(s):
  - target: 000001A9B8BC4298 {0x01a5184d8769 <SharedFunctionInfo assertTacticalColumns>}, bytecode size: 70, existing opt code's inlined bytecode size: 47
- candidate: JSCall node #802 with frequency 0.174022, has_heapnum_param:0, 1 target(s):
  - target: 000001A9B8C6AC28 {0x01a5184d8601 <SharedFunctionInfo tacticalForcedColumn>}, bytecode size: 45
- candidate: JSCall node #153 with frequency 1.02558, has_heapnum_param:0, 1 target(s):
  - target: 000001A9B8C49DA0 {0x01a5184ee7b9 <SharedFunctionInfo read>}, bytecode size: 157, existing opt code's inlined bytecode size: 183
- candidate: JSCall node #1683 with frequency 1.02305, has_heapnum_param:0, 1 target(s):
  - target: 000001A9F9364E18 {0x01a5184d8691 <SharedFunctionInfo applyFrontierBoundCode>}, bytecode size: 334, existing opt code's inlined bytecode size: 268
- candidate: JSCall node #139 with frequency 1.02558, has_heapnum_param:0, 1 target(s):
  - target: 000001A9B8C49CB8 {0x01a5184ee729 <SharedFunctionInfo probe>}, bytecode size: 46, existing opt code's inlined bytecode size: 631
- candidate: JSCall node #1974 with frequency 1.0116, has_heapnum_param:0, 1 target(s):
  - target: 000001A9B8BC3EE8 {0x0262a6eabf89 <SharedFunctionInfo landingCellAt>}, bytecode size: 125, existing opt code's inlined bytecode size: 579
- candidate: JSCall node #1678 with frequency 1.02305, has_heapnum_param:0, 1 target(s):
  - target: 000001A9F9364F50 {0x0262a6eac019 <SharedFunctionInfo frontierBoundCode>}, bytecode size: 31, existing opt code's inlined bytecode size: 799
- candidate: JSCall node #1738 with frequency 1.01324, has_heapnum_param:0, 1 target(s):
  - target: 000001A9B8BC27C8 {0x01a5184e40a1 <SharedFunctionInfo checkedTransition>}, bytecode size: 165, existing opt code's inlined bytecode size: 844
Inlining 000001A9B8BC4370 {0x01a5184d8721 <SharedFunctionInfo assertInteger>} into 000001A9B8C49500 {0x0262a6eb4159 <SharedFunctionInfo searchNode>}
Budget used: 585/920 -- 8 candidate(s) for inlining:
- candidate: JSCall node #2049 with frequency 1.02313, has_heapnum_param:0, 1 target(s):
  - target: 000001A9B8BC4298 {0x01a5184d8769 <SharedFunctionInfo assertTacticalColumns>}, bytecode size: 70, existing opt code's inlined bytecode size: 47
- candidate: JSCall node #802 with frequency 0.174022, has_heapnum_param:0, 1 target(s):
  - target: 000001A9B8C6AC28 {0x01a5184d8601 <SharedFunctionInfo tacticalForcedColumn>}, bytecode size: 45
- candidate: JSCall node #153 with frequency 1.02558, has_heapnum_param:0, 1 target(s):
  - target: 000001A9B8C49DA0 {0x01a5184ee7b9 <SharedFunctionInfo read>}, bytecode size: 157, existing opt code's inlined bytecode size: 183
- candidate: JSCall node #1683 with frequency 1.02305, has_heapnum_param:0, 1 target(s):
  - target: 000001A9F9364E18 {0x01a5184d8691 <SharedFunctionInfo applyFrontierBoundCode>}, bytecode size: 334, existing opt code's inlined bytecode size: 268
- candidate: JSCall node #139 with frequency 1.02558, has_heapnum_param:0, 1 target(s):
  - target: 000001A9B8C49CB8 {0x01a5184ee729 <SharedFunctionInfo probe>}, bytecode size: 46, existing opt code's inlined bytecode size: 631
- candidate: JSCall node #1974 with frequency 1.0116, has_heapnum_param:0, 1 target(s):
  - target: 000001A9B8BC3EE8 {0x0262a6eabf89 <SharedFunctionInfo landingCellAt>}, bytecode size: 125, existing opt code's inlined bytecode size: 579
- candidate: JSCall node #1678 with frequency 1.02305, has_heapnum_param:0, 1 target(s):
  - target: 000001A9F9364F50 {0x0262a6eac019 <SharedFunctionInfo frontierBoundCode>}, bytecode size: 31, existing opt code's inlined bytecode size: 799
- candidate: JSCall node #1738 with frequency 1.01324, has_heapnum_param:0, 1 target(s):
  - target: 000001A9B8BC27C8 {0x01a5184e40a1 <SharedFunctionInfo checkedTransition>}, bytecode size: 165, existing opt code's inlined bytecode size: 844
Inlining 000001A9B8BC4298 {0x01a5184d8769 <SharedFunctionInfo assertTacticalColumns>} into 000001A9B8C49500 {0x0262a6eb4159 <SharedFunctionInfo searchNode>}
Considering 000001A9B8BC4370 {0x01a5184d8721 <SharedFunctionInfo assertInteger>} for inlining with 000001A9B8BC44D0 {0x03748003c9a1 <FeedbackVector[11]>}
Budget used: 655/920 -- 8 candidate(s) for inlining:
- candidate: JSCall node #2238 with frequency 1.02069, has_heapnum_param:0, 1 target(s):
  - target: 000001A9B8BC4370 {0x01a5184d8721 <SharedFunctionInfo assertInteger>}, bytecode size: 47
- candidate: JSCall node #802 with frequency 0.174022, has_heapnum_param:0, 1 target(s):
  - target: 000001A9B8C6AC28 {0x01a5184d8601 <SharedFunctionInfo tacticalForcedColumn>}, bytecode size: 45
- candidate: JSCall node #153 with frequency 1.02558, has_heapnum_param:0, 1 target(s):
  - target: 000001A9B8C49DA0 {0x01a5184ee7b9 <SharedFunctionInfo read>}, bytecode size: 157, existing opt code's inlined bytecode size: 183
- candidate: JSCall node #1683 with frequency 1.02305, has_heapnum_param:0, 1 target(s):
  - target: 000001A9F9364E18 {0x01a5184d8691 <SharedFunctionInfo applyFrontierBoundCode>}, bytecode size: 334, existing opt code's inlined bytecode size: 268
- candidate: JSCall node #139 with frequency 1.02558, has_heapnum_param:0, 1 target(s):
  - target: 000001A9B8C49CB8 {0x01a5184ee729 <SharedFunctionInfo probe>}, bytecode size: 46, existing opt code's inlined bytecode size: 631
- candidate: JSCall node #1974 with frequency 1.0116, has_heapnum_param:0, 1 target(s):
  - target: 000001A9B8BC3EE8 {0x0262a6eabf89 <SharedFunctionInfo landingCellAt>}, bytecode size: 125, existing opt code's inlined bytecode size: 579
- candidate: JSCall node #1678 with frequency 1.02305, has_heapnum_param:0, 1 target(s):
  - target: 000001A9F9364F50 {0x0262a6eac019 <SharedFunctionInfo frontierBoundCode>}, bytecode size: 31, existing opt code's inlined bytecode size: 799
- candidate: JSCall node #1738 with frequency 1.01324, has_heapnum_param:0, 1 target(s):
  - target: 000001A9B8BC27C8 {0x01a5184e40a1 <SharedFunctionInfo checkedTransition>}, bytecode size: 165, existing opt code's inlined bytecode size: 844
Inlining 000001A9B8BC4370 {0x01a5184d8721 <SharedFunctionInfo assertInteger>} into 000001A9B8C49500 {0x0262a6eb4159 <SharedFunctionInfo searchNode>}
Budget used: 702/920 -- 7 candidate(s) for inlining:
- candidate: JSCall node #802 with frequency 0.174022, has_heapnum_param:0, 1 target(s):
  - target: 000001A9B8C6AC28 {0x01a5184d8601 <SharedFunctionInfo tacticalForcedColumn>}, bytecode size: 45
- candidate: JSCall node #153 with frequency 1.02558, has_heapnum_param:0, 1 target(s):
  - target: 000001A9B8C49DA0 {0x01a5184ee7b9 <SharedFunctionInfo read>}, bytecode size: 157, existing opt code's inlined bytecode size: 183
- candidate: JSCall node #1683 with frequency 1.02305, has_heapnum_param:0, 1 target(s):
  - target: 000001A9F9364E18 {0x01a5184d8691 <SharedFunctionInfo applyFrontierBoundCode>}, bytecode size: 334, existing opt code's inlined bytecode size: 268
- candidate: JSCall node #139 with frequency 1.02558, has_heapnum_param:0, 1 target(s):
  - target: 000001A9B8C49CB8 {0x01a5184ee729 <SharedFunctionInfo probe>}, bytecode size: 46, existing opt code's inlined bytecode size: 631
- candidate: JSCall node #1974 with frequency 1.0116, has_heapnum_param:0, 1 target(s):
  - target: 000001A9B8BC3EE8 {0x0262a6eabf89 <SharedFunctionInfo landingCellAt>}, bytecode size: 125, existing opt code's inlined bytecode size: 579
- candidate: JSCall node #1678 with frequency 1.02305, has_heapnum_param:0, 1 target(s):
  - target: 000001A9F9364F50 {0x0262a6eac019 <SharedFunctionInfo frontierBoundCode>}, bytecode size: 31, existing opt code's inlined bytecode size: 799
- candidate: JSCall node #1738 with frequency 1.01324, has_heapnum_param:0, 1 target(s):
  - target: 000001A9B8BC27C8 {0x01a5184e40a1 <SharedFunctionInfo checkedTransition>}, bytecode size: 165, existing opt code's inlined bytecode size: 844
Inlining 000001A9B8C6AC28 {0x01a5184d8601 <SharedFunctionInfo tacticalForcedColumn>} into 000001A9B8C49500 {0x0262a6eb4159 <SharedFunctionInfo searchNode>}
Considering 000001A9B8BC4298 {0x01a5184d8769 <SharedFunctionInfo assertTacticalColumns>} for inlining with 000001A9B8BC4470 {0x03748003d669 <FeedbackVector[7]>}
Considering 000001A9B8C6AFA8 {0x0262a6eb4081 <SharedFunctionInfo advanceFrontier>} for inlining with 000001A9F9336228 {0x01c2eb1451f1 <FeedbackVector[10]>}
Considering 000001A9B8C6ADC8 {0x0262a6eb3fa9 <SharedFunctionInfo transition>} for inlining with 000001A9F9339D28 {0x01c2eb145121 <FeedbackVector[7]>}
Considering 000001A9B8C6AEA0 {0x01a5184e4011 <SharedFunctionInfo requireLegalTransition>} for inlining with 000001A9F9339D88 {0x01c2eb145189 <FeedbackVector[7]>}
Budget used: 747/920 -- 7 candidate(s) for inlining:
- candidate: JSCall node #153 with frequency 1.02558, has_heapnum_param:0, 1 target(s):
  - target: 000001A9B8C49DA0 {0x01a5184ee7b9 <SharedFunctionInfo read>}, bytecode size: 157, existing opt code's inlined bytecode size: 183
- candidate: JSCall node #1683 with frequency 1.02305, has_heapnum_param:0, 1 target(s):
  - target: 000001A9F9364E18 {0x01a5184d8691 <SharedFunctionInfo applyFrontierBoundCode>}, bytecode size: 334, existing opt code's inlined bytecode size: 268
- candidate: JSCall node #139 with frequency 1.02558, has_heapnum_param:0, 1 target(s):
  - target: 000001A9B8C49CB8 {0x01a5184ee729 <SharedFunctionInfo probe>}, bytecode size: 46, existing opt code's inlined bytecode size: 631
- candidate: JSCall node #2348 with frequency 0.173679, has_heapnum_param:0, 1 target(s):
  - target: 000001A9B8BC4298 {0x01a5184d8769 <SharedFunctionInfo assertTacticalColumns>}, bytecode size: 70, existing opt code's inlined bytecode size: 47
- candidate: JSCall node #1974 with frequency 1.0116, has_heapnum_param:0, 1 target(s):
  - target: 000001A9B8BC3EE8 {0x0262a6eabf89 <SharedFunctionInfo landingCellAt>}, bytecode size: 125, existing opt code's inlined bytecode size: 579
- candidate: JSCall node #1678 with frequency 1.02305, has_heapnum_param:0, 1 target(s):
  - target: 000001A9F9364F50 {0x0262a6eac019 <SharedFunctionInfo frontierBoundCode>}, bytecode size: 31, existing opt code's inlined bytecode size: 799
- candidate: JSCall node #1738 with frequency 1.01324, has_heapnum_param:0, 1 target(s):
  - target: 000001A9B8BC27C8 {0x01a5184e40a1 <SharedFunctionInfo checkedTransition>}, bytecode size: 165, existing opt code's inlined bytecode size: 844
Inlining 000001A9B8BC4298 {0x01a5184d8769 <SharedFunctionInfo assertTacticalColumns>} into 000001A9B8C49500 {0x0262a6eb4159 <SharedFunctionInfo searchNode>}
Considering 000001A9B8BC4370 {0x01a5184d8721 <SharedFunctionInfo assertInteger>} for inlining with 000001A9B8BC44D0 {0x03748003c9a1 <FeedbackVector[11]>}
Budget used: 817/920 -- 4 candidate(s) for inlining:
- candidate: JSCall node #2402 with frequency 0.173264, has_heapnum_param:0, 1 target(s):
  - target: 000001A9B8BC4370 {0x01a5184d8721 <SharedFunctionInfo assertInteger>}, bytecode size: 47
- candidate: JSCall node #1974 with frequency 1.0116, has_heapnum_param:0, 1 target(s):
  - target: 000001A9B8BC3EE8 {0x0262a6eabf89 <SharedFunctionInfo landingCellAt>}, bytecode size: 125, existing opt code's inlined bytecode size: 579
- candidate: JSCall node #1678 with frequency 1.02305, has_heapnum_param:0, 1 target(s):
  - target: 000001A9F9364F50 {0x0262a6eac019 <SharedFunctionInfo frontierBoundCode>}, bytecode size: 31, existing opt code's inlined bytecode size: 799
- candidate: JSCall node #1738 with frequency 1.01324, has_heapnum_param:0, 1 target(s):
  - target: 000001A9B8BC27C8 {0x01a5184e40a1 <SharedFunctionInfo checkedTransition>}, bytecode size: 165, existing opt code's inlined bytecode size: 844
Inlining 000001A9B8BC4370 {0x01a5184d8721 <SharedFunctionInfo assertInteger>} into 000001A9B8C49500 {0x0262a6eb4159 <SharedFunctionInfo searchNode>}
Budget used: 864/920 -- 3 candidate(s) for inlining:
- candidate: JSCall node #1974 with frequency 1.0116, has_heapnum_param:0, 1 target(s):
  - target: 000001A9B8BC3EE8 {0x0262a6eabf89 <SharedFunctionInfo landingCellAt>}, bytecode size: 125, existing opt code's inlined bytecode size: 579
- candidate: JSCall node #1678 with frequency 1.02305, has_heapnum_param:0, 1 target(s):
  - target: 000001A9F9364F50 {0x0262a6eac019 <SharedFunctionInfo frontierBoundCode>}, bytecode size: 31, existing opt code's inlined bytecode size: 799
- candidate: JSCall node #1738 with frequency 1.01324, has_heapnum_param:0, 1 target(s):
  - target: 000001A9B8BC27C8 {0x01a5184e40a1 <SharedFunctionInfo checkedTransition>}, bytecode size: 165, existing opt code's inlined bytecode size: 844
Considering 000001A9F94A5F20 {0x02d511c2b799 <SharedFunctionInfo get>} for inlining with 000001A9F94A6078 {0x01c2eb1665c9 <FeedbackVector[0]>}
Inlining small function(s) at call site #472:JSCall
Inlining 000001A9F94A5F20 {0x02d511c2b799 <SharedFunctionInfo get>} into 000001A9B8C4D518 {0x01a5184e5a81 <SharedFunctionInfo intern>}
Considering 000001A9F94A5F20 {0x02d511c2b799 <SharedFunctionInfo get>} for inlining with 000001A9F94A6078 {0x01c2eb1665c9 <FeedbackVector[0]>}
Inlining small function(s) at call site #506:JSCall
Inlining 000001A9F94A5F20 {0x02d511c2b799 <SharedFunctionInfo get>} into 000001A9B8C4D518 {0x01a5184e5a81 <SharedFunctionInfo intern>}
Considering 000001A9B8C4DE88 {0x02d511c272b9 <SharedFunctionInfo low>} for inlining with 000001A9F936BD00 {0x03748003ded9 <FeedbackVector[3]>}
Inlining small function(s) at call site #187:JSCall
Inlining 000001A9B8C4DE88 {0x02d511c272b9 <SharedFunctionInfo low>} into 000001A9B8C4D518 {0x01a5184e5a81 <SharedFunctionInfo intern>}
Considering 000001A9B8C4E560 {0x02d511c27301 <SharedFunctionInfo high>} for inlining with 000001A9F936C190 {0x03748003df21 <FeedbackVector[7]>}
Inlining small function(s) at call site #198:JSCall
Inlining 000001A9B8C4E560 {0x02d511c27301 <SharedFunctionInfo high>} into 000001A9B8C4D518 {0x01a5184e5a81 <SharedFunctionInfo intern>}
Considering 000001A9F94A3478 {0x01a5184e57b1 <SharedFunctionInfo pairHash>} for inlining with 000001A9F936E980 {0x03748003df89 <FeedbackVector[9]>}
Inlining small function(s) at call site #250:JSCall
Inlining 000001A9F94A3478 {0x01a5184e57b1 <SharedFunctionInfo pairHash>} into 000001A9B8C4D518 {0x01a5184e5a81 <SharedFunctionInfo intern>}
Considering 000001A9F936FB68 {0x01a5184e5769 <SharedFunctionInfo mix>} for inlining with 000001A9F93700B0 {0x03748003db21 <FeedbackVector[16]>}
Budget used: 0/920 -- 1 candidate(s) for inlining:
- candidate: JSCall node #684 with frequency 1, has_heapnum_param:0, 1 target(s):
  - target: 000001A9F936FB68 {0x01a5184e5769 <SharedFunctionInfo mix>}, bytecode size: 78
Inlining 000001A9F936FB68 {0x01a5184e5769 <SharedFunctionInfo mix>} into 000001A9B8C4D518 {0x01a5184e5a81 <SharedFunctionInfo intern>}
Considering 000001A9B8C4F740 {0x02d511c2b319 <SharedFunctionInfo assertClassId>} for inlining with 000001A9B8C50AE0 {0x02dc5b63f7e1 <FeedbackVector[12]>}
Budget used: 0/920 -- 1 candidate(s) for inlining:
- candidate: JSCall node #19 with frequency 0.995556, has_heapnum_param:0, 1 target(s):
  - target: 000001A9B8C4F740 {0x02d511c2b319 <SharedFunctionInfo assertClassId>}, bytecode size: 76
Inlining 000001A9B8C4F740 {0x02d511c2b319 <SharedFunctionInfo assertClassId>} into 000001A9B8C4F520 {0x02d511c2bc59 <SharedFunctionInfo everyTermInMask>}
Considering 000001A9B8C50408 {0x0262a6eb0311 <SharedFunctionInfo chunkNext>} for inlining with 000001A9B8C696B8 {0x0232f801ea79 <FeedbackVector[22]>}
Considering 000001A9B8C4F758 {0x0262a6eb03a1 <SharedFunctionInfo chunkCapacity>} for inlining with 000001A9B8C69738 {0x0232f80121d1 <FeedbackVector[17]>}
Budget used: 0/920 -- 2 candidate(s) for inlining:
- candidate: JSCall node #66 with frequency 0.956522, has_heapnum_param:0, 1 target(s):
  - target: 000001A9B8C4F758 {0x0262a6eb03a1 <SharedFunctionInfo chunkCapacity>}, bytecode size: 90
- candidate: JSCall node #202 with frequency 1, has_heapnum_param:0, 1 target(s):
  - target: 000001A9B8C50408 {0x0262a6eb0311 <SharedFunctionInfo chunkNext>}, bytecode size: 108
Inlining 000001A9B8C4F758 {0x0262a6eb03a1 <SharedFunctionInfo chunkCapacity>} into 000001A9B8C4F528 {0x0262a6eb03e9 <SharedFunctionInfo termsEqual>}
Budget used: 90/920 -- 1 candidate(s) for inlining:
- candidate: JSCall node #202 with frequency 1, has_heapnum_param:0, 1 target(s):
  - target: 000001A9B8C50408 {0x0262a6eb0311 <SharedFunctionInfo chunkNext>}, bytecode size: 108
Inlining 000001A9B8C50408 {0x0262a6eb0311 <SharedFunctionInfo chunkNext>} into 000001A9B8C4F528 {0x0262a6eb03e9 <SharedFunctionInfo termsEqual>}
Considering 000001A9B8C4DC98 {0x01a5184e40a1 <SharedFunctionInfo checkedTransition>} for inlining with 000001A9B8C68EB0 {0x01c2eb145031 <FeedbackVector[24]>}
Budget used: 0/920 -- 1 candidate(s) for inlining:
- candidate: JSCall node #50 with frequency 0.998217, has_heapnum_param:0, 1 target(s):
  - target: 000001A9B8C4DC98 {0x01a5184e40a1 <SharedFunctionInfo checkedTransition>}, bytecode size: 165, existing opt code's inlined bytecode size: 844
Considering 000001A9B8C4D730 {0x01a5184d8769 <SharedFunctionInfo assertTacticalColumns>} for inlining with 000001A9B8C4DEF8 {0x03748003d669 <FeedbackVector[7]>}
Budget used: 0/920 -- 1 candidate(s) for inlining:
- candidate: JSCall node #19 with frequency 0.998028, has_heapnum_param:0, 1 target(s):
  - target: 000001A9B8C4D730 {0x01a5184d8769 <SharedFunctionInfo assertTacticalColumns>}, bytecode size: 70, existing opt code's inlined bytecode size: 47
Inlining 000001A9B8C4D730 {0x01a5184d8769 <SharedFunctionInfo assertTacticalColumns>} into 000001A9B8C4D510 {0x01a5184d8601 <SharedFunctionInfo tacticalForcedColumn>}
Considering 000001A9B8C68F78 {0x01a5184d8721 <SharedFunctionInfo assertInteger>} for inlining with 000001A9B8C69040 {0x03748003c9a1 <FeedbackVector[11]>}
Budget used: 70/920 -- 1 candidate(s) for inlining:
- candidate: JSCall node #84 with frequency 0.995646, has_heapnum_param:0, 1 target(s):
  - target: 000001A9B8C68F78 {0x01a5184d8721 <SharedFunctionInfo assertInteger>}, bytecode size: 47
Inlining 000001A9B8C68F78 {0x01a5184d8721 <SharedFunctionInfo assertInteger>} into 000001A9B8C4D510 {0x01a5184d8601 <SharedFunctionInfo tacticalForcedColumn>}
Considering 000001A9B8C49710 {0x01a5184d8769 <SharedFunctionInfo assertTacticalColumns>} for inlining with 000001A9B8C4A9B8 {0x03748003d669 <FeedbackVector[7]>}
Considering 000001A9B8C49CF8 {0x01a5184d8721 <SharedFunctionInfo assertInteger>} for inlining with 000001A9B8C4AA18 {0x03748003c9a1 <FeedbackVector[11]>}
Considering 000001A9B8C49E00 {0x01a5184d85b9 <SharedFunctionInfo tacticalImmediateColumn>} for inlining with 000001A9B8C4AA88 {0x0262a6eb5fe9 <FeedbackVector[7]>}
Considering 000001A9B8C49E00 {0x01a5184d85b9 <SharedFunctionInfo tacticalImmediateColumn>} for inlining with 000001A9B8C4AA88 {0x0262a6eb5fe9 <FeedbackVector[7]>}
Budget used: 0/920 -- 2 candidate(s) for inlining:
- candidate: JSCall node #26 with frequency 0.999811, has_heapnum_param:0, 1 target(s):
  - target: 000001A9B8C49CF8 {0x01a5184d8721 <SharedFunctionInfo assertInteger>}, bytecode size: 47
- candidate: JSCall node #19 with frequency 0.999811, has_heapnum_param:0, 1 target(s):
  - target: 000001A9B8C49710 {0x01a5184d8769 <SharedFunctionInfo assertTacticalColumns>}, bytecode size: 70, existing opt code's inlined bytecode size: 47
Inlining 000001A9B8C49CF8 {0x01a5184d8721 <SharedFunctionInfo assertInteger>} into 000001A9B8C494F0 {0x01a5184d8649 <SharedFunctionInfo assertTacticalCode>}
Budget used: 47/920 -- 1 candidate(s) for inlining:
- candidate: JSCall node #19 with frequency 0.999811, has_heapnum_param:0, 1 target(s):
  - target: 000001A9B8C49710 {0x01a5184d8769 <SharedFunctionInfo assertTacticalColumns>}, bytecode size: 70, existing opt code's inlined bytecode size: 47
Inlining 000001A9B8C49710 {0x01a5184d8769 <SharedFunctionInfo assertTacticalColumns>} into 000001A9B8C494F0 {0x01a5184d8649 <SharedFunctionInfo assertTacticalCode>}
Considering 000001A9B8C49CF8 {0x01a5184d8721 <SharedFunctionInfo assertInteger>} for inlining with 000001A9B8C4AA18 {0x03748003c9a1 <FeedbackVector[11]>}
Budget used: 117/920 -- 1 candidate(s) for inlining:
- candidate: JSCall node #217 with frequency 0.997425, has_heapnum_param:0, 1 target(s):
  - target: 000001A9B8C49CF8 {0x01a5184d8721 <SharedFunctionInfo assertInteger>}, bytecode size: 47
Inlining 000001A9B8C49CF8 {0x01a5184d8721 <SharedFunctionInfo assertInteger>} into 000001A9B8C494F0 {0x01a5184d8649 <SharedFunctionInfo assertTacticalCode>}
Considering 000001A9B8C4DCD8 {0x01a5184ee729 <SharedFunctionInfo probe>} for inlining with 000001A9F9279100 {0x03748003f2c1 <FeedbackVector[9]>}
Considering 000001A9B8C4DDC0 {0x01a5184ee7b9 <SharedFunctionInfo read>} for inlining with 000001A9F9279530 {0x03748003f339 <FeedbackVector[28]>}
Considering 000001A9B8C4E8E0 {0x0262a6eb5101 <SharedFunctionInfo>} for inlining with 000001A9F9279B38 {0x03748003f721 <FeedbackVector[4]>}
Cannot consider 000001A9B8C4EAC8 {0x01a5184fa0f9 <SharedFunctionInfo tacticalCode>} for inlining (reason: exceeds bytecode limit)
Considering 000001A9B8C6AC28 {0x01a5184d8601 <SharedFunctionInfo tacticalForcedColumn>} for inlining with 000001A9F9279FB8 {0x01c2eb145629 <FeedbackVector[8]>}
Considering 000001A9B8C6AFA8 {0x0262a6eb4081 <SharedFunctionInfo advanceFrontier>} for inlining with 000001A9F927A018 {0x01c2eb1451f1 <FeedbackVector[10]>}
Considering 000001A9B8C69238 {0x01a5184d8649 <SharedFunctionInfo assertTacticalCode>} for inlining with 000001A9F927C528 {0x01c2eb146169 <FeedbackVector[11]>}
Considering 000001A9B8C6ADC8 {0x0262a6eb3fa9 <SharedFunctionInfo transition>} for inlining with 000001A9F927DB18 {0x01c2eb145121 <FeedbackVector[7]>}
Considering 000001A9B8C6AEA0 {0x01a5184e4011 <SharedFunctionInfo requireLegalTransition>} for inlining with 000001A9F927DB78 {0x01c2eb145189 <FeedbackVector[7]>}
Considering 000001A9B8C6AEA0 {0x01a5184e4011 <SharedFunctionInfo requireLegalTransition>} for inlining with 000001A9F927DB78 {0x01c2eb145189 <FeedbackVector[7]>}
Considering 000001A9B8C69330 {0x01a5184d85b9 <SharedFunctionInfo tacticalImmediateColumn>} for inlining with 000001A9F927E7B0 {0x0262a6eb5fe9 <FeedbackVector[7]>}
Considering 000001A9B8C69330 {0x01a5184d85b9 <SharedFunctionInfo tacticalImmediateColumn>} for inlining with 000001A9F927E7B0 {0x0262a6eb5fe9 <FeedbackVector[7]>}
Considering 000001A9B8C693F8 {0x01a5184ee891 <SharedFunctionInfo publishExact>} for inlining with 000001A9F927E810 {0x00f94a248c09 <FeedbackVector[8]>}
Considering 000001A9B8C693F8 {0x01a5184ee891 <SharedFunctionInfo publishExact>} for inlining with 000001A9F927E810 {0x00f94a248c09 <FeedbackVector[8]>}
Cannot consider 000001A9B8C6B188 {0x0262a6eb40c9 <SharedFunctionInfo prepareMoves>} for inlining (reason: exceeds bytecode limit)
Considering 000001A9B8C6B620 {0x01a5184d8499 <SharedFunctionInfo assertWdlValue>} for inlining with 000001A9F98481A0 {0x0374800179b1 <FeedbackVector[7]>}
Considering 000001A9B8C6B620 {0x01a5184d8499 <SharedFunctionInfo assertWdlValue>} for inlining with 000001A9F98481A0 {0x0374800179b1 <FeedbackVector[7]>}
Considering 000001A9B8C6ADC8 {0x0262a6eb3fa9 <SharedFunctionInfo transition>} for inlining with 000001A9F927DB18 {0x01c2eb145121 <FeedbackVector[7]>}
Considering 000001A9B8C6AEA0 {0x01a5184e4011 <SharedFunctionInfo requireLegalTransition>} for inlining with 000001A9F927DB78 {0x01c2eb145189 <FeedbackVector[7]>}
Considering 000001A9B8C6AFA8 {0x0262a6eb4081 <SharedFunctionInfo advanceFrontier>} for inlining with 000001A9F927A018 {0x01c2eb1451f1 <FeedbackVector[10]>}
Cannot consider 000001A9B8C4D520 {0x0262a6eb4159 <SharedFunctionInfo searchNode>} for inlining (reason: exceeds bytecode limit)
Considering 000001A9B8C6D008 {0x0262a6eb4111 <SharedFunctionInfo publishResult>} for inlining with 000001A9F984B038 {0x00f94a25ef69 <FeedbackVector[14]>}
Budget used: 0/920 -- 8 candidate(s) for inlining:
- candidate: JSCall node #217 with frequency 1.02385, has_heapnum_param:0, 1 target(s):
  - target: 000001A9B8C4E8E0 {0x0262a6eb5101 <SharedFunctionInfo>}, bytecode size: 31
- candidate: JSCall node #1196 with frequency 1.01729, has_heapnum_param:0, 1 target(s):
  - target: 000001A9B8C6ADC8 {0x0262a6eb3fa9 <SharedFunctionInfo transition>}, bytecode size: 40
- candidate: JSCall node #1204 with frequency 1.01729, has_heapnum_param:0, 1 target(s):
  - target: 000001A9B8C6AEA0 {0x01a5184e4011 <SharedFunctionInfo requireLegalTransition>}, bytecode size: 72, existing opt code's inlined bytecode size: 78
- candidate: JSCall node #1268 with frequency 1.01729, has_heapnum_param:0, 1 target(s):
  - target: 000001A9B8C6AFA8 {0x0262a6eb4081 <SharedFunctionInfo advanceFrontier>}, bytecode size: 71, existing opt code's inlined bytecode size: 95
- candidate: JSCall node #440 with frequency 1.02166, has_heapnum_param:0, 1 target(s):
  - target: 000001A9B8C69238 {0x01a5184d8649 <SharedFunctionInfo assertTacticalCode>}, bytecode size: 151, existing opt code's inlined bytecode size: 164
- candidate: JSCall node #153 with frequency 1.02385, has_heapnum_param:0, 1 target(s):
  - target: 000001A9B8C4DDC0 {0x01a5184ee7b9 <SharedFunctionInfo read>}, bytecode size: 157, existing opt code's inlined bytecode size: 183
- candidate: JSCall node #139 with frequency 1.02385, has_heapnum_param:0, 1 target(s):
  - target: 000001A9B8C4DCD8 {0x01a5184ee729 <SharedFunctionInfo probe>}, bytecode size: 46, existing opt code's inlined bytecode size: 631
- candidate: JSCall node #802 with frequency 0.171855, has_heapnum_param:0, 1 target(s):
  - target: 000001A9B8C6AC28 {0x01a5184d8601 <SharedFunctionInfo tacticalForcedColumn>}, bytecode size: 45, existing opt code's inlined bytecode size: 117
Inlining 000001A9B8C4E8E0 {0x0262a6eb5101 <SharedFunctionInfo>} into 000001A9B8C4D520 {0x0262a6eb4159 <SharedFunctionInfo searchNode>}
Considering 000001A9F984B2B8 {0x0262a6eac019 <SharedFunctionInfo frontierBoundCode>} for inlining with 000001A9F984B308 {0x03748003f649 <FeedbackVector[6]>}
Considering 000001A9F984B180 {0x01a5184d8691 <SharedFunctionInfo applyFrontierBoundCode>} for inlining with 000001A9F984E368 {0x01c2eb1461f1 <FeedbackVector[38]>}
Budget used: 31/920 -- 9 candidate(s) for inlining:
- candidate: JSCall node #1196 with frequency 1.01729, has_heapnum_param:0, 1 target(s):
  - target: 000001A9B8C6ADC8 {0x0262a6eb3fa9 <SharedFunctionInfo transition>}, bytecode size: 40
- candidate: JSCall node #1204 with frequency 1.01729, has_heapnum_param:0, 1 target(s):
  - target: 000001A9B8C6AEA0 {0x01a5184e4011 <SharedFunctionInfo requireLegalTransition>}, bytecode size: 72, existing opt code's inlined bytecode size: 78
- candidate: JSCall node #1268 with frequency 1.01729, has_heapnum_param:0, 1 target(s):
  - target: 000001A9B8C6AFA8 {0x0262a6eb4081 <SharedFunctionInfo advanceFrontier>}, bytecode size: 71, existing opt code's inlined bytecode size: 95
- candidate: JSCall node #440 with frequency 1.02166, has_heapnum_param:0, 1 target(s):
  - target: 000001A9B8C69238 {0x01a5184d8649 <SharedFunctionInfo assertTacticalCode>}, bytecode size: 151, existing opt code's inlined bytecode size: 164
- candidate: JSCall node #153 with frequency 1.02385, has_heapnum_param:0, 1 target(s):
  - target: 000001A9B8C4DDC0 {0x01a5184ee7b9 <SharedFunctionInfo read>}, bytecode size: 157, existing opt code's inlined bytecode size: 183
- candidate: JSCall node #1697 with frequency 1.02133, has_heapnum_param:0, 1 target(s):
  - target: 000001A9F984B180 {0x01a5184d8691 <SharedFunctionInfo applyFrontierBoundCode>}, bytecode size: 334, existing opt code's inlined bytecode size: 268
- candidate: JSCall node #139 with frequency 1.02385, has_heapnum_param:0, 1 target(s):
  - target: 000001A9B8C4DCD8 {0x01a5184ee729 <SharedFunctionInfo probe>}, bytecode size: 46, existing opt code's inlined bytecode size: 631
- candidate: JSCall node #1692 with frequency 1.02133, has_heapnum_param:0, 1 target(s):
  - target: 000001A9F984B2B8 {0x0262a6eac019 <SharedFunctionInfo frontierBoundCode>}, bytecode size: 31, existing opt code's inlined bytecode size: 799
- candidate: JSCall node #802 with frequency 0.171855, has_heapnum_param:0, 1 target(s):
  - target: 000001A9B8C6AC28 {0x01a5184d8601 <SharedFunctionInfo tacticalForcedColumn>}, bytecode size: 45, existing opt code's inlined bytecode size: 117
Inlining 000001A9B8C6ADC8 {0x0262a6eb3fa9 <SharedFunctionInfo transition>} into 000001A9B8C4D520 {0x0262a6eb4159 <SharedFunctionInfo searchNode>}
Considering 000001A9F94FF4D8 {0x01a5184e40a1 <SharedFunctionInfo checkedTransition>} for inlining with 000001A9F94FFAB8 {0x01c2eb145031 <FeedbackVector[24]>}
Budget used: 71/920 -- 9 candidate(s) for inlining:
- candidate: JSCall node #1204 with frequency 1.01729, has_heapnum_param:0, 1 target(s):
  - target: 000001A9B8C6AEA0 {0x01a5184e4011 <SharedFunctionInfo requireLegalTransition>}, bytecode size: 72, existing opt code's inlined bytecode size: 78
- candidate: JSCall node #1268 with frequency 1.01729, has_heapnum_param:0, 1 target(s):
  - target: 000001A9B8C6AFA8 {0x0262a6eb4081 <SharedFunctionInfo advanceFrontier>}, bytecode size: 71, existing opt code's inlined bytecode size: 95
- candidate: JSCall node #440 with frequency 1.02166, has_heapnum_param:0, 1 target(s):
  - target: 000001A9B8C69238 {0x01a5184d8649 <SharedFunctionInfo assertTacticalCode>}, bytecode size: 151, existing opt code's inlined bytecode size: 164
- candidate: JSCall node #153 with frequency 1.02385, has_heapnum_param:0, 1 target(s):
  - target: 000001A9B8C4DDC0 {0x01a5184ee7b9 <SharedFunctionInfo read>}, bytecode size: 157, existing opt code's inlined bytecode size: 183
- candidate: JSCall node #1697 with frequency 1.02133, has_heapnum_param:0, 1 target(s):
  - target: 000001A9F984B180 {0x01a5184d8691 <SharedFunctionInfo applyFrontierBoundCode>}, bytecode size: 334, existing opt code's inlined bytecode size: 268
- candidate: JSCall node #139 with frequency 1.02385, has_heapnum_param:0, 1 target(s):
  - target: 000001A9B8C4DCD8 {0x01a5184ee729 <SharedFunctionInfo probe>}, bytecode size: 46, existing opt code's inlined bytecode size: 631
- candidate: JSCall node #1692 with frequency 1.02133, has_heapnum_param:0, 1 target(s):
  - target: 000001A9F984B2B8 {0x0262a6eac019 <SharedFunctionInfo frontierBoundCode>}, bytecode size: 31, existing opt code's inlined bytecode size: 799
- candidate: JSCall node #802 with frequency 0.171855, has_heapnum_param:0, 1 target(s):
  - target: 000001A9B8C6AC28 {0x01a5184d8601 <SharedFunctionInfo tacticalForcedColumn>}, bytecode size: 45, existing opt code's inlined bytecode size: 117
- candidate: JSCall node #1752 with frequency 1.01548, has_heapnum_param:0, 1 target(s):
  - target: 000001A9F94FF4D8 {0x01a5184e40a1 <SharedFunctionInfo checkedTransition>}, bytecode size: 165, existing opt code's inlined bytecode size: 844
Inlining 000001A9B8C6AEA0 {0x01a5184e4011 <SharedFunctionInfo requireLegalTransition>} into 000001A9B8C4D520 {0x0262a6eb4159 <SharedFunctionInfo searchNode>}
Considering 000001A9F94FFB48 {0x01a5184e3fc9 <SharedFunctionInfo assertTransitionResult>} for inlining with 000001A9F94FFC00 {0x03748003da59 <FeedbackVector[11]>}
Cannot consider 000001A9B8C4D520 {0x0262a6eb4159 <SharedFunctionInfo searchNode>} for inlining (reason: exceeds bytecode limit)
Budget used: 143/920 -- 9 candidate(s) for inlining:
- candidate: JSCall node #1778 with frequency 1.01487, has_heapnum_param:0, 1 target(s):
  - target: 000001A9F94FFB48 {0x01a5184e3fc9 <SharedFunctionInfo assertTransitionResult>}, bytecode size: 78
- candidate: JSCall node #1268 with frequency 1.01729, has_heapnum_param:0, 1 target(s):
  - target: 000001A9B8C6AFA8 {0x0262a6eb4081 <SharedFunctionInfo advanceFrontier>}, bytecode size: 71, existing opt code's inlined bytecode size: 95
- candidate: JSCall node #440 with frequency 1.02166, has_heapnum_param:0, 1 target(s):
  - target: 000001A9B8C69238 {0x01a5184d8649 <SharedFunctionInfo assertTacticalCode>}, bytecode size: 151, existing opt code's inlined bytecode size: 164
- candidate: JSCall node #153 with frequency 1.02385, has_heapnum_param:0, 1 target(s):
  - target: 000001A9B8C4DDC0 {0x01a5184ee7b9 <SharedFunctionInfo read>}, bytecode size: 157, existing opt code's inlined bytecode size: 183
- candidate: JSCall node #1697 with frequency 1.02133, has_heapnum_param:0, 1 target(s):
  - target: 000001A9F984B180 {0x01a5184d8691 <SharedFunctionInfo applyFrontierBoundCode>}, bytecode size: 334, existing opt code's inlined bytecode size: 268
- candidate: JSCall node #139 with frequency 1.02385, has_heapnum_param:0, 1 target(s):
  - target: 000001A9B8C4DCD8 {0x01a5184ee729 <SharedFunctionInfo probe>}, bytecode size: 46, existing opt code's inlined bytecode size: 631
- candidate: JSCall node #1692 with frequency 1.02133, has_heapnum_param:0, 1 target(s):
  - target: 000001A9F984B2B8 {0x0262a6eac019 <SharedFunctionInfo frontierBoundCode>}, bytecode size: 31, existing opt code's inlined bytecode size: 799
- candidate: JSCall node #802 with frequency 0.171855, has_heapnum_param:0, 1 target(s):
  - target: 000001A9B8C6AC28 {0x01a5184d8601 <SharedFunctionInfo tacticalForcedColumn>}, bytecode size: 45, existing opt code's inlined bytecode size: 117
- candidate: JSCall node #1752 with frequency 1.01548, has_heapnum_param:0, 1 target(s):
  - target: 000001A9F94FF4D8 {0x01a5184e40a1 <SharedFunctionInfo checkedTransition>}, bytecode size: 165, existing opt code's inlined bytecode size: 844
Inlining 000001A9F94FFB48 {0x01a5184e3fc9 <SharedFunctionInfo assertTransitionResult>} into 000001A9B8C4D520 {0x0262a6eb4159 <SharedFunctionInfo searchNode>}
Budget used: 221/920 -- 8 candidate(s) for inlining:
- candidate: JSCall node #1268 with frequency 1.01729, has_heapnum_param:0, 1 target(s):
  - target: 000001A9B8C6AFA8 {0x0262a6eb4081 <SharedFunctionInfo advanceFrontier>}, bytecode size: 71, existing opt code's inlined bytecode size: 95
- candidate: JSCall node #440 with frequency 1.02166, has_heapnum_param:0, 1 target(s):
  - target: 000001A9B8C69238 {0x01a5184d8649 <SharedFunctionInfo assertTacticalCode>}, bytecode size: 151, existing opt code's inlined bytecode size: 164
- candidate: JSCall node #153 with frequency 1.02385, has_heapnum_param:0, 1 target(s):
  - target: 000001A9B8C4DDC0 {0x01a5184ee7b9 <SharedFunctionInfo read>}, bytecode size: 157, existing opt code's inlined bytecode size: 183
- candidate: JSCall node #1697 with frequency 1.02133, has_heapnum_param:0, 1 target(s):
  - target: 000001A9F984B180 {0x01a5184d8691 <SharedFunctionInfo applyFrontierBoundCode>}, bytecode size: 334, existing opt code's inlined bytecode size: 268
- candidate: JSCall node #139 with frequency 1.02385, has_heapnum_param:0, 1 target(s):
  - target: 000001A9B8C4DCD8 {0x01a5184ee729 <SharedFunctionInfo probe>}, bytecode size: 46, existing opt code's inlined bytecode size: 631
- candidate: JSCall node #1692 with frequency 1.02133, has_heapnum_param:0, 1 target(s):
  - target: 000001A9F984B2B8 {0x0262a6eac019 <SharedFunctionInfo frontierBoundCode>}, bytecode size: 31, existing opt code's inlined bytecode size: 799
- candidate: JSCall node #802 with frequency 0.171855, has_heapnum_param:0, 1 target(s):
  - target: 000001A9B8C6AC28 {0x01a5184d8601 <SharedFunctionInfo tacticalForcedColumn>}, bytecode size: 45, existing opt code's inlined bytecode size: 117
- candidate: JSCall node #1752 with frequency 1.01548, has_heapnum_param:0, 1 target(s):
  - target: 000001A9F94FF4D8 {0x01a5184e40a1 <SharedFunctionInfo checkedTransition>}, bytecode size: 165, existing opt code's inlined bytecode size: 844
Inlining 000001A9B8C6AFA8 {0x0262a6eb4081 <SharedFunctionInfo advanceFrontier>} into 000001A9B8C4D520 {0x0262a6eb4159 <SharedFunctionInfo searchNode>}
Considering 000001A9F9500388 {0x0262a6eb4039 <SharedFunctionInfo landingForLegalMove>} for inlining with 000001A9F9500628 {0x027256e955a1 <FeedbackVector[13]>}
Cannot consider 000001A9F9500580 {0x0262a6ea1599 <SharedFunctionInfo advanceInto>} for inlining (reason: exceeds bytecode limit)
Cannot consider 000001A9B8C4D520 {0x0262a6eb4159 <SharedFunctionInfo searchNode>} for inlining (reason: exceeds bytecode limit)
Budget used: 292/920 -- 8 candidate(s) for inlining:
- candidate: JSCall node #1910 with frequency 1.01557, has_heapnum_param:0, 1 target(s):
  - target: 000001A9F9500388 {0x0262a6eb4039 <SharedFunctionInfo landingForLegalMove>}, bytecode size: 95
- candidate: JSCall node #440 with frequency 1.02166, has_heapnum_param:0, 1 target(s):
  - target: 000001A9B8C69238 {0x01a5184d8649 <SharedFunctionInfo assertTacticalCode>}, bytecode size: 151, existing opt code's inlined bytecode size: 164
- candidate: JSCall node #153 with frequency 1.02385, has_heapnum_param:0, 1 target(s):
  - target: 000001A9B8C4DDC0 {0x01a5184ee7b9 <SharedFunctionInfo read>}, bytecode size: 157, existing opt code's inlined bytecode size: 183
- candidate: JSCall node #1697 with frequency 1.02133, has_heapnum_param:0, 1 target(s):
  - target: 000001A9F984B180 {0x01a5184d8691 <SharedFunctionInfo applyFrontierBoundCode>}, bytecode size: 334, existing opt code's inlined bytecode size: 268
- candidate: JSCall node #139 with frequency 1.02385, has_heapnum_param:0, 1 target(s):
  - target: 000001A9B8C4DCD8 {0x01a5184ee729 <SharedFunctionInfo probe>}, bytecode size: 46, existing opt code's inlined bytecode size: 631
- candidate: JSCall node #1692 with frequency 1.02133, has_heapnum_param:0, 1 target(s):
  - target: 000001A9F984B2B8 {0x0262a6eac019 <SharedFunctionInfo frontierBoundCode>}, bytecode size: 31, existing opt code's inlined bytecode size: 799
- candidate: JSCall node #802 with frequency 0.171855, has_heapnum_param:0, 1 target(s):
  - target: 000001A9B8C6AC28 {0x01a5184d8601 <SharedFunctionInfo tacticalForcedColumn>}, bytecode size: 45, existing opt code's inlined bytecode size: 117
- candidate: JSCall node #1752 with frequency 1.01548, has_heapnum_param:0, 1 target(s):
  - target: 000001A9F94FF4D8 {0x01a5184e40a1 <SharedFunctionInfo checkedTransition>}, bytecode size: 165, existing opt code's inlined bytecode size: 844
Inlining 000001A9F9500388 {0x0262a6eb4039 <SharedFunctionInfo landingForLegalMove>} into 000001A9B8C4D520 {0x0262a6eb4159 <SharedFunctionInfo searchNode>}
Considering 000001A9F9500BF8 {0x0262a6eabf89 <SharedFunctionInfo landingCellAt>} for inlining with 000001A9F9500CE8 {0x027256e954b9 <FeedbackVector[23]>}
Cannot consider 000001A9F9500580 {0x0262a6ea1599 <SharedFunctionInfo advanceInto>} for inlining (reason: exceeds bytecode limit)
Budget used: 387/920 -- 8 candidate(s) for inlining:
- candidate: JSCall node #440 with frequency 1.02166, has_heapnum_param:0, 1 target(s):
  - target: 000001A9B8C69238 {0x01a5184d8649 <SharedFunctionInfo assertTacticalCode>}, bytecode size: 151, existing opt code's inlined bytecode size: 164
- candidate: JSCall node #153 with frequency 1.02385, has_heapnum_param:0, 1 target(s):
  - target: 000001A9B8C4DDC0 {0x01a5184ee7b9 <SharedFunctionInfo read>}, bytecode size: 157, existing opt code's inlined bytecode size: 183
- candidate: JSCall node #1697 with frequency 1.02133, has_heapnum_param:0, 1 target(s):
  - target: 000001A9F984B180 {0x01a5184d8691 <SharedFunctionInfo applyFrontierBoundCode>}, bytecode size: 334, existing opt code's inlined bytecode size: 268
- candidate: JSCall node #139 with frequency 1.02385, has_heapnum_param:0, 1 target(s):
  - target: 000001A9B8C4DCD8 {0x01a5184ee729 <SharedFunctionInfo probe>}, bytecode size: 46, existing opt code's inlined bytecode size: 631
- candidate: JSCall node #1988 with frequency 1.01384, has_heapnum_param:0, 1 target(s):
  - target: 000001A9F9500BF8 {0x0262a6eabf89 <SharedFunctionInfo landingCellAt>}, bytecode size: 125, existing opt code's inlined bytecode size: 579
- candidate: JSCall node #1692 with frequency 1.02133, has_heapnum_param:0, 1 target(s):
  - target: 000001A9F984B2B8 {0x0262a6eac019 <SharedFunctionInfo frontierBoundCode>}, bytecode size: 31, existing opt code's inlined bytecode size: 799
- candidate: JSCall node #802 with frequency 0.171855, has_heapnum_param:0, 1 target(s):
  - target: 000001A9B8C6AC28 {0x01a5184d8601 <SharedFunctionInfo tacticalForcedColumn>}, bytecode size: 45, existing opt code's inlined bytecode size: 117
- candidate: JSCall node #1752 with frequency 1.01548, has_heapnum_param:0, 1 target(s):
  - target: 000001A9F94FF4D8 {0x01a5184e40a1 <SharedFunctionInfo checkedTransition>}, bytecode size: 165, existing opt code's inlined bytecode size: 844
Inlining 000001A9B8C69238 {0x01a5184d8649 <SharedFunctionInfo assertTacticalCode>} into 000001A9B8C4D520 {0x0262a6eb4159 <SharedFunctionInfo searchNode>}
Considering 000001A9F9500FA8 {0x01a5184d8769 <SharedFunctionInfo assertTacticalColumns>} for inlining with 000001A9F9501180 {0x03748003d669 <FeedbackVector[7]>}
Considering 000001A9F9501080 {0x01a5184d8721 <SharedFunctionInfo assertInteger>} for inlining with 000001A9F95011E0 {0x03748003c9a1 <FeedbackVector[11]>}
Considering 000001A9B8C69330 {0x01a5184d85b9 <SharedFunctionInfo tacticalImmediateColumn>} for inlining with 000001A9F927E7B0 {0x0262a6eb5fe9 <FeedbackVector[7]>}
Considering 000001A9B8C69330 {0x01a5184d85b9 <SharedFunctionInfo tacticalImmediateColumn>} for inlining with 000001A9F927E7B0 {0x0262a6eb5fe9 <FeedbackVector[7]>}
Budget used: 538/920 -- 9 candidate(s) for inlining:
- candidate: JSCall node #2071 with frequency 1.02147, has_heapnum_param:0, 1 target(s):
  - target: 000001A9F9501080 {0x01a5184d8721 <SharedFunctionInfo assertInteger>}, bytecode size: 47
- candidate: JSCall node #2063 with frequency 1.02147, has_heapnum_param:0, 1 target(s):
  - target: 000001A9F9500FA8 {0x01a5184d8769 <SharedFunctionInfo assertTacticalColumns>}, bytecode size: 70, existing opt code's inlined bytecode size: 47
- candidate: JSCall node #153 with frequency 1.02385, has_heapnum_param:0, 1 target(s):
  - target: 000001A9B8C4DDC0 {0x01a5184ee7b9 <SharedFunctionInfo read>}, bytecode size: 157, existing opt code's inlined bytecode size: 183
- candidate: JSCall node #1697 with frequency 1.02133, has_heapnum_param:0, 1 target(s):
  - target: 000001A9F984B180 {0x01a5184d8691 <SharedFunctionInfo applyFrontierBoundCode>}, bytecode size: 334, existing opt code's inlined bytecode size: 268
- candidate: JSCall node #139 with frequency 1.02385, has_heapnum_param:0, 1 target(s):
  - target: 000001A9B8C4DCD8 {0x01a5184ee729 <SharedFunctionInfo probe>}, bytecode size: 46, existing opt code's inlined bytecode size: 631
- candidate: JSCall node #1988 with frequency 1.01384, has_heapnum_param:0, 1 target(s):
  - target: 000001A9F9500BF8 {0x0262a6eabf89 <SharedFunctionInfo landingCellAt>}, bytecode size: 125, existing opt code's inlined bytecode size: 579
- candidate: JSCall node #1692 with frequency 1.02133, has_heapnum_param:0, 1 target(s):
  - target: 000001A9F984B2B8 {0x0262a6eac019 <SharedFunctionInfo frontierBoundCode>}, bytecode size: 31, existing opt code's inlined bytecode size: 799
- candidate: JSCall node #802 with frequency 0.171855, has_heapnum_param:0, 1 target(s):
  - target: 000001A9B8C6AC28 {0x01a5184d8601 <SharedFunctionInfo tacticalForcedColumn>}, bytecode size: 45, existing opt code's inlined bytecode size: 117
- candidate: JSCall node #1752 with frequency 1.01548, has_heapnum_param:0, 1 target(s):
  - target: 000001A9F94FF4D8 {0x01a5184e40a1 <SharedFunctionInfo checkedTransition>}, bytecode size: 165, existing opt code's inlined bytecode size: 844
Inlining 000001A9F9501080 {0x01a5184d8721 <SharedFunctionInfo assertInteger>} into 000001A9B8C4D520 {0x0262a6eb4159 <SharedFunctionInfo searchNode>}
Budget used: 585/920 -- 8 candidate(s) for inlining:
- candidate: JSCall node #2063 with frequency 1.02147, has_heapnum_param:0, 1 target(s):
  - target: 000001A9F9500FA8 {0x01a5184d8769 <SharedFunctionInfo assertTacticalColumns>}, bytecode size: 70, existing opt code's inlined bytecode size: 47
- candidate: JSCall node #153 with frequency 1.02385, has_heapnum_param:0, 1 target(s):
  - target: 000001A9B8C4DDC0 {0x01a5184ee7b9 <SharedFunctionInfo read>}, bytecode size: 157, existing opt code's inlined bytecode size: 183
- candidate: JSCall node #1697 with frequency 1.02133, has_heapnum_param:0, 1 target(s):
  - target: 000001A9F984B180 {0x01a5184d8691 <SharedFunctionInfo applyFrontierBoundCode>}, bytecode size: 334, existing opt code's inlined bytecode size: 268
- candidate: JSCall node #139 with frequency 1.02385, has_heapnum_param:0, 1 target(s):
  - target: 000001A9B8C4DCD8 {0x01a5184ee729 <SharedFunctionInfo probe>}, bytecode size: 46, existing opt code's inlined bytecode size: 631
- candidate: JSCall node #1988 with frequency 1.01384, has_heapnum_param:0, 1 target(s):
  - target: 000001A9F9500BF8 {0x0262a6eabf89 <SharedFunctionInfo landingCellAt>}, bytecode size: 125, existing opt code's inlined bytecode size: 579
- candidate: JSCall node #1692 with frequency 1.02133, has_heapnum_param:0, 1 target(s):
  - target: 000001A9F984B2B8 {0x0262a6eac019 <SharedFunctionInfo frontierBoundCode>}, bytecode size: 31, existing opt code's inlined bytecode size: 799
- candidate: JSCall node #802 with frequency 0.171855, has_heapnum_param:0, 1 target(s):
  - target: 000001A9B8C6AC28 {0x01a5184d8601 <SharedFunctionInfo tacticalForcedColumn>}, bytecode size: 45, existing opt code's inlined bytecode size: 117
- candidate: JSCall node #1752 with frequency 1.01548, has_heapnum_param:0, 1 target(s):
  - target: 000001A9F94FF4D8 {0x01a5184e40a1 <SharedFunctionInfo checkedTransition>}, bytecode size: 165, existing opt code's inlined bytecode size: 844
Inlining 000001A9F9500FA8 {0x01a5184d8769 <SharedFunctionInfo assertTacticalColumns>} into 000001A9B8C4D520 {0x0262a6eb4159 <SharedFunctionInfo searchNode>}
Considering 000001A9F9501080 {0x01a5184d8721 <SharedFunctionInfo assertInteger>} for inlining with 000001A9F95011E0 {0x03748003c9a1 <FeedbackVector[11]>}
Budget used: 655/920 -- 8 candidate(s) for inlining:
- candidate: JSCall node #2252 with frequency 1.01903, has_heapnum_param:0, 1 target(s):
  - target: 000001A9F9501080 {0x01a5184d8721 <SharedFunctionInfo assertInteger>}, bytecode size: 47
- candidate: JSCall node #153 with frequency 1.02385, has_heapnum_param:0, 1 target(s):
  - target: 000001A9B8C4DDC0 {0x01a5184ee7b9 <SharedFunctionInfo read>}, bytecode size: 157, existing opt code's inlined bytecode size: 183
- candidate: JSCall node #1697 with frequency 1.02133, has_heapnum_param:0, 1 target(s):
  - target: 000001A9F984B180 {0x01a5184d8691 <SharedFunctionInfo applyFrontierBoundCode>}, bytecode size: 334, existing opt code's inlined bytecode size: 268
- candidate: JSCall node #139 with frequency 1.02385, has_heapnum_param:0, 1 target(s):
  - target: 000001A9B8C4DCD8 {0x01a5184ee729 <SharedFunctionInfo probe>}, bytecode size: 46, existing opt code's inlined bytecode size: 631
- candidate: JSCall node #1988 with frequency 1.01384, has_heapnum_param:0, 1 target(s):
  - target: 000001A9F9500BF8 {0x0262a6eabf89 <SharedFunctionInfo landingCellAt>}, bytecode size: 125, existing opt code's inlined bytecode size: 579
- candidate: JSCall node #1692 with frequency 1.02133, has_heapnum_param:0, 1 target(s):
  - target: 000001A9F984B2B8 {0x0262a6eac019 <SharedFunctionInfo frontierBoundCode>}, bytecode size: 31, existing opt code's inlined bytecode size: 799
- candidate: JSCall node #802 with frequency 0.171855, has_heapnum_param:0, 1 target(s):
  - target: 000001A9B8C6AC28 {0x01a5184d8601 <SharedFunctionInfo tacticalForcedColumn>}, bytecode size: 45, existing opt code's inlined bytecode size: 117
- candidate: JSCall node #1752 with frequency 1.01548, has_heapnum_param:0, 1 target(s):
  - target: 000001A9F94FF4D8 {0x01a5184e40a1 <SharedFunctionInfo checkedTransition>}, bytecode size: 165, existing opt code's inlined bytecode size: 844
Inlining 000001A9F9501080 {0x01a5184d8721 <SharedFunctionInfo assertInteger>} into 000001A9B8C4D520 {0x0262a6eb4159 <SharedFunctionInfo searchNode>}
Budget used: 702/920 -- 7 candidate(s) for inlining:
- candidate: JSCall node #153 with frequency 1.02385, has_heapnum_param:0, 1 target(s):
  - target: 000001A9B8C4DDC0 {0x01a5184ee7b9 <SharedFunctionInfo read>}, bytecode size: 157, existing opt code's inlined bytecode size: 183
- candidate: JSCall node #1697 with frequency 1.02133, has_heapnum_param:0, 1 target(s):
  - target: 000001A9F984B180 {0x01a5184d8691 <SharedFunctionInfo applyFrontierBoundCode>}, bytecode size: 334, existing opt code's inlined bytecode size: 268
- candidate: JSCall node #139 with frequency 1.02385, has_heapnum_param:0, 1 target(s):
  - target: 000001A9B8C4DCD8 {0x01a5184ee729 <SharedFunctionInfo probe>}, bytecode size: 46, existing opt code's inlined bytecode size: 631
- candidate: JSCall node #1988 with frequency 1.01384, has_heapnum_param:0, 1 target(s):
  - target: 000001A9F9500BF8 {0x0262a6eabf89 <SharedFunctionInfo landingCellAt>}, bytecode size: 125, existing opt code's inlined bytecode size: 579
- candidate: JSCall node #1692 with frequency 1.02133, has_heapnum_param:0, 1 target(s):
  - target: 000001A9F984B2B8 {0x0262a6eac019 <SharedFunctionInfo frontierBoundCode>}, bytecode size: 31, existing opt code's inlined bytecode size: 799
- candidate: JSCall node #802 with frequency 0.171855, has_heapnum_param:0, 1 target(s):
  - target: 000001A9B8C6AC28 {0x01a5184d8601 <SharedFunctionInfo tacticalForcedColumn>}, bytecode size: 45, existing opt code's inlined bytecode size: 117
- candidate: JSCall node #1752 with frequency 1.01548, has_heapnum_param:0, 1 target(s):
  - target: 000001A9F94FF4D8 {0x01a5184e40a1 <SharedFunctionInfo checkedTransition>}, bytecode size: 165, existing opt code's inlined bytecode size: 844
Inlining 000001A9B8C6AC28 {0x01a5184d8601 <SharedFunctionInfo tacticalForcedColumn>} into 000001A9B8C4D520 {0x0262a6eb4159 <SharedFunctionInfo searchNode>}
Considering 000001A9F9500FA8 {0x01a5184d8769 <SharedFunctionInfo assertTacticalColumns>} for inlining with 000001A9F9501180 {0x03748003d669 <FeedbackVector[7]>}
Considering 000001A9B8C6AFA8 {0x0262a6eb4081 <SharedFunctionInfo advanceFrontier>} for inlining with 000001A9F927A018 {0x01c2eb1451f1 <FeedbackVector[10]>}
Considering 000001A9B8C6ADC8 {0x0262a6eb3fa9 <SharedFunctionInfo transition>} for inlining with 000001A9F927DB18 {0x01c2eb145121 <FeedbackVector[7]>}
Considering 000001A9B8C6AEA0 {0x01a5184e4011 <SharedFunctionInfo requireLegalTransition>} for inlining with 000001A9F927DB78 {0x01c2eb145189 <FeedbackVector[7]>}
Budget used: 747/920 -- 2 candidate(s) for inlining:
- candidate: JSCall node #2362 with frequency 0.171516, has_heapnum_param:0, 1 target(s):
  - target: 000001A9F9500FA8 {0x01a5184d8769 <SharedFunctionInfo assertTacticalColumns>}, bytecode size: 70, existing opt code's inlined bytecode size: 47
- candidate: JSCall node #1752 with frequency 1.01548, has_heapnum_param:0, 1 target(s):
  - target: 000001A9F94FF4D8 {0x01a5184e40a1 <SharedFunctionInfo checkedTransition>}, bytecode size: 165, existing opt code's inlined bytecode size: 844
Inlining 000001A9F9500FA8 {0x01a5184d8769 <SharedFunctionInfo assertTacticalColumns>} into 000001A9B8C4D520 {0x0262a6eb4159 <SharedFunctionInfo searchNode>}
Considering 000001A9F9501080 {0x01a5184d8721 <SharedFunctionInfo assertInteger>} for inlining with 000001A9F95011E0 {0x03748003c9a1 <FeedbackVector[11]>}
Budget used: 817/920 -- 2 candidate(s) for inlining:
- candidate: JSCall node #2416 with frequency 0.171107, has_heapnum_param:0, 1 target(s):
  - target: 000001A9F9501080 {0x01a5184d8721 <SharedFunctionInfo assertInteger>}, bytecode size: 47
- candidate: JSCall node #1752 with frequency 1.01548, has_heapnum_param:0, 1 target(s):
  - target: 000001A9F94FF4D8 {0x01a5184e40a1 <SharedFunctionInfo checkedTransition>}, bytecode size: 165, existing opt code's inlined bytecode size: 844
Inlining 000001A9F9501080 {0x01a5184d8721 <SharedFunctionInfo assertInteger>} into 000001A9B8C4D520 {0x0262a6eb4159 <SharedFunctionInfo searchNode>}
Budget used: 864/920 -- 1 candidate(s) for inlining:
- candidate: JSCall node #1752 with frequency 1.01548, has_heapnum_param:0, 1 target(s):
  - target: 000001A9F94FF4D8 {0x01a5184e40a1 <SharedFunctionInfo checkedTransition>}, bytecode size: 165, existing opt code's inlined bytecode size: 844
Considering 000001A9B8C49720 {0x01a5184d86d9 <SharedFunctionInfo assertProofReadTarget>} for inlining with 000001A9B8C4AAF8 {0x03748003f6a9 <FeedbackVector[9]>}
Considering 000001A9B8C49D08 {0x01a5184d8721 <SharedFunctionInfo assertInteger>} for inlining with 000001A9B8C4AB58 {0x03748003c9a1 <FeedbackVector[11]>}
Considering 000001A9B8C49DE0 {0x01a5184d84e1 <SharedFunctionInfo assertWdlInterval>} for inlining with 000001A9B8C4ABB8 {0x03748003d581 <FeedbackVector[19]>}
Budget used: 0/920 -- 3 candidate(s) for inlining:
- candidate: JSCall node #22 with frequency 0.999804, has_heapnum_param:0, 1 target(s):
  - target: 000001A9B8C49720 {0x01a5184d86d9 <SharedFunctionInfo assertProofReadTarget>}, bytecode size: 38
- candidate: JSCall node #29 with frequency 0.999804, has_heapnum_param:0, 1 target(s):
  - target: 000001A9B8C49D08 {0x01a5184d8721 <SharedFunctionInfo assertInteger>}, bytecode size: 47
- candidate: JSCall node #37 with frequency 0.999804, has_heapnum_param:0, 1 target(s):
  - target: 000001A9B8C49DE0 {0x01a5184d84e1 <SharedFunctionInfo assertWdlInterval>}, bytecode size: 183
Inlining 000001A9B8C49720 {0x01a5184d86d9 <SharedFunctionInfo assertProofReadTarget>} into 000001A9B8C49500 {0x01a5184d8691 <SharedFunctionInfo applyFrontierBoundCode>}
Budget used: 38/920 -- 2 candidate(s) for inlining:
- candidate: JSCall node #29 with frequency 0.999804, has_heapnum_param:0, 1 target(s):
  - target: 000001A9B8C49D08 {0x01a5184d8721 <SharedFunctionInfo assertInteger>}, bytecode size: 47
- candidate: JSCall node #37 with frequency 0.999804, has_heapnum_param:0, 1 target(s):
  - target: 000001A9B8C49DE0 {0x01a5184d84e1 <SharedFunctionInfo assertWdlInterval>}, bytecode size: 183
Inlining 000001A9B8C49D08 {0x01a5184d8721 <SharedFunctionInfo assertInteger>} into 000001A9B8C49500 {0x01a5184d8691 <SharedFunctionInfo applyFrontierBoundCode>}
Budget used: 85/920 -- 1 candidate(s) for inlining:
- candidate: JSCall node #37 with frequency 0.999804, has_heapnum_param:0, 1 target(s):
  - target: 000001A9B8C49DE0 {0x01a5184d84e1 <SharedFunctionInfo assertWdlInterval>}, bytecode size: 183
Inlining 000001A9B8C49DE0 {0x01a5184d84e1 <SharedFunctionInfo assertWdlInterval>} into 000001A9B8C49500 {0x01a5184d8691 <SharedFunctionInfo applyFrontierBoundCode>}
Considering 000001A9B8C4CA48 {0x0262a6eb0311 <SharedFunctionInfo chunkNext>} for inlining with 000001A9F9460A08 {0x0232f801ea79 <FeedbackVector[22]>}
Considering 000001A9B8C4BC88 {0x0262a6eb03a1 <SharedFunctionInfo chunkCapacity>} for inlining with 000001A9F9460A88 {0x0232f80121d1 <FeedbackVector[17]>}
Budget used: 0/920 -- 2 candidate(s) for inlining:
- candidate: JSCall node #69 with frequency 0.971429, has_heapnum_param:0, 1 target(s):
  - target: 000001A9B8C4BC88 {0x0262a6eb03a1 <SharedFunctionInfo chunkCapacity>}, bytecode size: 90
- candidate: JSCall node #201 with frequency 1, has_heapnum_param:0, 1 target(s):
  - target: 000001A9B8C4CA48 {0x0262a6eb0311 <SharedFunctionInfo chunkNext>}, bytecode size: 108
Inlining 000001A9B8C4BC88 {0x0262a6eb03a1 <SharedFunctionInfo chunkCapacity>} into 000001A9B8C4B508 {0x0262a6eb0599 <SharedFunctionInfo writeDescriptorTerms>}
Budget used: 90/920 -- 1 candidate(s) for inlining:
- candidate: JSCall node #201 with frequency 1, has_heapnum_param:0, 1 target(s):
  - target: 000001A9B8C4CA48 {0x0262a6eb0311 <SharedFunctionInfo chunkNext>}, bytecode size: 108
Inlining 000001A9B8C4CA48 {0x0262a6eb0311 <SharedFunctionInfo chunkNext>} into 000001A9B8C4B508 {0x0262a6eb0599 <SharedFunctionInfo writeDescriptorTerms>}
Considering 000001A9B8C4F750 {0x01a5184d8721 <SharedFunctionInfo assertInteger>} for inlining with 000001A9B8C4FE38 {0x03748003c9a1 <FeedbackVector[11]>}
Budget used: 0/920 -- 1 candidate(s) for inlining:
- candidate: JSCall node #27 with frequency 0.997625, has_heapnum_param:0, 1 target(s):
  - target: 000001A9B8C4F750 {0x01a5184d8721 <SharedFunctionInfo assertInteger>}, bytecode size: 47
Inlining 000001A9B8C4F750 {0x01a5184d8721 <SharedFunctionInfo assertInteger>} into 000001A9B8C4F520 {0x01a5184d8499 <SharedFunctionInfo assertWdlValue>}
Considering 000001A9B8C4D728 {0x0262a6eb1c99 <SharedFunctionInfo decode>} for inlining with 000001A9B8C4EA08 {0x0232f803d399 <FeedbackVector[17]>}
Cannot consider 000001A9B8C4DDC0 {0x02a17bc491e1 <FeedbackCell[many closures]>} for inlining (no feedback vector)
Cannot consider 000001A9B8C4DDC0 {0x02a17bc491e1 <FeedbackCell[many closures]>} for inlining (no feedback vector)
Cannot consider 000001A9B8C4DDC0 {0x02a17bc491e1 <FeedbackCell[many closures]>} for inlining (no feedback vector)
Budget used: 0/920 -- 1 candidate(s) for inlining:
- candidate: JSCall node #18 with frequency 0.998031, has_heapnum_param:0, 1 target(s):
  - target: 000001A9B8C4D728 {0x0262a6eb1c99 <SharedFunctionInfo decode>}, bytecode size: 86
{"kind":"normal-frontier-negamax-bounded-search","node":"v26.7.0","domain":{"columns":7,"rows":6,"connect":4},"config":{"domain":{"columns":7,"rows":6,"connect":4},"depth":8,"timeoutMs":60000,"reservationBudgetBytes":2147483648},"reservation":{"kind":"board-depth-bounded-reservation-v1","domain":{"columns":7,"rows":6,"connect":4},"depth":8,"budgetBytes":2147483648,"positionUpperBound":"291271","fullBoundCovered":true,"limitingResource":"board-depth-bound","searchStorage":{"states":524288,"classes":1048576,"chunksPerSlot":1048576},"arena":{"entryCapacity":262144,"termCapacity":144703488},"kernelBytes":239673095,"descriptorBytes":12780770,"arenaBytes":297795612,"estimatedBytes":550249477,"budgetScope":"retained kernel, descriptor metadata/scratch and shared arena; excludes V8 heap, transient growth copies and shared-view scratch"},"result":{"status":"depth-limited","value":null,"requestedDepth":8,"maxReachedDepth":8,"horizonLeaves":4014763},"setupMs":62.31679999999999,"searchMs":1798.2813,"cpuMs":1906,"search":{"search":{"calls":4777115,"expanded":672690,"ttExactReturns":10058,"ttBoundReturns":0,"domainBoundCuts":0,"ttMoveOrderHits":0,"cutoffs":2424,"firstMoveCutoffs":62,"tacticalExact":1859,"forcedNodes":77745,"forcedMacroChains":6054,"forcedMacroTransitions":77745,"frontierBoundCuts":0,"frontierOrderedNodes":672690,"etcProbes":0,"etcCutoffs":0,"thresholdPasses":0,"transitionsRequested":4777114,"proofProbeMisses":4767057,"proofAdmissions":4283},"identity":{"ttProbes":4777115,"ttEnsures":4283,"ttReprobes":0,"proofHandleRefreshes":0,"proofReadRetries":0,"publicationRetries":0},"semanticTt":{"probes":4777115,"probeMisses":4767057,"ensures":4283,"hits":10058,"inserts":4283,"replacements":0,"poisonedInstalls":0,"nonExactVictims":0,"exactVictims":0,"descriptorCompares":10058,"hashCollisions":0,"bucketLockWaits":0,"proofWriterWaits":0,"termIdsPublished":397049,"termIdsAllocated":397049,"termArenaWordsAllocated":409898,"termChunkAllocations":4283,"termSpanReuses":0,"termSpanGrows":0,"maxBucketScan":5,"entries":4283,"replacementsShared":0,"termSpanReusesShared":0,"termSpanGrowsShared":0,"termChunkCountShared":4283,"termIdsUsed":397049,"termArenaWordsUsed":409898,"termHeaderWordsUsed":12849,"entryCapacity":262144,"associativity":8,"bucketCount":32768,"generationLimit":4294967295,"termCapacity":144703488},"proofStore":{"reads":10058,"publications":4283,"retries":0,"staleReads":0,"stalePublications":0,"waits":0},"descriptorCache":{"classBuilds":305713,"classHits":9257083,"stateBuilds":4781398,"stateHashBuilds":221398,"stateHashReuses":4560000,"stateHashCapacity":524288,"stateMetadataBytes":4259840,"transientStateDescriptorUses":4781398,"stateDescriptorObjectsAllocated":0,"classDescriptorObjectsAllocated":0,"termArrayMaterializations":0,"termIdsMaterialized":0,"directTermWrites":334395,"directTermIdsWritten":15212407,"termIdsCached":0,"termArrayObjectsCached":0,"classDescriptorObjectsCached":0,"classMetadataBytes":8519680,"scratchBytes":1250,"scratchCapacity":625,"termArenaBytes":0,"retainedTypedBytes":12779520,"classCapacity":1048576,"termCapacity":0},"localStates":221398,"localClasses":305714},"memory":{"state":{"stateCount":221398,"stateCapacity":524288,"stateArrayBytes":4194304,"identityWords":2,"supportBits":20,"classBits":20,"edgeCacheBytes":14680064,"hashSlotBytes":4194304,"totalTypedBytes":23068672},"residual":{"classCount":305714,"termVocabularyCount":625,"termWordCount":20,"residualTerms":null,"vocabularyBytes":107638,"classTupleBytes":41943040,"classTermCountBytes":2097152,"classReferenceWidths":[4,4,4,4,4,4,4,4,4,4],"classMetadataBytes":56623104,"transitionCacheKind":"dense-prefix","transitionPrefixClasses":4096,"transitionCacheBytes":1376256,"classHashSlotBytes":8388608,"chunkCounts":[227,199,432,158,52,4442,12239,2503,8423,132068],"chunkPayloadBytes":83886080,"chunkHashSlotBytes":20971520,"chunkCollisionLinkBytes":41943040,"chunkDictionaryBytes":146800640,"slotDictionaries":[{"slot":0,"chunkCount":227,"chunkCapacity":1048576,"payloadBytes":8388608,"hashSlotBytes":2097152,"collisionLinkBytes":4194304,"totalTypedBytes":14680064},{"slot":1,"chunkCount":199,"chunkCapacity":1048576,"payloadBytes":8388608,"hashSlotBytes":2097152,"collisionLinkBytes":4194304,"totalTypedBytes":14680064},{"slot":2,"chunkCount":432,"chunkCapacity":1048576,"payloadBytes":8388608,"hashSlotBytes":2097152,"collisionLinkBytes":4194304,"totalTypedBytes":14680064},{"slot":3,"chunkCount":158,"chunkCapacity":1048576,"payloadBytes":8388608,"hashSlotBytes":2097152,"collisionLinkBytes":4194304,"totalTypedBytes":14680064},{"slot":4,"chunkCount":52,"chunkCapacity":1048576,"payloadBytes":8388608,"hashSlotBytes":2097152,"collisionLinkBytes":4194304,"totalTypedBytes":14680064},{"slot":5,"chunkCount":4442,"chunkCapacity":1048576,"payloadBytes":8388608,"hashSlotBytes":2097152,"collisionLinkBytes":4194304,"totalTypedBytes":14680064},{"slot":6,"chunkCount":12239,"chunkCapacity":1048576,"payloadBytes":8388608,"hashSlotBytes":2097152,"collisionLinkBytes":4194304,"totalTypedBytes":14680064},{"slot":7,"chunkCount":2503,"chunkCapacity":1048576,"payloadBytes":8388608,"hashSlotBytes":2097152,"collisionLinkBytes":4194304,"totalTypedBytes":14680064},{"slot":8,"chunkCount":8423,"chunkCapacity":1048576,"payloadBytes":8388608,"hashSlotBytes":2097152,"collisionLinkBytes":4194304,"totalTypedBytes":14680064},{"slot":9,"chunkCount":132068,"chunkCapacity":1048576,"payloadBytes":8388608,"hashSlotBytes":2097152,"collisionLinkBytes":4194304,"totalTypedBytes":14680064}],"normalizationLayout":"sparse-superset-word-rows","strictSupersetEntries":1466,"maskBytes":13274,"scratchBytes":280,"totalTypedBytes":213309800},"localProof":{"capacity":0,"retainedTypedBytes":0,"bytesPerAdmittedState":0},"supportLayout":"packed","supportBytes":3294207,"bitBytes":336,"totalTypedBytes":239673095,"responseClosureBytes":80},"storageDuringSearch":{"before":{"prepared":true,"statePayloadGrows":1,"stateHashGrows":1,"residualPayloadGrows":1,"residualHashGrows":1,"referenceWidens":10,"chunkPayloadGrows":10,"chunkHashGrows":10},"after":{"prepared":true,"statePayloadGrows":1,"stateHashGrows":1,"residualPayloadGrows":1,"residualHashGrows":1,"referenceWidens":10,"chunkPayloadGrows":10,"chunkHashGrows":10}},"operations":{"transitions":{"edgeCacheHits":4355811,"edgeCacheMisses":421303,"terminalEdges":0,"illegalEdges":0},"states":{"internLookups":421304,"internHits":199906,"internMisses":221398,"hashGrows":1,"stateGrows":1},"residual":{"internLookups":842426,"internHits":536712,"internMisses":305714,"ownTransitionHits":0,"ownTransitionMisses":421303,"blockTransitionHits":0,"blockTransitionMisses":421303,"ownNoop":50,"blockNoop":132,"ownTerminal":0,"reducedTerms":1459869,"supersetWordProbes":2884380,"supersetWordClears":2884380,"classGrows":1,"hashGrows":1,"slotReferenceWidens":10,"parentChunkReuses":5549664,"chunkInterns":2874596,"outOfPrefixOwn":417793,"outOfPrefixBlock":417666,"cachedStores":7147,"termCountReads":9591478,"termWrites":334395},"chunks":[{"lookups":136742,"hits":136515,"misses":227,"payloadGrows":1,"hashGrows":1},{"lookups":68822,"hits":68623,"misses":199,"payloadGrows":1,"hashGrows":1},{"lookups":143467,"hits":143035,"misses":432,"payloadGrows":1,"hashGrows":1},{"lookups":55127,"hits":54969,"misses":158,"payloadGrows":1,"hashGrows":1},{"lookups":17859,"hits":17807,"misses":52,"payloadGrows":1,"hashGrows":1},{"lookups":375571,"hits":371129,"misses":4442,"payloadGrows":1,"hashGrows":1},{"lookups":502892,"hits":490653,"misses":12239,"payloadGrows":1,"hashGrows":1},{"lookups":244867,"hits":242364,"misses":2503,"payloadGrows":1,"hashGrows":1},{"lookups":578370,"hits":569947,"misses":8423,"payloadGrows":1,"hashGrows":1},{"lookups":750879,"hits":618811,"misses":132068,"payloadGrows":1,"hashGrows":1}]},"processMemory":{"rss":214605824,"heapTotal":13242368,"heapUsed":8536376,"external":255086103,"arrayBuffers":550521422}}
Inlining 000001A9B8C4D728 {0x0262a6eb1c99 <SharedFunctionInfo decode>} into 000001A9B8C4D508 {0x0262a6eb1ce1 <SharedFunctionInfo isCurrent>}
